{"type":"FeatureCollection","features":[{"type":"Feature","id":0,"geometry":{"type":"Polygon","coordinates":[[[118.11097004126029,-8.4416721343197825],[118.12005283070799,-8.4416462829860919],[118.12002677626066,-8.4326026644061987],[118.11094419798866,-8.4326284876567144],[118.11097004126029,-8.4416721343197825]]]},"properties":{"FID":0,"Grid_ID":"1","Nilai":0}},{"type":"Feature","id":1,"geometry":{"type":"Polygon","coordinates":[[[118.12005283070799,-8.4416462829860919],[118.12913559121687,-8.4416202212702505],[118.12910932559711,-8.4325766310020729],[118.12002677626066,-8.4326026644061987],[118.12005283070799,-8.4416462829860919]]]},"properties":{"FID":1,"Grid_ID":"2","Nilai":0}},{"type":"Feature","id":2,"geometry":{"type":"Polygon","coordinates":[[[118.12913559121687,-8.4416202212702505],[118.13821832255232,-8.4415939491755054],[118.13819184576352,-8.4325503874475825],[118.12910932559711,-8.4325766310020729],[118.12913559121687,-8.4416202212702505]]]},"properties":{"FID":2,"Grid_ID":"3","Nilai":0}},{"type":"Feature","id":3,"geometry":{"type":"Polygon","coordinates":[[[118.10186159101565,-8.4326541007503995],[118.11094419798866,-8.4326284876567144],[118.11091838341808,-8.4235848367559054],[118.10183598738949,-8.4236104219962016],[118.10186159101565,-8.4326541007503995]]]},"properties":{"FID":3,"Grid_ID":"4","Nilai":1}},{"type":"Feature","id":4,"geometry":{"type":"Polygon","coordinates":[[[118.11094419798866,-8.4326284876567144],[118.12002677626066,-8.4326026644061987],[118.1200007507489,-8.4235590415873158],[118.11091838341808,-8.4235848367559054],[118.11094419798866,-8.4326284876567144]]]},"properties":{"FID":4,"Grid_ID":"5","Nilai":1}},{"type":"Feature","id":5,"geometry":{"type":"Polygon","coordinates":[[[118.12002677626066,-8.4326026644061987],[118.12910932559711,-8.4325766310020729],[118.12908308914746,-8.4235330364936427],[118.1200007507489,-8.4235590415873158],[118.12002677626066,-8.4326026644061987]]]},"properties":{"FID":5,"Grid_ID":"6","Nilai":1}},{"type":"Feature","id":6,"geometry":{"type":"Polygon","coordinates":[[[118.12910932559711,-8.4325766310020729],[118.13819184576352,-8.4325503874475825],[118.13816539837926,-8.4235068214781368],[118.12908308914746,-8.4235330364936427],[118.12910932559711,-8.4325766310020729]]]},"properties":{"FID":6,"Grid_ID":"7","Nilai":0}},{"type":"Feature","id":7,"geometry":{"type":"Polygon","coordinates":[[[118.08367111017701,-8.4236609626791736],[118.09275356289763,-8.4236357973050104],[118.09272819844792,-8.4145920866951123],[118.08364595644368,-8.4146172246741848],[118.08367111017701,-8.4236609626791736]]]},"properties":{"FID":7,"Grid_ID":"8","Nilai":0}},{"type":"Feature","id":8,"geometry":{"type":"Polygon","coordinates":[[[118.09275356289763,-8.4236357973050104],[118.10183598738949,-8.4236104219962016],[118.10181041222658,-8.4145667390099241],[118.09272819844792,-8.4145920866951123],[118.09275356289763,-8.4236357973050104]]]},"properties":{"FID":8,"Grid_ID":"9","Nilai":1}},{"type":"Feature","id":9,"geometry":{"type":"Polygon","coordinates":[[[118.10183598738949,-8.4236104219962016],[118.11091838341808,-8.4235848367559054],[118.11089259754526,-8.414541181621777],[118.10181041222658,-8.4145667390099241],[118.10183598738949,-8.4236104219962016]]]},"properties":{"FID":9,"Grid_ID":"10","Nilai":1}},{"type":"Feature","id":10,"geometry":{"type":"Polygon","coordinates":[[[118.11091838341808,-8.4235848367559054],[118.1200007507489,-8.4235590415873158],[118.11997475416939,-8.4145154145338594],[118.11089259754526,-8.414541181621777],[118.11091838341808,-8.4235848367559054]]]},"properties":{"FID":10,"Grid_ID":"11","Nilai":1}},{"type":"Feature","id":11,"geometry":{"type":"Polygon","coordinates":[[[118.1200007507489,-8.4235590415873158],[118.12908308914746,-8.4235330364936427],[118.12905688186454,-8.4144894377493866],[118.11997475416939,-8.4145154145338594],[118.1200007507489,-8.4235590415873158]]]},"properties":{"FID":11,"Grid_ID":"12","Nilai":1}},{"type":"Feature","id":12,"geometry":{"type":"Polygon","coordinates":[[[118.12908308914746,-8.4235330364936427],[118.13816539837926,-8.4235068214781368],[118.13813898039625,-8.4144632512715916],[118.12905688186454,-8.4144894377493866],[118.12908308914746,-8.4235330364936427]]]},"properties":{"FID":12,"Grid_ID":"13","Nilai":1}},{"type":"Feature","id":13,"geometry":{"type":"Polygon","coordinates":[[[118.02006949179471,-8.4147873184964563],[118.02915192481234,-8.4147636485464936],[118.0291280620272,-8.4057197467522027],[118.02004583951317,-8.4057433909080448],[118.02006949179471,-8.4147873184964563]]]},"properties":{"FID":13,"Grid_ID":"14","Nilai":0}},{"type":"Feature","id":14,"geometry":{"type":"Polygon","coordinates":[[[118.02915192481234,-8.4147636485464936],[118.03823433124582,-8.4147397688690226],[118.03821025796015,-8.4056958930974002],[118.0291280620272,-8.4057197467522027],[118.02915192481234,-8.4147636485464936]]]},"properties":{"FID":14,"Grid_ID":"15","Nilai":0}},{"type":"Feature","id":15,"geometry":{"type":"Polygon","coordinates":[[[118.03823433124582,-8.4147397688690226],[118.04731671086064,-8.4147156794670224],[118.04729242707747,-8.4056718299466109],[118.03821025796015,-8.4056958930974002],[118.03823433124582,-8.4147397688690226]]]},"properties":{"FID":15,"Grid_ID":"16","Nilai":0}},{"type":"Feature","id":16,"geometry":{"type":"Polygon","coordinates":[[[118.04731671086064,-8.4147156794670224],[118.05639906342232,-8.4146913803434931],[118.05637456914471,-8.4056475573028333],[118.04729242707747,-8.4056718299466109],[118.04731671086064,-8.4147156794670224]]]},"properties":{"FID":16,"Grid_ID":"17","Nilai":0}},{"type":"Feature","id":17,"geometry":{"type":"Polygon","coordinates":[[[118.06548138869638,-8.4146668715014705],[118.07456368644834,-8.4146421529440083],[118.07453877119117,-8.4055983835484511],[118.06545668392745,-8.4056230751690979],[118.06548138869638,-8.4146668715014705]]]},"properties":{"FID":17,"Grid_ID":"18","Nilai":0}},{"type":"Feature","id":18,"geometry":{"type":"Polygon","coordinates":[[[118.07456368644834,-8.4146421529440083],[118.08364595644368,-8.4146172246741848],[118.08362083070142,-8.405573482443975],[118.07453877119117,-8.4055983835484511],[118.07456368644834,-8.4146421529440083]]]},"properties":{"FID":18,"Grid_ID":"19","Nilai":1}},{"type":"Feature","id":19,"geometry":{"type":"Polygon","coordinates":[[[118.08364595644368,-8.4146172246741848],[118.09272819844792,-8.4145920866951123],[118.09270286222377,-8.4055483718587727],[118.08362083070142,-8.405573482443975],[118.08364595644368,-8.4146172246741848]]]},"properties":{"FID":19,"Grid_ID":"20","Nilai":1}},{"type":"Feature","id":20,"geometry":{"type":"Polygon","coordinates":[[[118.09272819844792,-8.4145920866951123],[118.10181041222658,-8.4145667390099241],[118.10178486552377,-8.4055230517959778],[118.09270286222377,-8.4055483718587727],[118.09272819844792,-8.4145920866951123]]]},"properties":{"FID":20,"Grid_ID":"21","Nilai":0}},{"type":"Feature","id":21,"geometry":{"type":"Polygon","coordinates":[[[118.10181041222658,-8.4145667390099241],[118.11089259754526,-8.414541181621777],[118.11086684036694,-8.4054975222587416],[118.10178486552377,-8.4055230517959778],[118.10181041222658,-8.4145667390099241]]]},"properties":{"FID":21,"Grid_ID":"22","Nilai":1}},{"type":"Feature","id":22,"geometry":{"type":"Polygon","coordinates":[[[118.11089259754526,-8.414541181621777],[118.11997475416939,-8.4145154145338594],[118.11994878651883,-8.4054717832502526],[118.11086684036694,-8.4054975222587416],[118.11089259754526,-8.414541181621777]]]},"properties":{"FID":22,"Grid_ID":"23","Nilai":0}},{"type":"Feature","id":23,"geometry":{"type":"Polygon","coordinates":[[[118.11997475416939,-8.4145154145338594],[118.12905688186454,-8.4144894377493866],[118.12903070374506,-8.4054458347737171],[118.11994878651883,-8.4054717832502526],[118.11997475416939,-8.4145154145338594]]]},"properties":{"FID":23,"Grid_ID":"24","Nilai":0}},{"type":"Feature","id":24,"geometry":{"type":"Polygon","coordinates":[[[118.12905688186454,-8.4144894377493866],[118.13813898039625,-8.4144632512715916],[118.13811259181115,-8.4054196768323699],[118.12903070374506,-8.4054458347737171],[118.12905688186454,-8.4144894377493866]]]},"properties":{"FID":24,"Grid_ID":"25","Nilai":1}},{"type":"Feature","id":25,"geometry":{"type":"Polygon","coordinates":[[[118.13813898039625,-8.4144632512715916],[118.14722104953007,-8.4144368551037463],[118.14719445048267,-8.4053933094294706],[118.13811259181115,-8.4054196768323699],[118.13813898039625,-8.4144632512715916]]]},"properties":{"FID":25,"Grid_ID":"26","Nilai":0}},{"type":"Feature","id":26,"geometry":{"type":"Polygon","coordinates":[[[117.93830467942581,-8.4059467603795657],[117.94738713061814,-8.4059250018438991],[117.9473651869411,-8.396880871926756],[117.93828294604377,-8.3969026067264103],[117.93830467942581,-8.4059467603795657]]]},"properties":{"FID":26,"Grid_ID":"27","Nilai":0}},{"type":"Feature","id":27,"geometry":{"type":"Polygon","coordinates":[[[117.94738713061814,-8.4059250018438991],[117.95646955733974,-8.4059030337836802],[117.95644740337048,-8.396858927831115],[117.9473651869411,-8.396880871926756],[117.94738713061814,-8.4059250018438991]]]},"properties":{"FID":27,"Grid_ID":"28","Nilai":1}},{"type":"Feature","id":28,"geometry":{"type":"Polygon","coordinates":[[[117.95646955733974,-8.4059030337836802],[117.96555195935613,-8.405880856201648],[117.96552959509745,-8.396836774442221],[117.95644740337048,-8.396858927831115],[117.95646955733974,-8.4059030337836802]]]},"properties":{"FID":28,"Grid_ID":"29","Nilai":0}},{"type":"Feature","id":29,"geometry":{"type":"Polygon","coordinates":[[[117.98371668833526,-8.4058358724832285],[117.99279901482903,-8.4058130663524508],[117.99277601971916,-8.3967690585437751],[117.98369390350626,-8.3967918397957479],[117.98371668833526,-8.4058358724832285]]]},"properties":{"FID":29,"Grid_ID":"30","Nilai":0}},{"type":"Feature","id":30,"geometry":{"type":"Polygon","coordinates":[[[117.99279901482903,-8.4058130663524508],[118.00188131567958,-8.4057900507110759],[118.00185811029176,-8.3967460680097528],[117.99277601971916,-8.3967690585437751],[117.99279901482903,-8.4058130663524508]]]},"properties":{"FID":30,"Grid_ID":"31","Nilai":0}},{"type":"Feature","id":31,"geometry":{"type":"Polygon","coordinates":[[[118.00188131567958,-8.4057900507110759],[118.01096359065247,-8.405766825561976],[118.0109401749896,-8.396722868196548],[118.00185811029176,-8.3967460680097528],[118.00188131567958,-8.4057900507110759]]]},"properties":{"FID":31,"Grid_ID":"32","Nilai":1}},{"type":"Feature","id":32,"geometry":{"type":"Polygon","coordinates":[[[118.01096359065247,-8.405766825561976],[118.02004583951317,-8.4057433909080448],[118.02002221357824,-8.3966994591070545],[118.0109401749896,-8.396722868196548],[118.01096359065247,-8.405766825561976]]]},"properties":{"FID":32,"Grid_ID":"33","Nilai":1}},{"type":"Feature","id":33,"geometry":{"type":"Polygon","coordinates":[[[118.02004583951317,-8.4057433909080448],[118.0291280620272,-8.4057197467522027],[118.0291042258232,-8.396675840744189],[118.02002221357824,-8.3966994591070545],[118.02004583951317,-8.4057433909080448]]]},"properties":{"FID":33,"Grid_ID":"34","Nilai":1}},{"type":"Feature","id":34,"geometry":{"type":"Polygon","coordinates":[[[118.0291280620272,-8.4057197467522027],[118.03821025796015,-8.4056958930974002],[118.03818621149009,-8.3966520131109021],[118.0291042258232,-8.396675840744189],[118.0291280620272,-8.4057197467522027]]]},"properties":{"FID":34,"Grid_ID":"35","Nilai":1}},{"type":"Feature","id":35,"geometry":{"type":"Polygon","coordinates":[[[118.03821025796015,-8.4056958930974002],[118.04729242707747,-8.4056718299466109],[118.04726817034437,-8.3966279762101586],[118.03818621149009,-8.3966520131109021],[118.03821025796015,-8.4056958930974002]]]},"properties":{"FID":35,"Grid_ID":"36","Nilai":1}},{"type":"Feature","id":36,"geometry":{"type":"Polygon","coordinates":[[[118.04729242707747,-8.4056718299466109],[118.05637456914471,-8.4056475573028333],[118.05635010215165,-8.3966037300449567],[118.04726817034437,-8.3966279762101586],[118.04729242707747,-8.4056718299466109]]]},"properties":{"FID":36,"Grid_ID":"37","Nilai":1}},{"type":"Feature","id":37,"geometry":{"type":"Polygon","coordinates":[[[118.05637456914471,-8.4056475573028333],[118.06545668392745,-8.4056230751690979],[118.0654320066775,-8.3965792746183183],[118.05635010215165,-8.3966037300449567],[118.05637456914471,-8.4056475573028333]]]},"properties":{"FID":37,"Grid_ID":"38","Nilai":1}},{"type":"Feature","id":38,"geometry":{"type":"Polygon","coordinates":[[[118.06545668392745,-8.4056230751690979],[118.07453877119117,-8.4055983835484511],[118.07451388368744,-8.3965546099332951],[118.0654320066775,-8.3965792746183183],[118.06545668392745,-8.4056230751690979]]]},"properties":{"FID":38,"Grid_ID":"39","Nilai":1}},{"type":"Feature","id":39,"geometry":{"type":"Polygon","coordinates":[[[118.07453877119117,-8.4055983835484511],[118.08362083070142,-8.405573482443975],[118.08359573294709,-8.3965297359929583],[118.07451388368744,-8.3965546099332951],[118.07453877119117,-8.4055983835484511]]]},"properties":{"FID":39,"Grid_ID":"40","Nilai":0}},{"type":"Feature","id":40,"geometry":{"type":"Polygon","coordinates":[[[118.08362083070142,-8.405573482443975],[118.09270286222377,-8.4055483718587727],[118.09267755422199,-8.396504652800413],[118.08359573294709,-8.3965297359929583],[118.08362083070142,-8.405573482443975]]]},"properties":{"FID":40,"Grid_ID":"41","Nilai":1}},{"type":"Feature","id":41,"geometry":{"type":"Polygon","coordinates":[[[118.09270286222377,-8.4055483718587727],[118.10178486552377,-8.4055230517959778],[118.10175934727773,-8.3964793603587839],[118.09267755422199,-8.396504652800413],[118.09270286222377,-8.4055483718587727]]]},"properties":{"FID":41,"Grid_ID":"42","Nilai":0}},{"type":"Feature","id":42,"geometry":{"type":"Polygon","coordinates":[[[118.10178486552377,-8.4055230517959778],[118.11086684036694,-8.4054975222587416],[118.11084111187988,-8.3964538586712258],[118.10175934727773,-8.3964793603587839],[118.10178486552377,-8.4055230517959778]]]},"properties":{"FID":42,"Grid_ID":"43","Nilai":1}},{"type":"Feature","id":43,"geometry":{"type":"Polygon","coordinates":[[[118.11086684036694,-8.4054975222587416],[118.11994878651883,-8.4054717832502526],[118.119922847794,-8.3964281477409148],[118.11084111187988,-8.3964538586712258],[118.11086684036694,-8.4054975222587416]]]},"properties":{"FID":43,"Grid_ID":"44","Nilai":0}},{"type":"Feature","id":44,"geometry":{"type":"Polygon","coordinates":[[[118.11994878651883,-8.4054717832502526],[118.12903070374506,-8.4054458347737171],[118.12900455478571,-8.396402227571059],[118.119922847794,-8.3964281477409148],[118.11994878651883,-8.4054717832502526]]]},"properties":{"FID":44,"Grid_ID":"45","Nilai":0}},{"type":"Feature","id":45,"geometry":{"type":"Polygon","coordinates":[[[118.12903070374506,-8.4054458347737171],[118.13811259181115,-8.4054196768323699],[118.13808623262062,-8.3963760981648896],[118.12900455478571,-8.396402227571059],[118.12903070374506,-8.4054458347737171]]]},"properties":{"FID":45,"Grid_ID":"46","Nilai":0}},{"type":"Feature","id":46,"geometry":{"type":"Polygon","coordinates":[[[118.13811259181115,-8.4054196768323699],[118.14719445048267,-8.4053933094294706],[118.14716788106425,-8.3963497595256644],[118.13808623262062,-8.3963760981648896],[118.13811259181115,-8.4054196768323699]]]},"properties":{"FID":46,"Grid_ID":"47","Nilai":1}},{"type":"Feature","id":47,"geometry":{"type":"Polygon","coordinates":[[[118.14719445048267,-8.4053933094294706],[118.1562762795252,-8.405366732568309],[118.15624949988226,-8.3963232116566644],[118.14716788106425,-8.3963497595256644],[118.14719445048267,-8.4053933094294706]]]},"properties":{"FID":47,"Grid_ID":"48","Nilai":0}},{"type":"Feature","id":48,"geometry":{"type":"Polygon","coordinates":[[[117.92920068091297,-8.3969241322273636],[117.93828294604377,-8.3969026067264103],[117.93826123689516,-8.3878584488749208],[117.92917918182761,-8.3878799508694719],[117.92920068091297,-8.3969241322273636]]]},"properties":{"FID":48,"Grid_ID":"49","Nilai":0}},{"type":"Feature","id":49,"geometry":{"type":"Polygon","coordinates":[[[117.93828294604377,-8.3969026067264103],[117.9473651869411,-8.396880871926756],[117.94734326773198,-8.3878367378102308],[117.93826123689516,-8.3878584488749208],[117.93828294604377,-8.3969026067264103]]]},"properties":{"FID":49,"Grid_ID":"50","Nilai":1}},{"type":"Feature","id":50,"geometry":{"type":"Polygon","coordinates":[[[117.9473651869411,-8.396880871926756],[117.95644740337048,-8.396858927831115],[117.95642527410364,-8.3878148176781036],[117.94734326773198,-8.3878367378102308],[117.9473651869411,-8.396880871926756]]]},"properties":{"FID":50,"Grid_ID":"51","Nilai":1}},{"type":"Feature","id":51,"geometry":{"type":"Polygon","coordinates":[[[117.95644740337048,-8.396858927831115],[117.96552959509745,-8.396836774442221],[117.96550725577566,-8.387792688481273],[117.95642527410364,-8.3878148176781036],[117.95644740337048,-8.396858927831115]]]},"properties":{"FID":51,"Grid_ID":"52","Nilai":1}},{"type":"Feature","id":52,"geometry":{"type":"Polygon","coordinates":[[[117.96552959509745,-8.396836774442221],[117.97461176188753,-8.3968144117628363],[117.97458921251364,-8.3877703502225032],[117.96550725577566,-8.387792688481273],[117.96552959509745,-8.396836774442221]]]},"properties":{"FID":52,"Grid_ID":"53","Nilai":0}},{"type":"Feature","id":53,"geometry":{"type":"Polygon","coordinates":[[[117.97461176188753,-8.3968144117628363],[117.98369390350626,-8.3967918397957479],[117.98367114408309,-8.3877478029045758],[117.97458921251364,-8.3877703502225032],[117.97461176188753,-8.3968144117628363]]]},"properties":{"FID":53,"Grid_ID":"54","Nilai":1}},{"type":"Feature","id":54,"geometry":{"type":"Polygon","coordinates":[[[117.98369390350626,-8.3967918397957479],[117.99277601971916,-8.3967690585437751],[117.99275305024959,-8.3877250465302993],[117.98367114408309,-8.3877478029045758],[117.98369390350626,-8.3967918397957479]]]},"properties":{"FID":54,"Grid_ID":"55","Nilai":1}},{"type":"Feature","id":55,"geometry":{"type":"Polygon","coordinates":[[[117.99277601971916,-8.3967690585437751],[118.00185811029176,-8.3967460680097528],[118.00183493077868,-8.387702081102514],[117.99275305024959,-8.3877250465302993],[117.99277601971916,-8.3967690585437751]]]},"properties":{"FID":55,"Grid_ID":"56","Nilai":1}},{"type":"Feature","id":56,"geometry":{"type":"Polygon","coordinates":[[[118.00185811029176,-8.3967460680097528],[118.0109401749896,-8.396722868196548],[118.01091678543597,-8.3876789066240836],[118.00183493077868,-8.387702081102514],[118.00185811029176,-8.3967460680097528]]]},"properties":{"FID":56,"Grid_ID":"57","Nilai":1}},{"type":"Feature","id":57,"geometry":{"type":"Polygon","coordinates":[[[118.0109401749896,-8.396722868196548],[118.02002221357824,-8.3966994591070545],[118.019998613987,-8.3876555230978926],[118.01091678543597,-8.3876789066240836],[118.0109401749896,-8.396722868196548]]]},"properties":{"FID":57,"Grid_ID":"58","Nilai":1}},{"type":"Feature","id":58,"geometry":{"type":"Polygon","coordinates":[[[118.02002221357824,-8.3966994591070545],[118.0291042258232,-8.396675840744189],[118.02908041619732,-8.3876319305268652],[118.019998613987,-8.3876555230978926],[118.02002221357824,-8.3966994591070545]]]},"properties":{"FID":58,"Grid_ID":"59","Nilai":1}},{"type":"Feature","id":59,"geometry":{"type":"Polygon","coordinates":[[[118.0291042258232,-8.396675840744189],[118.03818621149009,-8.3966520131109021],[118.03816219183255,-8.3876081289139357],[118.02908041619732,-8.3876319305268652],[118.0291042258232,-8.396675840744189]]]},"properties":{"FID":59,"Grid_ID":"60","Nilai":1}},{"type":"Feature","id":60,"geometry":{"type":"Polygon","coordinates":[[[118.03818621149009,-8.3966520131109021],[118.04726817034437,-8.3966279762101586],[118.04724394065826,-8.3875841182620725],[118.03816219183255,-8.3876081289139357],[118.03818621149009,-8.3966520131109021]]]},"properties":{"FID":60,"Grid_ID":"61","Nilai":1}},{"type":"Feature","id":61,"geometry":{"type":"Polygon","coordinates":[[[118.04726817034437,-8.3966279762101586],[118.05635010215165,-8.3966037300449567],[118.05632566244003,-8.3875598985742688],[118.04724394065826,-8.3875841182620725],[118.04726817034437,-8.3966279762101586]]]},"properties":{"FID":61,"Grid_ID":"62","Nilai":1}},{"type":"Feature","id":62,"geometry":{"type":"Polygon","coordinates":[[[118.05635010215165,-8.3966037300449567],[118.0654320066775,-8.3965792746183183],[118.06540735694341,-8.3875354698535496],[118.05632566244003,-8.3875598985742688],[118.05635010215165,-8.3966037300449567]]]},"properties":{"FID":62,"Grid_ID":"63","Nilai":1}},{"type":"Feature","id":63,"geometry":{"type":"Polygon","coordinates":[[[118.0654320066775,-8.3965792746183183],[118.07451388368744,-8.3965546099332951],[118.07448902393405,-8.3875108321029543],[118.06540735694341,-8.3875354698535496],[118.0654320066775,-8.3965792746183183]]]},"properties":{"FID":63,"Grid_ID":"64","Nilai":0}},{"type":"Feature","id":64,"geometry":{"type":"Polygon","coordinates":[[[118.07451388368744,-8.3965546099332951],[118.08359573294709,-8.3965297359929583],[118.08357066317751,-8.3874859853255543],[118.07448902393405,-8.3875108321029543],[118.07451388368744,-8.3965546099332951]]]},"properties":{"FID":64,"Grid_ID":"65","Nilai":0}},{"type":"Feature","id":65,"geometry":{"type":"Polygon","coordinates":[[[118.08359573294709,-8.3965297359929583],[118.09267755422199,-8.396504652800413],[118.09265227443939,-8.3874609295244493],[118.08357066317751,-8.3874859853255543],[118.08359573294709,-8.3965297359929583]]]},"properties":{"FID":65,"Grid_ID":"66","Nilai":0}},{"type":"Feature","id":66,"geometry":{"type":"Polygon","coordinates":[[[118.09267755422199,-8.396504652800413],[118.10175934727773,-8.3964793603587839],[118.10173385748529,-8.3874356647027621],[118.09265227443939,-8.3874609295244493],[118.09267755422199,-8.396504652800413]]]},"properties":{"FID":66,"Grid_ID":"67","Nilai":0}},{"type":"Feature","id":67,"geometry":{"type":"Polygon","coordinates":[[[118.10175934727773,-8.3964793603587839],[118.11084111187988,-8.3964538586712258],[118.11081541208083,-8.3874101908636423],[118.10173385748529,-8.3874356647027621],[118.10175934727773,-8.3964793603587839]]]},"properties":{"FID":67,"Grid_ID":"68","Nilai":0}},{"type":"Feature","id":68,"geometry":{"type":"Polygon","coordinates":[[[118.11084111187988,-8.3964538586712258],[118.119922847794,-8.3964281477409148],[118.1198969379916,-8.3873845080102676],[118.11081541208083,-8.3874101908636423],[118.11084111187988,-8.3964538586712258]]]},"properties":{"FID":68,"Grid_ID":"69","Nilai":0}},{"type":"Feature","id":69,"geometry":{"type":"Polygon","coordinates":[[[118.119922847794,-8.3964281477409148],[118.12900455478571,-8.396402227571059],[118.12897843498322,-8.3873586161458373],[118.1198969379916,-8.3873845080102676],[118.119922847794,-8.3964281477409148]]]},"properties":{"FID":69,"Grid_ID":"70","Nilai":0}},{"type":"Feature","id":70,"geometry":{"type":"Polygon","coordinates":[[[118.12900455478571,-8.396402227571059],[118.13808623262062,-8.3963760981648896],[118.1380599028213,-8.3873325152735827],[118.12897843498322,-8.3873586161458373],[118.12900455478571,-8.396402227571059]]]},"properties":{"FID":70,"Grid_ID":"71","Nilai":0}},{"type":"Feature","id":71,"geometry":{"type":"Polygon","coordinates":[[[118.13808623262062,-8.3963760981648896],[118.14716788106425,-8.3963497595256644],[118.14714134127148,-8.3873062053967509],[118.1380599028213,-8.3873325152735827],[118.13808623262062,-8.3963760981648896]]]},"properties":{"FID":71,"Grid_ID":"72","Nilai":1}},{"type":"Feature","id":72,"geometry":{"type":"Polygon","coordinates":[[[118.14716788106425,-8.3963497595256644],[118.15624949988226,-8.3963232116566644],[118.15622275009937,-8.3872796865186281],[118.14714134127148,-8.3873062053967509],[118.14716788106425,-8.3963497595256644]]]},"properties":{"FID":72,"Grid_ID":"73","Nilai":1}},{"type":"Feature","id":73,"geometry":{"type":"Polygon","coordinates":[[[118.15624949988226,-8.3963232116566644],[118.16533108884023,-8.3962964545612007],[118.16530412907061,-8.3872529586425184],[118.15622275009937,-8.3872796865186281],[118.15624949988226,-8.3963232116566644]]]},"properties":{"FID":73,"Grid_ID":"74","Nilai":0}},{"type":"Feature","id":74,"geometry":{"type":"Polygon","coordinates":[[[117.9019328735853,-8.3879432024055944],[117.9110149999382,-8.387922327637451],[117.91099394451481,-8.3788780957615945],[117.90191202799872,-8.3788989477100362],[117.9019328735853,-8.3879432024055944]]]},"properties":{"FID":74,"Grid_ID":"75","Nilai":0}},{"type":"Feature","id":75,"geometry":{"type":"Polygon","coordinates":[[[117.9110149999382,-8.387922327637451],[117.92009710276382,-8.3879012437911999],[117.92007583750622,-8.3788570349636018],[117.91099394451481,-8.3788780957615945],[117.9110149999382,-8.387922327637451]]]},"properties":{"FID":75,"Grid_ID":"76","Nilai":0}},{"type":"Feature","id":76,"geometry":{"type":"Polygon","coordinates":[[[117.92009710276382,-8.3879012437911999],[117.92917918182761,-8.3878799508694719],[117.92915770673851,-8.3788357653186871],[117.92007583750622,-8.3788570349636018],[117.92009710276382,-8.3879012437911999]]]},"properties":{"FID":76,"Grid_ID":"77","Nilai":0}},{"type":"Feature","id":77,"geometry":{"type":"Polygon","coordinates":[[[117.92917918182761,-8.3878799508694719],[117.93826123689516,-8.3878584488749208],[117.93823955197725,-8.378814286829499],[117.92915770673851,-8.3788357653186871],[117.92917918182761,-8.3878799508694719]]]},"properties":{"FID":77,"Grid_ID":"78","Nilai":1}},{"type":"Feature","id":78,"geometry":{"type":"Polygon","coordinates":[[[117.93826123689516,-8.3878584488749208],[117.94734326773198,-8.3878367378102308],[117.94732137298803,-8.3787925994987145],[117.93823955197725,-8.378814286829499],[117.93826123689516,-8.3878584488749208]]]},"properties":{"FID":78,"Grid_ID":"79","Nilai":0}},{"type":"Feature","id":79,"geometry":{"type":"Polygon","coordinates":[[[117.94734326773198,-8.3878367378102308],[117.95642527410364,-8.3878148176781036],[117.9564031695364,-8.3787707033290406],[117.94732137298803,-8.3787925994987145],[117.94734326773198,-8.3878367378102308]]]},"properties":{"FID":79,"Grid_ID":"80","Nilai":0}},{"type":"Feature","id":80,"geometry":{"type":"Polygon","coordinates":[[[117.95642527410364,-8.3878148176781036],[117.96550725577566,-8.387792688481273],[117.96548494138794,-8.3787485983232077],[117.9564031695364,-8.3787707033290406],[117.95642527410364,-8.3878148176781036]]]},"properties":{"FID":80,"Grid_ID":"81","Nilai":1}},{"type":"Feature","id":81,"geometry":{"type":"Polygon","coordinates":[[[117.96550725577566,-8.387792688481273],[117.97458921251364,-8.3877703502225032],[117.97456668830824,-8.3787262844839656],[117.96548494138794,-8.3787485983232077],[117.96550725577566,-8.387792688481273]]]},"properties":{"FID":81,"Grid_ID":"82","Nilai":1}},{"type":"Feature","id":82,"geometry":{"type":"Polygon","coordinates":[[[117.97458921251364,-8.3877703502225032],[117.98367114408309,-8.3877478029045758],[117.98364841006287,-8.3787037618141031],[117.97456668830824,-8.3787262844839656],[117.97458921251364,-8.3877703502225032]]]},"properties":{"FID":82,"Grid_ID":"83","Nilai":1}},{"type":"Feature","id":83,"geometry":{"type":"Polygon","coordinates":[[[117.98367114408309,-8.3877478029045758],[117.99275305024959,-8.3877250465302993],[117.99273010641741,-8.3786810303164234],[117.98364841006287,-8.3787037618141031],[117.98367114408309,-8.3877478029045758]]]},"properties":{"FID":83,"Grid_ID":"84","Nilai":0}},{"type":"Feature","id":84,"geometry":{"type":"Polygon","coordinates":[[[117.99275305024959,-8.3877250465302993],[118.00183493077868,-8.387702081102514],[118.00181177713743,-8.3786580899937668],[117.99273010641741,-8.3786810303164234],[117.99275305024959,-8.3877250465302993]]]},"properties":{"FID":84,"Grid_ID":"85","Nilai":1}},{"type":"Feature","id":85,"geometry":{"type":"Polygon","coordinates":[[[118.00183493077868,-8.387702081102514],[118.01091678543597,-8.3876789066240836],[118.0108934219886,-8.3786349408489862],[118.00181177713743,-8.3786580899937668],[118.00183493077868,-8.387702081102514]]]},"properties":{"FID":85,"Grid_ID":"86","Nilai":1}},{"type":"Feature","id":86,"geometry":{"type":"Polygon","coordinates":[[[118.01091678543597,-8.3876789066240836],[118.019998613987,-8.3876555230978926],[118.01997504073643,-8.3786115828849717],[118.0108934219886,-8.3786349408489862],[118.01091678543597,-8.3876789066240836]]]},"properties":{"FID":86,"Grid_ID":"87","Nilai":1}},{"type":"Feature","id":87,"geometry":{"type":"Polygon","coordinates":[[[118.019998613987,-8.3876555230978926],[118.02908041619732,-8.3876319305268652],[118.02905663314655,-8.3785880161046311],[118.01997504073643,-8.3786115828849717],[118.019998613987,-8.3876555230978926]]]},"properties":{"FID":87,"Grid_ID":"88","Nilai":0}},{"type":"Feature","id":88,"geometry":{"type":"Polygon","coordinates":[[[118.02908041619732,-8.3876319305268652],[118.03816219183255,-8.3876081289139357],[118.03813819898458,-8.378564240510908],[118.02905663314655,-8.3785880161046311],[118.02908041619732,-8.3876319305268652]]]},"properties":{"FID":88,"Grid_ID":"89","Nilai":0}},{"type":"Feature","id":89,"geometry":{"type":"Polygon","coordinates":[[[118.03816219183255,-8.3876081289139357],[118.04724394065826,-8.3875841182620725],[118.04721973801611,-8.3785402561067652],[118.03813819898458,-8.378564240510908],[118.03816219183255,-8.3876081289139357]]]},"properties":{"FID":89,"Grid_ID":"90","Nilai":1}},{"type":"Feature","id":90,"geometry":{"type":"Polygon","coordinates":[[[118.04724394065826,-8.3875841182620725],[118.05632566244003,-8.3875598985742688],[118.05630125000675,-8.3785160628951907],[118.04721973801611,-8.3785402561067652],[118.04724394065826,-8.3875841182620725]]]},"properties":{"FID":90,"Grid_ID":"91","Nilai":1}},{"type":"Feature","id":91,"geometry":{"type":"Polygon","coordinates":[[[118.05632566244003,-8.3875598985742688],[118.06540735694341,-8.3875354698535496],[118.06538273472212,-8.3784916608791988],[118.05630125000675,-8.3785160628951907],[118.05632566244003,-8.3875598985742688]]]},"properties":{"FID":91,"Grid_ID":"92","Nilai":0}},{"type":"Feature","id":92,"geometry":{"type":"Polygon","coordinates":[[[118.06540735694341,-8.3875354698535496],[118.07448902393405,-8.3875108321029543],[118.07446419192782,-8.3784670500618361],[118.06538273472212,-8.3784916608791988],[118.06540735694341,-8.3875354698535496]]]},"properties":{"FID":92,"Grid_ID":"93","Nilai":0}},{"type":"Feature","id":93,"geometry":{"type":"Polygon","coordinates":[[[118.07448902393405,-8.3875108321029543],[118.08357066317751,-8.3874859853255543],[118.0835456213895,-8.3784422304461703],[118.07446419192782,-8.3784670500618361],[118.07448902393405,-8.3875108321029543]]]},"properties":{"FID":93,"Grid_ID":"94","Nilai":0}},{"type":"Feature","id":94,"geometry":{"type":"Polygon","coordinates":[[[118.08357066317751,-8.3874859853255543],[118.09265227443939,-8.3874609295244493],[118.09262702287275,-8.3784172020352941],[118.0835456213895,-8.3784422304461703],[118.08357066317751,-8.3874859853255543]]]},"properties":{"FID":94,"Grid_ID":"95","Nilai":0}},{"type":"Feature","id":95,"geometry":{"type":"Polygon","coordinates":[[[118.09265227443939,-8.3874609295244493],[118.10173385748529,-8.3874356647027621],[118.10170839614321,-8.3783919648323266],[118.09262702287275,-8.3784172020352941],[118.09265227443939,-8.3874609295244493]]]},"properties":{"FID":95,"Grid_ID":"96","Nilai":0}},{"type":"Feature","id":96,"geometry":{"type":"Polygon","coordinates":[[[118.10173385748529,-8.3874356647027621],[118.11081541208083,-8.3874101908636423],[118.11078974096654,-8.3783665188404122],[118.10170839614321,-8.3783919648323266],[118.10173385748529,-8.3874356647027621]]]},"properties":{"FID":96,"Grid_ID":"97","Nilai":1}},{"type":"Feature","id":97,"geometry":{"type":"Polygon","coordinates":[[[118.11081541208083,-8.3874101908636423],[118.1198969379916,-8.3873845080102676],[118.11987105710834,-8.3783408640627286],[118.11078974096654,-8.3783665188404122],[118.11081541208083,-8.3874101908636423]]]},"properties":{"FID":97,"Grid_ID":"98","Nilai":0}},{"type":"Feature","id":98,"geometry":{"type":"Polygon","coordinates":[[[118.1198969379916,-8.3873845080102676],[118.12897843498322,-8.3873586161458373],[118.12895234433424,-8.3783150005024734],[118.11987105710834,-8.3783408640627286],[118.1198969379916,-8.3873845080102676]]]},"properties":{"FID":98,"Grid_ID":"99","Nilai":0}},{"type":"Feature","id":99,"geometry":{"type":"Polygon","coordinates":[[[118.12897843498322,-8.3873586161458373],[118.1380599028213,-8.3873325152735827],[118.13803360240992,-8.3782889281628634],[118.12895234433424,-8.3783150005024734],[118.12897843498322,-8.3873586161458373]]]},"properties":{"FID":99,"Grid_ID":"100","Nilai":0}},{"type":"Feature","id":100,"geometry":{"type":"Polygon","coordinates":[[[118.1380599028213,-8.3873325152735827],[118.14714134127148,-8.3873062053967509],[118.14711483110102,-8.3782626470471566],[118.13803360240992,-8.3782889281628634],[118.1380599028213,-8.3873325152735827]]]},"properties":{"FID":100,"Grid_ID":"101","Nilai":0}},{"type":"Feature","id":101,"geometry":{"type":"Polygon","coordinates":[[[118.14714134127148,-8.3873062053967509],[118.15622275009937,-8.3872796865186281],[118.15619603017316,-8.378236157158625],[118.14711483110102,-8.3782626470471566],[118.14714134127148,-8.3873062053967509]]]},"properties":{"FID":101,"Grid_ID":"102","Nilai":0}},{"type":"Feature","id":102,"geometry":{"type":"Polygon","coordinates":[[[118.15622275009937,-8.3872796865186281],[118.16530412907061,-8.3872529586425184],[118.16527719939202,-8.3782094585005726],[118.15619603017316,-8.378236157158625],[118.15622275009937,-8.3872796865186281]]]},"properties":{"FID":102,"Grid_ID":"103","Nilai":1}},{"type":"Feature","id":103,"geometry":{"type":"Polygon","coordinates":[[[118.16530412907061,-8.3872529586425184],[118.17438547795082,-8.3872260217717525],[118.17435833852326,-8.3781825510763266],[118.16527719939202,-8.3782094585005726],[118.16530412907061,-8.3872529586425184]]]},"properties":{"FID":103,"Grid_ID":"104","Nilai":0}},{"type":"Feature","id":104,"geometry":{"type":"Polygon","coordinates":[[[117.8837481253303,-8.3789400250478945],[117.89283008819241,-8.3789195908063281],[117.89280947550112,-8.3698753093351819],[117.88372772224666,-8.3698957212151566],[117.8837481253303,-8.3789400250478945]]]},"properties":{"FID":104,"Grid_ID":"105","Nilai":0}},{"type":"Feature","id":105,"geometry":{"type":"Polygon","coordinates":[[[117.89283008819241,-8.3789195908063281],[117.90191202799872,-8.3788989477100362],[117.90189120570238,-8.3698546888290348],[117.89280947550112,-8.3698753093351819],[117.89283008819241,-8.3789195908063281]]]},"properties":{"FID":105,"Grid_ID":"106","Nilai":0}},{"type":"Feature","id":106,"geometry":{"type":"Polygon","coordinates":[[[117.90191202799872,-8.3788989477100362],[117.91099394451481,-8.3788780957615945],[117.91097291261606,-8.3698338596992876],[117.90189120570238,-8.3698546888290348],[117.90191202799872,-8.3788989477100362]]]},"properties":{"FID":106,"Grid_ID":"107","Nilai":1}},{"type":"Feature","id":107,"geometry":{"type":"Polygon","coordinates":[[[117.91099394451481,-8.3788780957615945],[117.92007583750622,-8.3788570349636018],[117.92005459600773,-8.3698128219485337],[117.91097291261606,-8.3698338596992876],[117.91099394451481,-8.3788780957615945]]]},"properties":{"FID":107,"Grid_ID":"108","Nilai":1}},{"type":"Feature","id":108,"geometry":{"type":"Polygon","coordinates":[[[117.92007583750622,-8.3788570349636018],[117.92915770673851,-8.3788357653186871],[117.92913625564294,-8.3697915755794003],[117.92005459600773,-8.3698128219485337],[117.92007583750622,-8.3788570349636018]]]},"properties":{"FID":108,"Grid_ID":"109","Nilai":0}},{"type":"Feature","id":109,"geometry":{"type":"Polygon","coordinates":[[[117.92915770673851,-8.3788357653186871],[117.93823955197725,-8.378814286829499],[117.93821789128734,-8.3697701205945343],[117.92913625564294,-8.3697915755794003],[117.92915770673851,-8.3788357653186871]]]},"properties":{"FID":109,"Grid_ID":"110","Nilai":1}},{"type":"Feature","id":110,"geometry":{"type":"Polygon","coordinates":[[[117.93823955197725,-8.378814286829499],[117.94732137298803,-8.3787925994987145],[117.94729950270649,-8.369748456996609],[117.93821789128734,-8.3697701205945343],[117.93823955197725,-8.378814286829499]]]},"properties":{"FID":110,"Grid_ID":"111","Nilai":0}},{"type":"Feature","id":111,"geometry":{"type":"Polygon","coordinates":[[[117.94732137298803,-8.3787925994987145],[117.9564031695364,-8.3787707033290406],[117.956381089666,-8.369726584788328],[117.94729950270649,-8.369748456996609],[117.94732137298803,-8.3787925994987145]]]},"properties":{"FID":111,"Grid_ID":"112","Nilai":0}},{"type":"Feature","id":112,"geometry":{"type":"Polygon","coordinates":[[[117.9564031695364,-8.3787707033290406],[117.96548494138794,-8.3787485983232077],[117.96546265193149,-8.3697045039724163],[117.956381089666,-8.369726584788328],[117.9564031695364,-8.3787707033290406]]]},"properties":{"FID":112,"Grid_ID":"113","Nilai":0}},{"type":"Feature","id":113,"geometry":{"type":"Polygon","coordinates":[[[117.96548494138794,-8.3787485983232077],[117.97456668830824,-8.3787262844839656],[117.97454418926851,-8.3696822145516272],[117.96546265193149,-8.3697045039724163],[117.96548494138794,-8.3787485983232077]]]},"properties":{"FID":113,"Grid_ID":"114","Nilai":1}},{"type":"Feature","id":114,"geometry":{"type":"Polygon","coordinates":[[[117.97456668830824,-8.3787262844839656],[117.98364841006287,-8.3787037618141031],[117.98362570144273,-8.3696597165287372],[117.97454418926851,-8.3696822145516272],[117.97456668830824,-8.3787262844839656]]]},"properties":{"FID":114,"Grid_ID":"115","Nilai":0}},{"type":"Feature","id":115,"geometry":{"type":"Polygon","coordinates":[[[117.98364841006287,-8.3787037618141031],[117.99273010641741,-8.3786810303164234],[117.99270718821971,-8.3696370099065565],[117.98362570144273,-8.3696597165287372],[117.98364841006287,-8.3787037618141031]]]},"properties":{"FID":115,"Grid_ID":"116","Nilai":0}},{"type":"Feature","id":116,"geometry":{"type":"Polygon","coordinates":[[[117.99273010641741,-8.3786810303164234],[118.00181177713743,-8.3786580899937668],[118.00178864936511,-8.3696140946879094],[117.99270718821971,-8.3696370099065565],[117.99273010641741,-8.3786810303164234]]]},"properties":{"FID":116,"Grid_ID":"117","Nilai":0}},{"type":"Feature","id":117,"geometry":{"type":"Polygon","coordinates":[[[118.00181177713743,-8.3786580899937668],[118.0108934219886,-8.3786349408489862],[118.01087008464452,-8.3695909708756595],[118.00178864936511,-8.3696140946879094],[118.00181177713743,-8.3786580899937668]]]},"properties":{"FID":117,"Grid_ID":"118","Nilai":1}},{"type":"Feature","id":118,"geometry":{"type":"Polygon","coordinates":[[[118.0108934219886,-8.3786349408489862],[118.01997504073643,-8.3786115828849717],[118.01995149382357,-8.369567638472688],[118.01087008464452,-8.3695909708756595],[118.0108934219886,-8.3786349408489862]]]},"properties":{"FID":118,"Grid_ID":"119","Nilai":0}},{"type":"Feature","id":119,"geometry":{"type":"Polygon","coordinates":[[[118.01997504073643,-8.3786115828849717],[118.02905663314655,-8.3785880161046311],[118.02903287666788,-8.3695440974818993],[118.01995149382357,-8.369567638472688],[118.01997504073643,-8.3786115828849717]]]},"properties":{"FID":119,"Grid_ID":"120","Nilai":0}},{"type":"Feature","id":120,"geometry":{"type":"Polygon","coordinates":[[[118.02905663314655,-8.3785880161046311],[118.03813819898458,-8.378564240510908],[118.03811423294312,-8.3695203479062279],[118.02903287666788,-8.3695440974818993],[118.02905663314655,-8.3785880161046311]]]},"properties":{"FID":120,"Grid_ID":"121","Nilai":0}},{"type":"Feature","id":121,"geometry":{"type":"Polygon","coordinates":[[[118.03813819898458,-8.378564240510908],[118.04721973801611,-8.3785402561067652],[118.04719556241486,-8.3694963897486421],[118.03811423294312,-8.3695203479062279],[118.03813819898458,-8.378564240510908]]]},"properties":{"FID":121,"Grid_ID":"122","Nilai":0}},{"type":"Feature","id":122,"geometry":{"type":"Polygon","coordinates":[[[118.04721973801611,-8.3785402561067652],[118.05630125000675,-8.3785160628951907],[118.05627686484875,-8.3694722230121243],[118.04719556241486,-8.3694963897486421],[118.04721973801611,-8.3785402561067652]]]},"properties":{"FID":122,"Grid_ID":"123","Nilai":0}},{"type":"Feature","id":123,"geometry":{"type":"Polygon","coordinates":[[[118.05630125000675,-8.3785160628951907],[118.06538273472212,-8.3784916608791988],[118.06535814001049,-8.3694478476996839],[118.05627686484875,-8.3694722230121243],[118.05630125000675,-8.3785160628951907]]]},"properties":{"FID":123,"Grid_ID":"124","Nilai":0}},{"type":"Feature","id":124,"geometry":{"type":"Polygon","coordinates":[[[118.06538273472212,-8.3784916608791988],[118.07446419192782,-8.3784670500618361],[118.07443938766565,-8.3694232638143671],[118.06535814001049,-8.3694478476996839],[118.06538273472212,-8.3784916608791988]]]},"properties":{"FID":124,"Grid_ID":"125","Nilai":0}},{"type":"Feature","id":125,"geometry":{"type":"Polygon","coordinates":[[[118.07446419192782,-8.3784670500618361],[118.0835456213895,-8.3784422304461703],[118.08352060757989,-8.3693984713592275],[118.07443938766565,-8.3694232638143671],[118.07446419192782,-8.3784670500618361]]]},"properties":{"FID":125,"Grid_ID":"126","Nilai":0}},{"type":"Feature","id":126,"geometry":{"type":"Polygon","coordinates":[[[118.0835456213895,-8.3784422304461703],[118.09262702287275,-8.3784172020352941],[118.09260179951892,-8.3693734703373668],[118.08352060757989,-8.3693984713592275],[118.0835456213895,-8.3784422304461703]]]},"properties":{"FID":126,"Grid_ID":"127","Nilai":0}},{"type":"Feature","id":127,"geometry":{"type":"Polygon","coordinates":[[[118.09262702287275,-8.3784172020352941],[118.10170839614321,-8.3783919648323266],[118.10168296324831,-8.3693482607518952],[118.09260179951892,-8.3693734703373668],[118.09262702287275,-8.3784172020352941]]]},"properties":{"FID":127,"Grid_ID":"128","Nilai":0}},{"type":"Feature","id":128,"geometry":{"type":"Polygon","coordinates":[[[118.10170839614321,-8.3783919648323266],[118.11078974096654,-8.3783665188404122],[118.11076409853376,-8.3693228426059587],[118.10168296324831,-8.3693482607518952],[118.10170839614321,-8.3783919648323266]]]},"properties":{"FID":128,"Grid_ID":"129","Nilai":0}},{"type":"Feature","id":129,"geometry":{"type":"Polygon","coordinates":[[[118.11078974096654,-8.3783665188404122],[118.11987105710834,-8.3783408640627286],[118.11984520514095,-8.3692972159027228],[118.11076409853376,-8.3693228426059587],[118.11078974096654,-8.3783665188404122]]]},"properties":{"FID":129,"Grid_ID":"130","Nilai":0}},{"type":"Feature","id":130,"geometry":{"type":"Polygon","coordinates":[[[118.11987105710834,-8.3783408640627286],[118.12895234433424,-8.3783150005024734],[118.12892628283551,-8.3692713806453831],[118.11984520514095,-8.3692972159027228],[118.11987105710834,-8.3783408640627286]]]},"properties":{"FID":130,"Grid_ID":"131","Nilai":0}},{"type":"Feature","id":131,"geometry":{"type":"Polygon","coordinates":[[[118.12895234433424,-8.3783150005024734],[118.13803360240992,-8.3782889281628634],[118.13800733138312,-8.369245336837162],[118.12892628283551,-8.3692713806453831],[118.12895234433424,-8.3783150005024734]]]},"properties":{"FID":131,"Grid_ID":"132","Nilai":0}},{"type":"Feature","id":132,"geometry":{"type":"Polygon","coordinates":[[[118.13803360240992,-8.3782889281628634],[118.14711483110102,-8.3782626470471566],[118.14708835054945,-8.3692190844813048],[118.13800733138312,-8.369245336837162],[118.13803360240992,-8.3782889281628634]]]},"properties":{"FID":132,"Grid_ID":"133","Nilai":0}},{"type":"Feature","id":133,"geometry":{"type":"Polygon","coordinates":[[[118.14711483110102,-8.3782626470471566],[118.15619603017316,-8.378236157158625],[118.15616934010022,-8.3691926235810836],[118.14708835054945,-8.3692190844813048],[118.14711483110102,-8.3782626470471566]]]},"properties":{"FID":133,"Grid_ID":"134","Nilai":0}},{"type":"Feature","id":134,"geometry":{"type":"Polygon","coordinates":[[[118.15619603017316,-8.378236157158625],[118.16527719939202,-8.3782094585005726],[118.16525029980104,-8.3691659541397971],[118.15616934010022,-8.3691926235810836],[118.15619603017316,-8.378236157158625]]]},"properties":{"FID":134,"Grid_ID":"135","Nilai":1}},{"type":"Feature","id":135,"geometry":{"type":"Polygon","coordinates":[[[118.16527719939202,-8.3782094585005726],[118.17435833852326,-8.3781825510763266],[118.17433122941766,-8.3691390761607671],[118.16525029980104,-8.3691659541397971],[118.16527719939202,-8.3782094585005726]]]},"properties":{"FID":135,"Grid_ID":"136","Nilai":0}},{"type":"Feature","id":136,"geometry":{"type":"Polygon","coordinates":[[[117.88372772224666,-8.3698957212151566],[117.89280947550112,-8.3698753093351819],[117.89278888586303,-8.3608310236839838],[117.88370734198179,-8.3608514132033545],[117.88372772224666,-8.3698957212151566]]]},"properties":{"FID":136,"Grid_ID":"137","Nilai":0}},{"type":"Feature","id":137,"geometry":{"type":"Polygon","coordinates":[[[117.89280947550112,-8.3698753093351819],[117.90189120570238,-8.3698546888290348],[117.90187040669366,-8.3608104257669851],[117.89278888586303,-8.3608310236839838],[117.89280947550112,-8.3698753093351819]]]},"properties":{"FID":137,"Grid_ID":"138","Nilai":0}},{"type":"Feature","id":138,"geometry":{"type":"Polygon","coordinates":[[[117.90189120570238,-8.3698546888290348],[117.91097291261606,-8.3698338596992876],[117.91095190423937,-8.3607896194549216],[117.90187040669366,-8.3608104257669851],[117.90189120570238,-8.3698546888290348]]]},"properties":{"FID":138,"Grid_ID":"139","Nilai":1}},{"type":"Feature","id":139,"geometry":{"type":"Polygon","coordinates":[[[117.91097291261606,-8.3698338596992876],[117.92005459600773,-8.3698128219485337],[117.92003337826567,-8.3607686047503886],[117.91095190423937,-8.3607896194549216],[117.91097291261606,-8.3698338596992876]]]},"properties":{"FID":139,"Grid_ID":"140","Nilai":1}},{"type":"Feature","id":140,"geometry":{"type":"Polygon","coordinates":[[[117.92005459600773,-8.3698128219485337],[117.92913625564294,-8.3697915755794003],[117.92911482853823,-8.3607473816560081],[117.92003337826567,-8.3607686047503886],[117.92005459600773,-8.3698128219485337]]]},"properties":{"FID":140,"Grid_ID":"141","Nilai":0}},{"type":"Feature","id":141,"geometry":{"type":"Polygon","coordinates":[[[117.92913625564294,-8.3697915755794003],[117.93821789128734,-8.3697701205945343],[117.93819625482266,-8.3607259501744231],[117.92911482853823,-8.3607473816560081],[117.92913625564294,-8.3697915755794003]]]},"properties":{"FID":141,"Grid_ID":"142","Nilai":0}},{"type":"Feature","id":142,"geometry":{"type":"Polygon","coordinates":[[[117.93821789128734,-8.3697701205945343],[117.94729950270649,-8.369748456996609],[117.94727765688459,-8.3607043103083072],[117.93819625482266,-8.3607259501744231],[117.93821789128734,-8.3697701205945343]]]},"properties":{"FID":142,"Grid_ID":"143","Nilai":0}},{"type":"Feature","id":143,"geometry":{"type":"Polygon","coordinates":[[[117.94729950270649,-8.369748456996609],[117.956381089666,-8.369726584788328],[117.95635903448965,-8.3606824620603586],[117.94727765688459,-8.3607043103083072],[117.94729950270649,-8.369748456996609]]]},"properties":{"FID":143,"Grid_ID":"144","Nilai":0}},{"type":"Feature","id":144,"geometry":{"type":"Polygon","coordinates":[[[117.956381089666,-8.369726584788328],[117.96546265193149,-8.3697045039724163],[117.96544038740345,-8.3606604054332987],[117.95635903448965,-8.3606824620603586],[117.956381089666,-8.369726584788328]]]},"properties":{"FID":144,"Grid_ID":"145","Nilai":0}},{"type":"Feature","id":145,"geometry":{"type":"Polygon","coordinates":[[[117.96546265193149,-8.3697045039724163],[117.97454418926851,-8.3696822145516272],[117.9745217153916,-8.3606381404298791],[117.96544038740345,-8.3606604054332987],[117.96546265193149,-8.3697045039724163]]]},"properties":{"FID":145,"Grid_ID":"146","Nilai":1}},{"type":"Feature","id":146,"geometry":{"type":"Polygon","coordinates":[[[117.97454418926851,-8.3696822145516272],[117.98362570144273,-8.3696597165287372],[117.98360301821981,-8.3606156670528797],[117.9745217153916,-8.3606381404298791],[117.97454418926851,-8.3696822145516272]]]},"properties":{"FID":146,"Grid_ID":"147","Nilai":0}},{"type":"Feature","id":147,"geometry":{"type":"Polygon","coordinates":[[[117.98362570144273,-8.3696597165287372],[117.99270718821971,-8.3696370099065565],[117.99268429565362,-8.3605929853050949],[117.98360301821981,-8.3606156670528797],[117.98362570144273,-8.3696597165287372]]]},"properties":{"FID":147,"Grid_ID":"148","Nilai":0}},{"type":"Feature","id":148,"geometry":{"type":"Polygon","coordinates":[[[117.99270718821971,-8.3696370099065565],[118.00178864936511,-8.3696140946879094],[118.00176554745875,-8.3605700951893542],[117.99268429565362,-8.3605929853050949],[117.99270718821971,-8.3696370099065565]]]},"properties":{"FID":148,"Grid_ID":"149","Nilai":0}},{"type":"Feature","id":149,"geometry":{"type":"Polygon","coordinates":[[[118.00178864936511,-8.3696140946879094],[118.01087008464452,-8.3695909708756595],[118.0108467734008,-8.3605469967085142],[118.00176554745875,-8.3605700951893542],[118.00178864936511,-8.3696140946879094]]]},"properties":{"FID":149,"Grid_ID":"150","Nilai":1}},{"type":"Feature","id":150,"geometry":{"type":"Polygon","coordinates":[[[118.01087008464452,-8.3695909708756595],[118.01995149382357,-8.369567638472688],[118.01992797324546,-8.3605236898654525],[118.0108467734008,-8.3605469967085142],[118.01087008464452,-8.3695909708756595]]]},"properties":{"FID":150,"Grid_ID":"151","Nilai":0}},{"type":"Feature","id":151,"geometry":{"type":"Polygon","coordinates":[[[118.01995149382357,-8.369567638472688],[118.02903287666788,-8.3695440974818993],[118.02900914675834,-8.3605001746630734],[118.01992797324546,-8.3605236898654525],[118.01995149382357,-8.369567638472688]]]},"properties":{"FID":151,"Grid_ID":"152","Nilai":1}},{"type":"Feature","id":152,"geometry":{"type":"Polygon","coordinates":[[[118.02903287666788,-8.3695440974818993],[118.03811423294312,-8.3695203479062279],[118.03809029370511,-8.3604764511043097],[118.02900914675834,-8.3605001746630734],[118.02903287666788,-8.3695440974818993]]]},"properties":{"FID":152,"Grid_ID":"153","Nilai":0}},{"type":"Feature","id":153,"geometry":{"type":"Polygon","coordinates":[[[118.03811423294312,-8.3695203479062279],[118.04719556241486,-8.3694963897486421],[118.04717141385143,-8.3604525191921191],[118.03809029370511,-8.3604764511043097],[118.03811423294312,-8.3695203479062279]]]},"properties":{"FID":153,"Grid_ID":"154","Nilai":0}},{"type":"Feature","id":154,"geometry":{"type":"Polygon","coordinates":[[[118.04719556241486,-8.3694963897486421],[118.05627686484875,-8.3694722230121243],[118.05625250696298,-8.360428378929484],[118.04717141385143,-8.3604525191921191],[118.04719556241486,-8.3694963897486421]]]},"properties":{"FID":154,"Grid_ID":"155","Nilai":0}},{"type":"Feature","id":155,"geometry":{"type":"Polygon","coordinates":[[[118.05627686484875,-8.3694722230121243],[118.06535814001049,-8.3694478476996839],[118.0653335728054,-8.3604040303194171],[118.05625250696298,-8.360428378929484],[118.05627686484875,-8.3694722230121243]]]},"properties":{"FID":155,"Grid_ID":"156","Nilai":1}},{"type":"Feature","id":156,"geometry":{"type":"Polygon","coordinates":[[[118.06535814001049,-8.3694478476996839],[118.07443938766565,-8.3694232638143671],[118.07441461114438,-8.3603794733649472],[118.0653335728054,-8.3604040303194171],[118.06535814001049,-8.3694478476996839]]]},"properties":{"FID":156,"Grid_ID":"157","Nilai":0}},{"type":"Feature","id":157,"geometry":{"type":"Polygon","coordinates":[[[118.07443938766565,-8.3694232638143671],[118.08352060757989,-8.3693984713592275],[118.08349562174557,-8.3603547080691438],[118.07441461114438,-8.3603794733649472],[118.07443938766565,-8.3694232638143671]]]},"properties":{"FID":157,"Grid_ID":"158","Nilai":0}},{"type":"Feature","id":158,"geometry":{"type":"Polygon","coordinates":[[[118.08352060757989,-8.3693984713592275],[118.09260179951892,-8.3693734703373668],[118.09257660437466,-8.3603297344350853],[118.08349562174557,-8.3603547080691438],[118.08352060757989,-8.3693984713592275]]]},"properties":{"FID":158,"Grid_ID":"159","Nilai":0}},{"type":"Feature","id":159,"geometry":{"type":"Polygon","coordinates":[[[118.09260179951892,-8.3693734703373668],[118.10168296324831,-8.3693482607518952],[118.10165755879734,-8.3603045524658874],[118.09257660437466,-8.3603297344350853],[118.09260179951892,-8.3693734703373668]]]},"properties":{"FID":159,"Grid_ID":"160","Nilai":0}},{"type":"Feature","id":160,"geometry":{"type":"Polygon","coordinates":[[[118.10168296324831,-8.3693482607518952],[118.11076409853376,-8.3693228426059587],[118.11073848477928,-8.3602791621646944],[118.10165755879734,-8.3603045524658874],[118.10168296324831,-8.3693482607518952]]]},"properties":{"FID":160,"Grid_ID":"161","Nilai":0}},{"type":"Feature","id":161,"geometry":{"type":"Polygon","coordinates":[[[118.11076409853376,-8.3693228426059587],[118.11984520514095,-8.3692972159027228],[118.11981938208616,-8.360253563534668],[118.11073848477928,-8.3602791621646944],[118.11076409853376,-8.3693228426059587]]]},"properties":{"FID":161,"Grid_ID":"162","Nilai":0}},{"type":"Feature","id":162,"geometry":{"type":"Polygon","coordinates":[[[118.11984520514095,-8.3692972159027228],[118.12892628283551,-8.3692713806453831],[118.12890025048372,-8.3602277565789969],[118.11981938208616,-8.360253563534668],[118.11984520514095,-8.3692972159027228]]]},"properties":{"FID":162,"Grid_ID":"163","Nilai":0}},{"type":"Feature","id":163,"geometry":{"type":"Polygon","coordinates":[[[118.12892628283551,-8.3692713806453831],[118.13800733138312,-8.369245336837162],[118.13798108973761,-8.3602017413009015],[118.12890025048372,-8.3602277565789969],[118.12892628283551,-8.3692713806453831]]]},"properties":{"FID":163,"Grid_ID":"164","Nilai":0}},{"type":"Feature","id":164,"geometry":{"type":"Polygon","coordinates":[[[118.13800733138312,-8.369245336837162],[118.14708835054945,-8.3692190844813048],[118.14706189961352,-8.3601755177036203],[118.13798108973761,-8.3602017413009015],[118.13800733138312,-8.369245336837162]]]},"properties":{"FID":164,"Grid_ID":"165","Nilai":0}},{"type":"Feature","id":165,"geometry":{"type":"Polygon","coordinates":[[[118.14708835054945,-8.3692190844813048],[118.15616934010022,-8.3691926235810836],[118.15614267987719,-8.3601490857904288],[118.14706189961352,-8.3601755177036203],[118.14708835054945,-8.3692190844813048]]]},"properties":{"FID":165,"Grid_ID":"166","Nilai":0}},{"type":"Feature","id":166,"geometry":{"type":"Polygon","coordinates":[[[118.15616934010022,-8.3691926235810836],[118.16525029980104,-8.3691659541397971],[118.1652234302943,-8.360122445564615],[118.15614267987719,-8.3601490857904288],[118.15616934010022,-8.3691926235810836]]]},"properties":{"FID":166,"Grid_ID":"167","Nilai":0}},{"type":"Feature","id":167,"geometry":{"type":"Polygon","coordinates":[[[118.16525029980104,-8.3691659541397971],[118.17433122941766,-8.3691390761607671],[118.1743041506306,-8.3600955970295043],[118.1652234302943,-8.360122445564615],[118.16525029980104,-8.3691659541397971]]]},"properties":{"FID":167,"Grid_ID":"168","Nilai":1}},{"type":"Feature","id":168,"geometry":{"type":"Polygon","coordinates":[[[118.17433122941766,-8.3691390761607671],[118.18341212871573,-8.3691119896473474],[118.18338484065177,-8.360068540188438],[118.1743041506306,-8.3600955970295043],[118.17433122941766,-8.3691390761607671]]]},"properties":{"FID":168,"Grid_ID":"169","Nilai":0}},{"type":"Feature","id":169,"geometry":{"type":"Polygon","coordinates":[[[118.18341212871573,-8.3691119896473474],[118.19249299746093,-8.3690846946029165],[118.19246550012352,-8.3600412750447948],[118.18338484065177,-8.360068540188438],[118.18341212871573,-8.3691119896473474]]]},"properties":{"FID":169,"Grid_ID":"170","Nilai":0}},{"type":"Feature","id":170,"geometry":{"type":"Polygon","coordinates":[[[117.87462577528434,-8.3608715943225516],[117.88370734198179,-8.3608514132033545],[117.88368698453309,-8.3518071010168811],[117.87460562697706,-8.3518272600049972],[117.87462577528434,-8.3608715943225516]]]},"properties":{"FID":170,"Grid_ID":"171","Nilai":0}},{"type":"Feature","id":171,"geometry":{"type":"Polygon","coordinates":[[[117.88370734198179,-8.3608514132033545],[117.89278888586303,-8.3608310236839838],[117.8927683192755,-8.3517867338571286],[117.88368698453309,-8.3518071010168811],[117.88370734198179,-8.3608514132033545]]]},"properties":{"FID":171,"Grid_ID":"172","Nilai":0}},{"type":"Feature","id":172,"geometry":{"type":"Polygon","coordinates":[[[117.89278888586303,-8.3608310236839838],[117.90187040669366,-8.3608104257669851],[117.90184963096993,-8.3517661585282781],[117.8927683192755,-8.3517867338571286],[117.89278888586303,-8.3608310236839838]]]},"properties":{"FID":172,"Grid_ID":"173","Nilai":0}},{"type":"Feature","id":173,"geometry":{"type":"Polygon","coordinates":[[[117.90187040669366,-8.3608104257669851],[117.91095190423937,-8.3607896194549216],[117.91093091938201,-8.3517453750328894],[117.90184963096993,-8.3517661585282781],[117.90187040669366,-8.3608104257669851]]]},"properties":{"FID":173,"Grid_ID":"174","Nilai":0}},{"type":"Feature","id":174,"geometry":{"type":"Polygon","coordinates":[[[117.91095190423937,-8.3607896194549216],[117.92003337826567,-8.3607686047503886],[117.92001218427735,-8.3517243833735595],[117.91093091938201,-8.3517453750328894],[117.91095190423937,-8.3607896194549216]]]},"properties":{"FID":174,"Grid_ID":"175","Nilai":1}},{"type":"Feature","id":175,"geometry":{"type":"Polygon","coordinates":[[[117.92003337826567,-8.3607686047503886],[117.92911482853823,-8.3607473816560081],[117.92909342542164,-8.3517031835529032],[117.92001218427735,-8.3517243833735595],[117.92003337826567,-8.3607686047503886]]]},"properties":{"FID":175,"Grid_ID":"176","Nilai":1}},{"type":"Feature","id":176,"geometry":{"type":"Polygon","coordinates":[[[117.92911482853823,-8.3607473816560081],[117.93819625482266,-8.3607259501744231],[117.93817464258051,-8.3516817755735619],[117.92909342542164,-8.3517031835529032],[117.92911482853823,-8.3607473816560081]]]},"properties":{"FID":176,"Grid_ID":"177","Nilai":0}},{"type":"Feature","id":177,"geometry":{"type":"Polygon","coordinates":[[[117.93819625482266,-8.3607259501744231],[117.94727765688459,-8.3607043103083072],[117.9472558355196,-8.3516601594382092],[117.93817464258051,-8.3516817755735619],[117.93819625482266,-8.3607259501744231]]]},"properties":{"FID":177,"Grid_ID":"178","Nilai":0}},{"type":"Feature","id":178,"geometry":{"type":"Polygon","coordinates":[[[117.94727765688459,-8.3607043103083072],[117.95635903448965,-8.3606824620603586],[117.95633700400455,-8.3516383351495342],[117.9472558355196,-8.3516601594382092],[117.94727765688459,-8.3607043103083072]]]},"properties":{"FID":178,"Grid_ID":"179","Nilai":0}},{"type":"Feature","id":179,"geometry":{"type":"Polygon","coordinates":[[[117.95635903448965,-8.3606824620603586],[117.96544038740345,-8.3606604054332987],[117.96541814780103,-8.3516163027102621],[117.95633700400455,-8.3516383351495342],[117.95635903448965,-8.3606824620603586]]]},"properties":{"FID":179,"Grid_ID":"180","Nilai":0}},{"type":"Feature","id":180,"geometry":{"type":"Polygon","coordinates":[[[117.96544038740345,-8.3606604054332987],[117.9745217153916,-8.3606381404298791],[117.9744992666747,-8.3515940621231355],[117.96541814780103,-8.3516163027102621],[117.96544038740345,-8.3606604054332987]]]},"properties":{"FID":180,"Grid_ID":"181","Nilai":0}},{"type":"Feature","id":181,"geometry":{"type":"Polygon","coordinates":[[[117.9745217153916,-8.3606381404298791],[117.98360301821981,-8.3606156670528797],[117.98358036039122,-8.3515716133909308],[117.9744992666747,-8.3515940621231355],[117.9745217153916,-8.3606381404298791]]]},"properties":{"FID":181,"Grid_ID":"182","Nilai":1}},{"type":"Feature","id":182,"geometry":{"type":"Polygon","coordinates":[[[117.98360301821981,-8.3606156670528797],[117.99268429565362,-8.3605929853050949],[117.99266142871625,-8.351548956516444],[117.98358036039122,-8.3515716133909308],[117.98360301821981,-8.3606156670528797]]]},"properties":{"FID":182,"Grid_ID":"183","Nilai":0}},{"type":"Feature","id":183,"geometry":{"type":"Polygon","coordinates":[[[117.99268429565362,-8.3605929853050949],[118.00176554745875,-8.3605700951893542],[118.00174247141545,-8.3515260915024996],[117.99266142871625,-8.351548956516444],[117.99268429565362,-8.3605929853050949]]]},"properties":{"FID":183,"Grid_ID":"184","Nilai":0}},{"type":"Feature","id":184,"geometry":{"type":"Polygon","coordinates":[[[118.00176554745875,-8.3605700951893542],[118.0108467734008,-8.3605469967085142],[118.01082348825452,-8.3515030183519503],[118.00174247141545,-8.3515260915024996],[118.00176554745875,-8.3605700951893542]]]},"properties":{"FID":184,"Grid_ID":"185","Nilai":0}},{"type":"Feature","id":185,"geometry":{"type":"Polygon","coordinates":[[[118.0108467734008,-8.3605469967085142],[118.01992797324546,-8.3605236898654525],[118.01990447899908,-8.3514797370676721],[118.01082348825452,-8.3515030183519503],[118.0108467734008,-8.3605469967085142]]]},"properties":{"FID":185,"Grid_ID":"186","Nilai":0}},{"type":"Feature","id":186,"geometry":{"type":"Polygon","coordinates":[[[118.01992797324546,-8.3605236898654525],[118.02900914675834,-8.3605001746630734],[118.02898544341488,-8.3514562476525622],[118.01990447899908,-8.3514797370676721],[118.01992797324546,-8.3605236898654525]]]},"properties":{"FID":186,"Grid_ID":"187","Nilai":1}},{"type":"Feature","id":187,"geometry":{"type":"Polygon","coordinates":[[[118.02900914675834,-8.3605001746630734],[118.03809029370511,-8.3604764511043097],[118.03806638126757,-8.351432550109557],[118.02898544341488,-8.3514562476525622],[118.02900914675834,-8.3605001746630734]]]},"properties":{"FID":187,"Grid_ID":"188","Nilai":0}},{"type":"Feature","id":188,"geometry":{"type":"Polygon","coordinates":[[[118.03809029370511,-8.3604764511043097],[118.04717141385143,-8.3604525191921191],[118.04714729232279,-8.3514086444416034],[118.03806638126757,-8.351432550109557],[118.03809029370511,-8.3604764511043097]]]},"properties":{"FID":188,"Grid_ID":"189","Nilai":0}},{"type":"Feature","id":189,"geometry":{"type":"Polygon","coordinates":[[[118.04717141385143,-8.3604525191921191],[118.05625250696298,-8.360428378929484],[118.05622817634629,-8.3513845306516856],[118.04714729232279,-8.3514086444416034],[118.04717141385143,-8.3604525191921191]]]},"properties":{"FID":189,"Grid_ID":"190","Nilai":0}},{"type":"Feature","id":190,"geometry":{"type":"Polygon","coordinates":[[[118.05625250696298,-8.360428378929484],[118.0653335728054,-8.3604040303194171],[118.06530903310376,-8.3513602087428076],[118.05622817634629,-8.3513845306516856],[118.05625250696298,-8.360428378929484]]]},"properties":{"FID":190,"Grid_ID":"191","Nilai":1}},{"type":"Feature","id":191,"geometry":{"type":"Polygon","coordinates":[[[118.0653335728054,-8.3604040303194171],[118.07441461114438,-8.3603794733649472],[118.07438986236087,-8.3513356787180015],[118.06530903310376,-8.3513602087428076],[118.0653335728054,-8.3604040303194171]]]},"properties":{"FID":191,"Grid_ID":"192","Nilai":0}},{"type":"Feature","id":192,"geometry":{"type":"Polygon","coordinates":[[[118.07441461114438,-8.3603794733649472],[118.08349562174557,-8.3603547080691438],[118.08347066388332,-8.3513109405803263],[118.07438986236087,-8.3513356787180015],[118.07441461114438,-8.3603794733649472]]]},"properties":{"FID":192,"Grid_ID":"193","Nilai":0}},{"type":"Feature","id":193,"geometry":{"type":"Polygon","coordinates":[[[118.08349562174557,-8.3603547080691438],[118.09257660437466,-8.3603297344350853],[118.09255143743684,-8.3512859943328657],[118.08347066388332,-8.3513109405803263],[118.08349562174557,-8.3603547080691438]]]},"properties":{"FID":193,"Grid_ID":"194","Nilai":0}},{"type":"Feature","id":194,"geometry":{"type":"Polygon","coordinates":[[[118.09257660437466,-8.3603297344350853],[118.10165755879734,-8.3603045524658874],[118.10163218278711,-8.3512608399787265],[118.09255143743684,-8.3512859943328657],[118.09257660437466,-8.3603297344350853]]]},"properties":{"FID":194,"Grid_ID":"195","Nilai":0}},{"type":"Feature","id":195,"geometry":{"type":"Polygon","coordinates":[[[118.10165755879734,-8.3603045524658874],[118.11073848477928,-8.3602791621646944],[118.11071289969983,-8.3512354775210476],[118.10163218278711,-8.3512608399787265],[118.10165755879734,-8.3603045524658874]]]},"properties":{"FID":195,"Grid_ID":"196","Nilai":0}},{"type":"Feature","id":196,"geometry":{"type":"Polygon","coordinates":[[[118.11073848477928,-8.3602791621646944],[118.11981938208616,-8.360253563534668],[118.11979358794075,-8.3512099069629873],[118.11071289969983,-8.3512354775210476],[118.11073848477928,-8.3602791621646944]]]},"properties":{"FID":196,"Grid_ID":"197","Nilai":0}},{"type":"Feature","id":197,"geometry":{"type":"Polygon","coordinates":[[[118.11981938208616,-8.360253563534668],[118.12890025048372,-8.3602277565789969],[118.12887424727559,-8.3511841283077359],[118.11979358794075,-8.3512099069629873],[118.11981938208616,-8.360253563534668]]]},"properties":{"FID":197,"Grid_ID":"198","Nilai":1}},{"type":"Feature","id":198,"geometry":{"type":"Polygon","coordinates":[[[118.12890025048372,-8.3602277565789969],[118.13798108973761,-8.3602017413009015],[118.13795487747004,-8.351158141558507],[118.12887424727559,-8.3511841283077359],[118.12890025048372,-8.3602277565789969]]]},"properties":{"FID":198,"Grid_ID":"199","Nilai":0}},{"type":"Feature","id":199,"geometry":{"type":"Polygon","coordinates":[[[118.13798108973761,-8.3602017413009015],[118.14706189961352,-8.3601755177036203],[118.14703547828984,-8.3511319467185334],[118.13795487747004,-8.351158141558507],[118.13798108973761,-8.3602017413009015]]]},"properties":{"FID":199,"Grid_ID":"200","Nilai":0}},{"type":"Feature","id":200,"geometry":{"type":"Polygon","coordinates":[[[118.14706189961352,-8.3601755177036203],[118.15614267987719,-8.3601490857904288],[118.15611604950071,-8.351105543791089],[118.14703547828984,-8.3511319467185334],[118.14706189961352,-8.3601755177036203]]]},"properties":{"FID":200,"Grid_ID":"201","Nilai":1}},{"type":"Feature","id":201,"geometry":{"type":"Polygon","coordinates":[[[118.15614267987719,-8.3601490857904288],[118.1652234302943,-8.360122445564615],[118.1651965908684,-8.3510789327794583],[118.15611604950071,-8.351105543791089],[118.15614267987719,-8.3601490857904288]]]},"properties":{"FID":201,"Grid_ID":"202","Nilai":1}},{"type":"Feature","id":202,"geometry":{"type":"Polygon","coordinates":[[[118.1652234302943,-8.360122445564615],[118.1743041506306,-8.3600955970295043],[118.17427710215867,-8.3510521136869631],[118.1651965908684,-8.3510789327794583],[118.1652234302943,-8.360122445564615]]]},"properties":{"FID":202,"Grid_ID":"203","Nilai":0}},{"type":"Feature","id":203,"geometry":{"type":"Polygon","coordinates":[[[118.1743041506306,-8.3600955970295043],[118.18338484065177,-8.360068540188438],[118.18335758313721,-8.3510250865169446],[118.17427710215867,-8.3510521136869631],[118.1743041506306,-8.3600955970295043]]]},"properties":{"FID":203,"Grid_ID":"204","Nilai":1}},{"type":"Feature","id":204,"geometry":{"type":"Polygon","coordinates":[[[118.18338484065177,-8.360068540188438],[118.19246550012352,-8.3600412750447948],[118.19243803356979,-8.3509978512727692],[118.18335758313721,-8.3510250865169446],[118.18338484065177,-8.360068540188438]]]},"properties":{"FID":204,"Grid_ID":"205","Nilai":1}},{"type":"Feature","id":205,"geometry":{"type":"Polygon","coordinates":[[[118.19246550012352,-8.3600412750447948],[118.2015461288116,-8.3600138016019674],[118.20151845322216,-8.3509704079578331],[118.19243803356979,-8.3509978512727692],[118.19246550012352,-8.3600412750447948]]]},"properties":{"FID":205,"Grid_ID":"206","Nilai":0}},{"type":"Feature","id":206,"geometry":{"type":"Polygon","coordinates":[[[117.88368698453309,-8.3518071010168811],[117.8927683192755,-8.3517867338571286],[117.89274777573598,-8.3427424398590002],[117.88366664989802,-8.3427627846601222],[117.88368698453309,-8.3518071010168811]]]},"properties":{"FID":206,"Grid_ID":"207","Nilai":0}},{"type":"Feature","id":207,"geometry":{"type":"Polygon","coordinates":[[[117.8927683192755,-8.3517867338571286],[117.90184963096993,-8.3517661585282781],[117.90182887852853,-8.3427218871172997],[117.89274777573598,-8.3427424398590002],[117.8927683192755,-8.3517867338571286]]]},"properties":{"FID":207,"Grid_ID":"208","Nilai":0}},{"type":"Feature","id":208,"geometry":{"type":"Polygon","coordinates":[[[117.90184963096993,-8.3517661585282781],[117.91093091938201,-8.3517453750328894],[117.91090995804136,-8.3427011264375839],[117.90182887852853,-8.3427218871172997],[117.90184963096993,-8.3517661585282781]]]},"properties":{"FID":208,"Grid_ID":"209","Nilai":0}},{"type":"Feature","id":209,"geometry":{"type":"Polygon","coordinates":[[[117.91093091938201,-8.3517453750328894],[117.92001218427735,-8.3517243833735595],[117.91999101404012,-8.3426801578224374],[117.91090995804136,-8.3427011264375839],[117.91093091938201,-8.3517453750328894]]]},"properties":{"FID":209,"Grid_ID":"210","Nilai":1}},{"type":"Feature","id":210,"geometry":{"type":"Polygon","coordinates":[[[117.92001218427735,-8.3517243833735595],[117.92909342542164,-8.3517031835529032],[117.92907204629049,-8.3426589812744787],[117.91999101404012,-8.3426801578224374],[117.92001218427735,-8.3517243833735595]]]},"properties":{"FID":210,"Grid_ID":"211","Nilai":1}},{"type":"Feature","id":211,"geometry":{"type":"Polygon","coordinates":[[[117.92909342542164,-8.3517031835529032],[117.93817464258051,-8.3516817755735619],[117.93815305455813,-8.3426375967963491],[117.92907204629049,-8.3426589812744787],[117.92909342542164,-8.3517031835529032]]]},"properties":{"FID":211,"Grid_ID":"212","Nilai":0}},{"type":"Feature","id":212,"geometry":{"type":"Polygon","coordinates":[[[117.93817464258051,-8.3516817755735619],[117.9472558355196,-8.3516601594382092],[117.94723403860873,-8.3426160043907078],[117.93815305455813,-8.3426375967963491],[117.93817464258051,-8.3516817755735619]]]},"properties":{"FID":212,"Grid_ID":"213","Nilai":0}},{"type":"Feature","id":213,"geometry":{"type":"Polygon","coordinates":[[[117.9472558355196,-8.3516601594382092],[117.95633700400455,-8.3516383351495342],[117.95631499820792,-8.3425942040602532],[117.94723403860873,-8.3426160043907078],[117.9472558355196,-8.3516601594382092]]]},"properties":{"FID":213,"Grid_ID":"214","Nilai":0}},{"type":"Feature","id":214,"geometry":{"type":"Polygon","coordinates":[[[117.95633700400455,-8.3516383351495342],[117.96541814780103,-8.3516163027102621],[117.96539593312144,-8.3425721958076959],[117.95631499820792,-8.3425942040602532],[117.95633700400455,-8.3516383351495342]]]},"properties":{"FID":214,"Grid_ID":"215","Nilai":0}},{"type":"Feature","id":215,"geometry":{"type":"Polygon","coordinates":[[[117.96541814780103,-8.3516163027102621],[117.9744992666747,-8.3515940621231355],[117.97447684311494,-8.3425499796357876],[117.96539593312144,-8.3425721958076959],[117.96541814780103,-8.3516163027102621]]]},"properties":{"FID":215,"Grid_ID":"216","Nilai":0}},{"type":"Feature","id":216,"geometry":{"type":"Polygon","coordinates":[[[117.9744992666747,-8.3515940621231355],[117.98358036039122,-8.3515716133909308],[117.98355772795412,-8.3425275555472922],[117.97447684311494,-8.3425499796357876],[117.9744992666747,-8.3515940621231355]]]},"properties":{"FID":216,"Grid_ID":"217","Nilai":1}},{"type":"Feature","id":217,"geometry":{"type":"Polygon","coordinates":[[[117.98358036039122,-8.3515716133909308],[117.99266142871625,-8.351548956516444],[117.9926385874047,-8.3425049235450057],[117.98355772795412,-8.3425275555472922],[117.98358036039122,-8.3515716133909308]]]},"properties":{"FID":217,"Grid_ID":"218","Nilai":0}},{"type":"Feature","id":218,"geometry":{"type":"Polygon","coordinates":[[[117.99266142871625,-8.351548956516444],[118.00174247141545,-8.3515260915024996],[118.00171942123229,-8.3424820836317544],[117.9926385874047,-8.3425049235450057],[117.99266142871625,-8.351548956516444]]]},"properties":{"FID":218,"Grid_ID":"219","Nilai":0}},{"type":"Feature","id":219,"geometry":{"type":"Polygon","coordinates":[[[118.00174247141545,-8.3515260915024996],[118.01082348825452,-8.3515030183519503],[118.01080022920267,-8.3424590358103785],[118.00171942123229,-8.3424820836317544],[118.00174247141545,-8.3515260915024996]]]},"properties":{"FID":219,"Grid_ID":"220","Nilai":0}},{"type":"Feature","id":220,"geometry":{"type":"Polygon","coordinates":[[[118.01082348825452,-8.3515030183519503],[118.01990447899908,-8.3514797370676721],[118.01988101108154,-8.3424357800837541],[118.01080022920267,-8.3424590358103785],[118.01082348825452,-8.3515030183519503]]]},"properties":{"FID":220,"Grid_ID":"221","Nilai":0}},{"type":"Feature","id":221,"geometry":{"type":"Polygon","coordinates":[[[118.01990447899908,-8.3514797370676721],[118.02898544341488,-8.3514562476525622],[118.02896176663454,-8.3424123164547783],[118.01988101108154,-8.3424357800837541],[118.01990447899908,-8.3514797370676721]]]},"properties":{"FID":221,"Grid_ID":"222","Nilai":0}},{"type":"Feature","id":222,"geometry":{"type":"Polygon","coordinates":[[[118.02898544341488,-8.3514562476525622],[118.03806638126757,-8.351432550109557],[118.03804249562742,-8.3423886449263804],[118.02896176663454,-8.3424123164547783],[118.02898544341488,-8.3514562476525622]]]},"properties":{"FID":222,"Grid_ID":"223","Nilai":0}},{"type":"Feature","id":223,"geometry":{"type":"Polygon","coordinates":[[[118.03806638126757,-8.351432550109557],[118.04714729232279,-8.3514086444416034],[118.0471231978259,-8.3423647655015092],[118.03804249562742,-8.3423886449263804],[118.03806638126757,-8.351432550109557]]]},"properties":{"FID":223,"Grid_ID":"224","Nilai":0}},{"type":"Feature","id":224,"geometry":{"type":"Polygon","coordinates":[[[118.04714729232279,-8.3514086444416034],[118.05622817634629,-8.3513845306516856],[118.05620387299568,-8.3423406781831382],[118.0471231978259,-8.3423647655015092],[118.04714729232279,-8.3514086444416034]]]},"properties":{"FID":224,"Grid_ID":"225","Nilai":0}},{"type":"Feature","id":225,"geometry":{"type":"Polygon","coordinates":[[[118.05622817634629,-8.3513845306516856],[118.06530903310376,-8.3513602087428076],[118.06528452090248,-8.3423163829742748],[118.05620387299568,-8.3423406781831382],[118.05622817634629,-8.3513845306516856]]]},"properties":{"FID":225,"Grid_ID":"226","Nilai":0}},{"type":"Feature","id":226,"geometry":{"type":"Polygon","coordinates":[[[118.06530903310376,-8.3513602087428076],[118.07438986236087,-8.3513356787180015],[118.07436514131203,-8.3422918798779442],[118.06528452090248,-8.3423163829742748],[118.06530903310376,-8.3513602087428076]]]},"properties":{"FID":226,"Grid_ID":"227","Nilai":0}},{"type":"Feature","id":227,"geometry":{"type":"Polygon","coordinates":[[[118.07438986236087,-8.3513356787180015],[118.08347066388332,-8.3513109405803263],[118.08344573399003,-8.3422671688972017],[118.07436514131203,-8.3422918798779442],[118.07438986236087,-8.3513356787180015]]]},"properties":{"FID":227,"Grid_ID":"228","Nilai":0}},{"type":"Feature","id":228,"geometry":{"type":"Polygon","coordinates":[[[118.08347066388332,-8.3513109405803263],[118.09255143743684,-8.3512859943328657],[118.09252629870224,-8.3422422500351274],[118.08344573399003,-8.3422671688972017],[118.08347066388332,-8.3513109405803263]]]},"properties":{"FID":228,"Grid_ID":"229","Nilai":0}},{"type":"Feature","id":229,"geometry":{"type":"Polygon","coordinates":[[[118.09255143743684,-8.3512859943328657],[118.10163218278711,-8.3512608399787265],[118.1016068352144,-8.3422171232948266],[118.09252629870224,-8.3422422500351274],[118.09255143743684,-8.3512859943328657]]]},"properties":{"FID":229,"Grid_ID":"230","Nilai":0}},{"type":"Feature","id":230,"geometry":{"type":"Polygon","coordinates":[[[118.10163218278711,-8.3512608399787265],[118.11071289969983,-8.3512354775210476],[118.1106873432922,-8.3421917886794326],[118.1016068352144,-8.3422171232948266],[118.10163218278711,-8.3512608399787265]]]},"properties":{"FID":230,"Grid_ID":"231","Nilai":0}},{"type":"Feature","id":231,"geometry":{"type":"Polygon","coordinates":[[[118.11071289969983,-8.3512354775210476],[118.11979358794075,-8.3512099069629873],[118.11976782270143,-8.3421662461921038],[118.1106873432922,-8.3421917886794326],[118.11071289969983,-8.3512354775210476]]]},"properties":{"FID":231,"Grid_ID":"232","Nilai":0}},{"type":"Feature","id":232,"geometry":{"type":"Polygon","coordinates":[[[118.11979358794075,-8.3512099069629873],[118.12887424727559,-8.3511841283077359],[118.12884827320782,-8.3421404958360217],[118.11976782270143,-8.3421662461921038],[118.11979358794075,-8.3512099069629873]]]},"properties":{"FID":232,"Grid_ID":"233","Nilai":1}},{"type":"Feature","id":233,"geometry":{"type":"Polygon","coordinates":[[[118.12887424727559,-8.3511841283077359],[118.13795487747004,-8.351158141558507],[118.13792869457711,-8.3421145376143997],[118.12884827320782,-8.3421404958360217],[118.12887424727559,-8.3511841283077359]]]},"properties":{"FID":233,"Grid_ID":"234","Nilai":1}},{"type":"Feature","id":234,"geometry":{"type":"Polygon","coordinates":[[[118.13795487747004,-8.351158141558507],[118.14703547828984,-8.3511319467185334],[118.14700908657507,-8.3420883715304708],[118.13792869457711,-8.3421145376143997],[118.13795487747004,-8.351158141558507]]]},"properties":{"FID":234,"Grid_ID":"235","Nilai":0}},{"type":"Feature","id":235,"geometry":{"type":"Polygon","coordinates":[[[118.14703547828984,-8.3511319467185334],[118.15611604950071,-8.351105543791089],[118.15608944896741,-8.3420619975874928],[118.14700908657507,-8.3420883715304708],[118.14703547828984,-8.3511319467185334]]]},"properties":{"FID":235,"Grid_ID":"236","Nilai":0}},{"type":"Feature","id":236,"geometry":{"type":"Polygon","coordinates":[[[118.15611604950071,-8.351105543791089],[118.1651965908684,-8.3510789327794583],[118.16516978151995,-8.3420354157887608],[118.15608944896741,-8.3420619975874928],[118.15611604950071,-8.351105543791089]]]},"properties":{"FID":236,"Grid_ID":"237","Nilai":0}},{"type":"Feature","id":237,"geometry":{"type":"Polygon","coordinates":[[[118.1651965908684,-8.3510789327794583],[118.17427710215867,-8.3510521136869631],[118.17425008399843,-8.3420086261375825],[118.16516978151995,-8.3420354157887608],[118.1651965908684,-8.3510789327794583]]]},"properties":{"FID":237,"Grid_ID":"238","Nilai":0}},{"type":"Feature","id":238,"geometry":{"type":"Polygon","coordinates":[[[118.17427710215867,-8.3510521136869631],[118.18335758313721,-8.3510250865169446],[118.1833303561686,-8.3419816286372974],[118.17425008399843,-8.3420086261375825],[118.17427710215867,-8.3510521136869631]]]},"properties":{"FID":238,"Grid_ID":"239","Nilai":0}},{"type":"Feature","id":239,"geometry":{"type":"Polygon","coordinates":[[[118.18335758313721,-8.3510250865169446],[118.19243803356979,-8.3509978512727692],[118.19241059779625,-8.3419544232912735],[118.1833303561686,-8.3419816286372974],[118.18335758313721,-8.3510250865169446]]]},"properties":{"FID":239,"Grid_ID":"240","Nilai":1}},{"type":"Feature","id":240,"geometry":{"type":"Polygon","coordinates":[[[118.19243803356979,-8.3509978512727692],[118.20151845322216,-8.3509704079578331],[118.20149080864716,-8.3419270101028999],[118.19241059779625,-8.3419544232912735],[118.19243803356979,-8.3509978512727692]]]},"properties":{"FID":240,"Grid_ID":"241","Nilai":1}},{"type":"Feature","id":241,"geometry":{"type":"Polygon","coordinates":[[[118.20151845322216,-8.3509704079578331],[118.21059884186008,-8.3509427565755594],[118.21057098848712,-8.3418993890755928],[118.20149080864716,-8.3419270101028999],[118.20151845322216,-8.3509704079578331]]]},"properties":{"FID":241,"Grid_ID":"242","Nilai":1}},{"type":"Feature","id":242,"geometry":{"type":"Polygon","coordinates":[[[118.21059884186008,-8.3509427565755594],[118.21967919924931,-8.3509148971293889],[118.21965113708187,-8.3418715602127929],[118.21057098848712,-8.3418993890755928],[118.21059884186008,-8.3509427565755594]]]},"properties":{"FID":242,"Grid_ID":"243","Nilai":0}},{"type":"Feature","id":243,"geometry":{"type":"Polygon","coordinates":[[[117.88366664989802,-8.3427627846601222],[117.89274777573598,-8.3427424398590002],[117.89272725524184,-8.3336981416939917],[117.88364633807402,-8.3337184641374691],[117.88366664989802,-8.3427627846601222]]]},"properties":{"FID":243,"Grid_ID":"244","Nilai":0}},{"type":"Feature","id":244,"geometry":{"type":"Polygon","coordinates":[[[117.89274777573598,-8.3427424398590002],[117.90182887852853,-8.3427218871172997],[117.90180814936689,-8.3336776115384463],[117.89272725524184,-8.3336981416939917],[117.89274777573598,-8.3427424398590002]]]},"properties":{"FID":244,"Grid_ID":"245","Nilai":0}},{"type":"Feature","id":245,"geometry":{"type":"Polygon","coordinates":[[[117.90182887852853,-8.3427218871172997],[117.91090995804136,-8.3427011264375839],[117.91088902021481,-8.3336568736733962],[117.90180814936689,-8.3336776115384463],[117.90182887852853,-8.3427218871172997]]]},"properties":{"FID":245,"Grid_ID":"246","Nilai":1}},{"type":"Feature","id":246,"geometry":{"type":"Polygon","coordinates":[[[117.91090995804136,-8.3427011264375839],[117.91999101404012,-8.3426801578224374],[117.9199698675513,-8.3336359281014225],[117.91088902021481,-8.3336568736733962],[117.91090995804136,-8.3427011264375839]]]},"properties":{"FID":246,"Grid_ID":"247","Nilai":1}},{"type":"Feature","id":247,"geometry":{"type":"Polygon","coordinates":[[[117.91999101404012,-8.3426801578224374],[117.92907204629049,-8.3426589812744787],[117.92905069114207,-8.3336147748251364],[117.9199698675513,-8.3336359281014225],[117.91999101404012,-8.3426801578224374]]]},"properties":{"FID":247,"Grid_ID":"248","Nilai":1}},{"type":"Feature","id":248,"geometry":{"type":"Polygon","coordinates":[[[117.92907204629049,-8.3426589812744787],[117.93815305455813,-8.3426375967963491],[117.9381314907528,-8.3335934138471757],[117.92905069114207,-8.3336147748251364],[117.92907204629049,-8.3426589812744787]]]},"properties":{"FID":248,"Grid_ID":"249","Nilai":0}},{"type":"Feature","id":249,"geometry":{"type":"Polygon","coordinates":[[[117.93815305455813,-8.3426375967963491],[117.94723403860873,-8.3426160043907078],[117.94721226614921,-8.3335718451702068],[117.9381314907528,-8.3335934138471757],[117.93815305455813,-8.3426375967963491]]]},"properties":{"FID":249,"Grid_ID":"250","Nilai":0}},{"type":"Feature","id":250,"geometry":{"type":"Polygon","coordinates":[[[117.94723403860873,-8.3426160043907078],[117.95631499820792,-8.3425942040602532],[117.956293017097,-8.333550068796912],[117.94721226614921,-8.3335718451702068],[117.94723403860873,-8.3426160043907078]]]},"properties":{"FID":250,"Grid_ID":"251","Nilai":0}},{"type":"Feature","id":251,"geometry":{"type":"Polygon","coordinates":[[[117.95631499820792,-8.3425942040602532],[117.96539593312144,-8.3425721958076959],[117.96537374336185,-8.3335280847300108],[117.956293017097,-8.333550068796912],[117.95631499820792,-8.3425942040602532]]]},"properties":{"FID":251,"Grid_ID":"252","Nilai":0}},{"type":"Feature","id":252,"geometry":{"type":"Polygon","coordinates":[[[117.96539593312144,-8.3425721958076959],[117.97447684311494,-8.3425499796357876],[117.97445444470949,-8.333505892972239],[117.96537374336185,-8.3335280847300108],[117.96539593312144,-8.3425721958076959]]]},"properties":{"FID":252,"Grid_ID":"253","Nilai":0}},{"type":"Feature","id":253,"geometry":{"type":"Polygon","coordinates":[[[117.97447684311494,-8.3425499796357876],[117.98355772795412,-8.3425275555472922],[117.98353512090567,-8.3334834935263675],[117.97445444470949,-8.333505892972239],[117.97447684311494,-8.3425499796357876]]]},"properties":{"FID":253,"Grid_ID":"254","Nilai":1}},{"type":"Feature","id":254,"geometry":{"type":"Polygon","coordinates":[[[117.98355772795412,-8.3425275555472922],[117.9926385874047,-8.3425049235450057],[117.99261577171607,-8.3334608863951889],[117.98353512090567,-8.3334834935263675],[117.98355772795412,-8.3425275555472922]]]},"properties":{"FID":254,"Grid_ID":"255","Nilai":0}},{"type":"Feature","id":255,"geometry":{"type":"Polygon","coordinates":[[[117.9926385874047,-8.3425049235450057],[118.00171942123229,-8.3424820836317544],[118.00169639690641,-8.3334380715815168],[117.99261577171607,-8.3334608863951889],[117.9926385874047,-8.3425049235450057]]]},"properties":{"FID":255,"Grid_ID":"256","Nilai":0}},{"type":"Feature","id":256,"geometry":{"type":"Polygon","coordinates":[[[118.00171942123229,-8.3424820836317544],[118.01080022920267,-8.3424590358103785],[118.0107769962424,-8.3334150490882006],[118.00169639690641,-8.3334380715815168],[118.00171942123229,-8.3424820836317544]]]},"properties":{"FID":256,"Grid_ID":"257","Nilai":0}},{"type":"Feature","id":257,"geometry":{"type":"Polygon","coordinates":[[[118.01080022920267,-8.3424590358103785],[118.01988101108154,-8.3424357800837541],[118.0198575694898,-8.3333918189181038],[118.0107769962424,-8.3334150490882006],[118.01080022920267,-8.3424590358103785]]]},"properties":{"FID":257,"Grid_ID":"258","Nilai":0}},{"type":"Feature","id":258,"geometry":{"type":"Polygon","coordinates":[[[118.01988101108154,-8.3424357800837541],[118.02896176663454,-8.3424123164547783],[118.02893811641431,-8.3333683810741288],[118.0198575694898,-8.3333918189181038],[118.01988101108154,-8.3424357800837541]]]},"properties":{"FID":258,"Grid_ID":"259","Nilai":0}},{"type":"Feature","id":259,"geometry":{"type":"Polygon","coordinates":[[[118.02896176663454,-8.3424123164547783],[118.03804249562742,-8.3423886449263804],[118.03801863678171,-8.3333447355591925],[118.02893811641431,-8.3333683810741288],[118.02896176663454,-8.3424123164547783]]]},"properties":{"FID":259,"Grid_ID":"260","Nilai":0}},{"type":"Feature","id":260,"geometry":{"type":"Polygon","coordinates":[[[118.03804249562742,-8.3423886449263804],[118.0471231978259,-8.3423647655015092],[118.04709913035769,-8.3333208823762437],[118.03801863678171,-8.3333447355591925],[118.03804249562742,-8.3423886449263804]]]},"properties":{"FID":260,"Grid_ID":"261","Nilai":0}},{"type":"Feature","id":261,"geometry":{"type":"Polygon","coordinates":[[[118.0471231978259,-8.3423647655015092],[118.05620387299568,-8.3423406781831382],[118.05617959690804,-8.3332968215282577],[118.04709913035769,-8.3333208823762437],[118.0471231978259,-8.3423647655015092]]]},"properties":{"FID":261,"Grid_ID":"262","Nilai":0}},{"type":"Feature","id":262,"geometry":{"type":"Polygon","coordinates":[[[118.05620387299568,-8.3423406781831382],[118.06528452090248,-8.3423163829742748],[118.06526003619844,-8.3332725530182294],[118.05617959690804,-8.3332968215282577],[118.05620387299568,-8.3423406781831382]]]},"properties":{"FID":262,"Grid_ID":"263","Nilai":0}},{"type":"Feature","id":263,"geometry":{"type":"Polygon","coordinates":[[[118.06528452090248,-8.3423163829742748],[118.07436514131203,-8.3422918798779442],[118.0743404479947,-8.3332480768491877],[118.06526003619844,-8.3332725530182294],[118.06528452090248,-8.3423163829742748]]]},"properties":{"FID":263,"Grid_ID":"264","Nilai":1}},{"type":"Feature","id":264,"geometry":{"type":"Polygon","coordinates":[[[118.07436514131203,-8.3422918798779442],[118.08344573399003,-8.3422671688972017],[118.08342083206254,-8.3332233930241806],[118.0743404479947,-8.3332480768491877],[118.07436514131203,-8.3422918798779442]]]},"properties":{"FID":264,"Grid_ID":"265","Nilai":0}},{"type":"Feature","id":265,"geometry":{"type":"Polygon","coordinates":[[[118.08344573399003,-8.3422671688972017],[118.09252629870224,-8.3422422500351274],[118.09250118816774,-8.3331985015462884],[118.08342083206254,-8.3332233930241806],[118.08344573399003,-8.3422671688972017]]]},"properties":{"FID":265,"Grid_ID":"266","Nilai":0}},{"type":"Feature","id":266,"geometry":{"type":"Polygon","coordinates":[[[118.09252629870224,-8.3422422500351274],[118.1016068352144,-8.3422171232948266],[118.10158151607601,-8.333173402418609],[118.09250118816774,-8.3331985015462884],[118.09252629870224,-8.3422422500351274]]]},"properties":{"FID":266,"Grid_ID":"267","Nilai":0}},{"type":"Feature","id":267,"geometry":{"type":"Polygon","coordinates":[[[118.1016068352144,-8.3422171232948266],[118.1106873432922,-8.3421917886794326],[118.11066181555317,-8.3331480956442761],[118.10158151607601,-8.333173402418609],[118.1016068352144,-8.3422171232948266]]]},"properties":{"FID":267,"Grid_ID":"268","Nilai":0}},{"type":"Feature","id":268,"geometry":{"type":"Polygon","coordinates":[[[118.1106873432922,-8.3421917886794326],[118.11976782270143,-8.3421662461921038],[118.11974208636497,-8.3331225812264389],[118.11066181555317,-8.3331480956442761],[118.1106873432922,-8.3421917886794326]]]},"properties":{"FID":268,"Grid_ID":"269","Nilai":0}},{"type":"Feature","id":269,"geometry":{"type":"Polygon","coordinates":[[[118.11976782270143,-8.3421662461921038],[118.12884827320782,-8.3421404958360217],[118.12882232827717,-8.3330968591682826],[118.11974208636497,-8.3331225812264389],[118.11976782270143,-8.3421662461921038]]]},"properties":{"FID":269,"Grid_ID":"270","Nilai":1}},{"type":"Feature","id":270,"geometry":{"type":"Polygon","coordinates":[[[118.12884827320782,-8.3421404958360217],[118.13792869457711,-8.3421145376143997],[118.13790254105554,-8.3330709294730116],[118.12882232827717,-8.3330968591682826],[118.12884827320782,-8.3421404958360217]]]},"properties":{"FID":270,"Grid_ID":"271","Nilai":0}},{"type":"Feature","id":271,"geometry":{"type":"Polygon","coordinates":[[[118.13792869457711,-8.3421145376143997],[118.14700908657507,-8.3420883715304708],[118.14698272446589,-8.3330447921438537],[118.13790254105554,-8.3330709294730116],[118.13792869457711,-8.3421145376143997]]]},"properties":{"FID":271,"Grid_ID":"272","Nilai":0}},{"type":"Feature","id":272,"geometry":{"type":"Polygon","coordinates":[[[118.14700908657507,-8.3420883715304708],[118.15608944896741,-8.3420619975874928],[118.15606287827397,-8.3330184471840703],[118.14698272446589,-8.3330447921438537],[118.14700908657507,-8.3420883715304708]]]},"properties":{"FID":272,"Grid_ID":"273","Nilai":1}},{"type":"Feature","id":273,"geometry":{"type":"Polygon","coordinates":[[[118.15608944896741,-8.3420619975874928],[118.16516978151995,-8.3420354157887608],[118.16514300224556,-8.3329918945969439],[118.15606287827397,-8.3330184471840703],[118.15608944896741,-8.3420619975874928]]]},"properties":{"FID":273,"Grid_ID":"274","Nilai":0}},{"type":"Feature","id":274,"geometry":{"type":"Polygon","coordinates":[[[118.16516978151995,-8.3420354157887608],[118.17425008399843,-8.3420086261375825],[118.17422309614649,-8.3329651343857876],[118.16514300224556,-8.3329918945969439],[118.16516978151995,-8.3420354157887608]]]},"properties":{"FID":274,"Grid_ID":"275","Nilai":0}},{"type":"Feature","id":275,"geometry":{"type":"Polygon","coordinates":[[[118.17425008399843,-8.3420086261375825],[118.1833303561686,-8.3419816286372974],[118.18330315974252,-8.3329381665539355],[118.17422309614649,-8.3329651343857876],[118.17425008399843,-8.3420086261375825]]]},"properties":{"FID":275,"Grid_ID":"276","Nilai":0}},{"type":"Feature","id":276,"geometry":{"type":"Polygon","coordinates":[[[118.1833303561686,-8.3419816286372974],[118.19241059779625,-8.3419544232912735],[118.19238319279948,-8.3329109911047432],[118.18330315974252,-8.3329381665539355],[118.1833303561686,-8.3419816286372974]]]},"properties":{"FID":276,"Grid_ID":"277","Nilai":0}},{"type":"Feature","id":277,"geometry":{"type":"Polygon","coordinates":[[[118.19241059779625,-8.3419544232912735],[118.20149080864716,-8.3419270101028999],[118.20146319508315,-8.3328836080416018],[118.19238319279948,-8.3329109911047432],[118.19241059779625,-8.3419544232912735]]]},"properties":{"FID":277,"Grid_ID":"278","Nilai":1}},{"type":"Feature","id":278,"geometry":{"type":"Polygon","coordinates":[[[118.20149080864716,-8.3419270101028999],[118.21057098848712,-8.3418993890755928],[118.21054316635933,-8.3328560173679254],[118.20146319508315,-8.3328836080416018],[118.20149080864716,-8.3419270101028999]]]},"properties":{"FID":278,"Grid_ID":"279","Nilai":1}},{"type":"Feature","id":279,"geometry":{"type":"Polygon","coordinates":[[[118.21057098848712,-8.3418993890755928],[118.21965113708187,-8.3418715602127929],[118.21962310639384,-8.3328282190871512],[118.21054316635933,-8.3328560173679254],[118.21057098848712,-8.3418993890755928]]]},"properties":{"FID":279,"Grid_ID":"280","Nilai":0}},{"type":"Feature","id":280,"geometry":{"type":"Polygon","coordinates":[[[117.88364633807402,-8.3337184641374691],[117.89272725524184,-8.3336981416939917],[117.89270675779052,-8.3246538393664942],[117.88362604905848,-8.324674139453311],[117.88364633807402,-8.3337184641374691]]]},"properties":{"FID":280,"Grid_ID":"281","Nilai":0}},{"type":"Feature","id":281,"geometry":{"type":"Polygon","coordinates":[[[117.89272725524184,-8.3336981416939917],[117.90180814936689,-8.3336776115384463],[117.90178744348233,-8.3246333317961128],[117.89270675779052,-8.3246538393664942],[117.89272725524184,-8.3336981416939917]]]},"properties":{"FID":281,"Grid_ID":"282","Nilai":0}},{"type":"Feature","id":282,"geometry":{"type":"Polygon","coordinates":[[[117.90180814936689,-8.3336776115384463],[117.91088902021481,-8.3336568736733962],[117.91086810589967,-8.3246126167447212],[117.90178744348233,-8.3246333317961128],[117.90180814936689,-8.3336776115384463]]]},"properties":{"FID":282,"Grid_ID":"283","Nilai":1}},{"type":"Feature","id":283,"geometry":{"type":"Polygon","coordinates":[[[117.91088902021481,-8.3336568736733962],[117.9199698675513,-8.3336359281014225],[117.91994874480818,-8.3245916942149041],[117.91086810589967,-8.3246126167447212],[117.91088902021481,-8.3336568736733962]]]},"properties":{"FID":283,"Grid_ID":"284","Nilai":0}},{"type":"Feature","id":284,"geometry":{"type":"Polygon","coordinates":[[[117.9199698675513,-8.3336359281014225],[117.92905069114207,-8.3336147748251364],[117.92902935997367,-8.3245705642092656],[117.91994874480818,-8.3245916942149041],[117.9199698675513,-8.3336359281014225]]]},"properties":{"FID":284,"Grid_ID":"285","Nilai":0}},{"type":"Feature","id":285,"geometry":{"type":"Polygon","coordinates":[[[117.92905069114207,-8.3336147748251364],[117.9381314907528,-8.3335934138471757],[117.93810995116179,-8.3245492267304435],[117.92902935997367,-8.3245705642092656],[117.92905069114207,-8.3336147748251364]]]},"properties":{"FID":285,"Grid_ID":"286","Nilai":0}},{"type":"Feature","id":286,"geometry":{"type":"Polygon","coordinates":[[[117.9381314907528,-8.3335934138471757],[117.94721226614921,-8.3335718451702068],[117.94719051813831,-8.3245276817810971],[117.93810995116179,-8.3245492267304435],[117.9381314907528,-8.3335934138471757]]]},"properties":{"FID":286,"Grid_ID":"287","Nilai":0}},{"type":"Feature","id":287,"geometry":{"type":"Polygon","coordinates":[[[117.94721226614921,-8.3335718451702068],[117.956293017097,-8.333550068796912],[117.95627106066895,-8.3245059293639123],[117.94719051813831,-8.3245276817810971],[117.94721226614921,-8.3335718451702068]]]},"properties":{"FID":287,"Grid_ID":"288","Nilai":0}},{"type":"Feature","id":288,"geometry":{"type":"Polygon","coordinates":[[[117.956293017097,-8.333550068796912],[117.96537374336185,-8.3335280847300108],[117.96535157851946,-8.324483969481598],[117.95627106066895,-8.3245059293639123],[117.956293017097,-8.333550068796912]]]},"properties":{"FID":288,"Grid_ID":"289","Nilai":0}},{"type":"Feature","id":289,"geometry":{"type":"Polygon","coordinates":[[[117.96537374336185,-8.3335280847300108],[117.97445444470949,-8.333505892972239],[117.97443207145557,-8.3244618021368932],[117.96535157851946,-8.324483969481598],[117.96537374336185,-8.3335280847300108]]]},"properties":{"FID":289,"Grid_ID":"290","Nilai":0}},{"type":"Feature","id":290,"geometry":{"type":"Polygon","coordinates":[[[117.97445444470949,-8.333505892972239],[117.98353512090567,-8.3334834935263675],[117.98351253924301,-8.3244394273325604],[117.97443207145557,-8.3244618021368932],[117.97445444470949,-8.333505892972239]]]},"properties":{"FID":290,"Grid_ID":"291","Nilai":1}},{"type":"Feature","id":291,"geometry":{"type":"Polygon","coordinates":[[[117.98353512090567,-8.3334834935263675],[117.99261577171607,-8.3334608863951889],[117.9925929816475,-8.3244168450713936],[117.98351253924301,-8.3244394273325604],[117.98353512090567,-8.3334834935263675]]]},"properties":{"FID":291,"Grid_ID":"292","Nilai":0}},{"type":"Feature","id":292,"geometry":{"type":"Polygon","coordinates":[[[117.99261577171607,-8.3334608863951889],[118.00169639690641,-8.3334380715815168],[118.00167339843482,-8.3243940553562012],[117.9925929816475,-8.3244168450713936],[117.99261577171607,-8.3334608863951889]]]},"properties":{"FID":292,"Grid_ID":"293","Nilai":0}},{"type":"Feature","id":293,"geometry":{"type":"Polygon","coordinates":[[[118.00169639690641,-8.3334380715815168],[118.0107769962424,-8.3334150490882006],[118.01075378937071,-8.3243710581898256],[118.00167339843482,-8.3243940553562012],[118.00169639690641,-8.3334380715815168]]]},"properties":{"FID":293,"Grid_ID":"294","Nilai":0}},{"type":"Feature","id":294,"geometry":{"type":"Polygon","coordinates":[[[118.0107769962424,-8.3334150490882006],[118.0198575694898,-8.3333918189181038],[118.01983415422094,-8.3243478535751354],[118.01075378937071,-8.3243710581898256],[118.0107769962424,-8.3334150490882006]]]},"properties":{"FID":294,"Grid_ID":"295","Nilai":0}},{"type":"Feature","id":295,"geometry":{"type":"Polygon","coordinates":[[[118.0198575694898,-8.3333918189181038],[118.02893811641431,-8.3333683810741288],[118.02891449275124,-8.3243244415150226],[118.01983415422094,-8.3243478535751354],[118.0198575694898,-8.3333918189181038]]]},"properties":{"FID":295,"Grid_ID":"296","Nilai":0}},{"type":"Feature","id":296,"geometry":{"type":"Polygon","coordinates":[[[118.02893811641431,-8.3333683810741288],[118.03801863678171,-8.3333447355591925],[118.0379948047274,-8.3243008220124022],[118.02891449275124,-8.3243244415150226],[118.02893811641431,-8.3333683810741288]]]},"properties":{"FID":296,"Grid_ID":"297","Nilai":0}},{"type":"Feature","id":297,"geometry":{"type":"Polygon","coordinates":[[[118.03801863678171,-8.3333447355591925],[118.04709913035769,-8.3333208823762437],[118.04707508991517,-8.3242769950702247],[118.0379948047274,-8.3243008220124022],[118.03801863678171,-8.3333447355591925]]]},"properties":{"FID":297,"Grid_ID":"298","Nilai":0}},{"type":"Feature","id":298,"geometry":{"type":"Polygon","coordinates":[[[118.04709913035769,-8.3333208823762437],[118.05617959690804,-8.3332968215282577],[118.05615534808031,-8.3242529606914548],[118.04707508991517,-8.3242769950702247],[118.04709913035769,-8.3333208823762437]]]},"properties":{"FID":298,"Grid_ID":"299","Nilai":0}},{"type":"Feature","id":299,"geometry":{"type":"Polygon","coordinates":[[[118.05617959690804,-8.3332968215282577],[118.06526003619844,-8.3332725530182294],[118.06523557898858,-8.3242287188790876],[118.05615534808031,-8.3242529606914548],[118.05617959690804,-8.3332968215282577]]]},"properties":{"FID":299,"Grid_ID":"300","Nilai":0}},{"type":"Feature","id":300,"geometry":{"type":"Polygon","coordinates":[[[118.06526003619844,-8.3332725530182294],[118.0743404479947,-8.3332480768491877],[118.0743157824058,-8.3242042696361498],[118.06523557898858,-8.3242287188790876],[118.06526003619844,-8.3332725530182294]]]},"properties":{"FID":300,"Grid_ID":"301","Nilai":0}},{"type":"Feature","id":301,"geometry":{"type":"Polygon","coordinates":[[[118.0743404479947,-8.3332480768491877],[118.08342083206254,-8.3332233930241806],[118.08339595809773,-8.3241796129656844],[118.0743157824058,-8.3242042696361498],[118.0743404479947,-8.3332480768491877]]]},"properties":{"FID":301,"Grid_ID":"302","Nilai":0}},{"type":"Feature","id":302,"geometry":{"type":"Polygon","coordinates":[[[118.08342083206254,-8.3332233930241806],[118.09250118816774,-8.3331985015462884],[118.0924761058301,-8.3241547488707699],[118.08339595809773,-8.3241796129656844],[118.08342083206254,-8.3332233930241806]]]},"properties":{"FID":302,"Grid_ID":"303","Nilai":0}},{"type":"Feature","id":303,"geometry":{"type":"Polygon","coordinates":[[[118.09250118816774,-8.3331985015462884],[118.10158151607601,-8.333173402418609],[118.10155622536878,-8.3241296773544953],[118.0924761058301,-8.3241547488707699],[118.09250118816774,-8.3331985015462884]]]},"properties":{"FID":303,"Grid_ID":"304","Nilai":0}},{"type":"Feature","id":304,"geometry":{"type":"Polygon","coordinates":[[[118.10158151607601,-8.333173402418609],[118.11066181555317,-8.3331480956442761],[118.11063631647951,-8.3241043984199976],[118.10155622536878,-8.3241296773544953],[118.10158151607601,-8.333173402418609]]]},"properties":{"FID":304,"Grid_ID":"305","Nilai":0}},{"type":"Feature","id":305,"geometry":{"type":"Polygon","coordinates":[[[118.11066181555317,-8.3331480956442761],[118.11974208636497,-8.3331225812264389],[118.1197163789281,-8.3240789120704175],[118.11063631647951,-8.3241043984199976],[118.11066181555317,-8.3331480956442761]]]},"properties":{"FID":305,"Grid_ID":"306","Nilai":0}},{"type":"Feature","id":306,"geometry":{"type":"Polygon","coordinates":[[[118.11974208636497,-8.3331225812264389],[118.12882232827717,-8.3330968591682826],[118.12879641248034,-8.32405321830894],[118.1197163789281,-8.3240789120704175],[118.11974208636497,-8.3331225812264389]]]},"properties":{"FID":306,"Grid_ID":"307","Nilai":0}},{"type":"Feature","id":307,"geometry":{"type":"Polygon","coordinates":[[[118.12882232827717,-8.3330968591682826],[118.13790254105554,-8.3330709294730116],[118.13787641690202,-8.3240273171387624],[118.12879641248034,-8.32405321830894],[118.12882232827717,-8.3330968591682826]]]},"properties":{"FID":307,"Grid_ID":"308","Nilai":0}},{"type":"Feature","id":308,"geometry":{"type":"Polygon","coordinates":[[[118.13790254105554,-8.3330709294730116],[118.14698272446589,-8.3330447921438537],[118.14695639195897,-8.3240012085631143],[118.13787641690202,-8.3240273171387624],[118.13790254105554,-8.3330709294730116]]]},"properties":{"FID":308,"Grid_ID":"309","Nilai":0}},{"type":"Feature","id":309,"geometry":{"type":"Polygon","coordinates":[[[118.14698272446589,-8.3330447921438537],[118.15606287827397,-8.3330184471840703],[118.15603633741695,-8.3239748925852499],[118.14695639195897,-8.3240012085631143],[118.14698272446589,-8.3330447921438537]]]},"properties":{"FID":309,"Grid_ID":"310","Nilai":0}},{"type":"Feature","id":310,"geometry":{"type":"Polygon","coordinates":[[[118.15606287827397,-8.3330184471840703],[118.16514300224556,-8.3329918945969439],[118.16511625304186,-8.3239483692084466],[118.15603633741695,-8.3239748925852499],[118.15606287827397,-8.3330184471840703]]]},"properties":{"FID":310,"Grid_ID":"311","Nilai":0}},{"type":"Feature","id":311,"geometry":{"type":"Polygon","coordinates":[[[118.16514300224556,-8.3329918945969439],[118.17422309614649,-8.3329651343857876],[118.17419613859944,-8.3239216384360155],[118.16511625304186,-8.3239483692084466],[118.16514300224556,-8.3329918945969439]]]},"properties":{"FID":311,"Grid_ID":"312","Nilai":1}},{"type":"Feature","id":312,"geometry":{"type":"Polygon","coordinates":[[[118.17422309614649,-8.3329651343857876],[118.18330315974252,-8.3329381665539355],[118.18327599385555,-8.3238947002712855],[118.17419613859944,-8.3239216384360155],[118.17422309614649,-8.3329651343857876]]]},"properties":{"FID":312,"Grid_ID":"313","Nilai":1}},{"type":"Feature","id":313,"geometry":{"type":"Polygon","coordinates":[[[118.18330315974252,-8.3329381665539355],[118.19238319279948,-8.3329109911047432],[118.192355818576,-8.3238675547176104],[118.18327599385555,-8.3238947002712855],[118.18330315974252,-8.3329381665539355]]]},"properties":{"FID":313,"Grid_ID":"314","Nilai":1}},{"type":"Feature","id":314,"geometry":{"type":"Polygon","coordinates":[[[118.19238319279948,-8.3329109911047432],[118.20146319508315,-8.3328836080416018],[118.20143561252659,-8.3238402017783795],[118.192355818576,-8.3238675547176104],[118.19238319279948,-8.3329109911047432]]]},"properties":{"FID":314,"Grid_ID":"315","Nilai":1}},{"type":"Feature","id":315,"geometry":{"type":"Polygon","coordinates":[[[118.20146319508315,-8.3328836080416018],[118.21054316635933,-8.3328560173679254],[118.21051537547321,-8.323812641456998],[118.20143561252659,-8.3238402017783795],[118.20146319508315,-8.3328836080416018]]]},"properties":{"FID":315,"Grid_ID":"316","Nilai":1}},{"type":"Feature","id":316,"geometry":{"type":"Polygon","coordinates":[[[117.89270675779052,-8.3246538393664942],[117.90178744348233,-8.3246333317961128],[117.90176676087229,-8.3155890478946866],[117.8926862833794,-8.3156095328808988],[117.89270675779052,-8.3246538393664942]]]},"properties":{"FID":316,"Grid_ID":"317","Nilai":1}},{"type":"Feature","id":317,"geometry":{"type":"Polygon","coordinates":[[[117.90178744348233,-8.3246333317961128],[117.91086810589967,-8.3246126167447212],[117.91084721509328,-8.3155683556559534],[117.90176676087229,-8.3155890478946866],[117.90178744348233,-8.3246333317961128]]]},"properties":{"FID":317,"Grid_ID":"318","Nilai":0}},{"type":"Feature","id":318,"geometry":{"type":"Polygon","coordinates":[[[117.91086810589967,-8.3246126167447212],[117.91994874480818,-8.3245916942149041],[117.91992764580814,-8.3155474561672786],[117.91084721509328,-8.3155683556559534],[117.91086810589967,-8.3246126167447212]]]},"properties":{"FID":318,"Grid_ID":"319","Nilai":0}},{"type":"Feature","id":319,"geometry":{"type":"Polygon","coordinates":[[[117.91994874480818,-8.3245916942149041],[117.92902935997367,-8.3245705642092656],[117.92900805278259,-8.3155263494312663],[117.91992764580814,-8.3155474561672786],[117.91994874480818,-8.3245916942149041]]]},"properties":{"FID":319,"Grid_ID":"320","Nilai":0}},{"type":"Feature","id":320,"geometry":{"type":"Polygon","coordinates":[[[117.92902935997367,-8.3245705642092656],[117.93810995116179,-8.3245492267304435],[117.93808843578242,-8.3155050354505491],[117.92900805278259,-8.3155263494312663],[117.92902935997367,-8.3245705642092656]]]},"properties":{"FID":320,"Grid_ID":"321","Nilai":0}},{"type":"Feature","id":321,"geometry":{"type":"Polygon","coordinates":[[[117.93810995116179,-8.3245492267304435],[117.94719051813831,-8.3245276817810971],[117.9471687945733,-8.3154835142277825],[117.93808843578242,-8.3155050354505491],[117.93810995116179,-8.3245492267304435]]]},"properties":{"FID":321,"Grid_ID":"322","Nilai":0}},{"type":"Feature","id":322,"geometry":{"type":"Polygon","coordinates":[[[117.94719051813831,-8.3245276817810971],[117.95627106066895,-8.3245059293639123],[117.9562491289211,-8.3154617857656525],[117.9471687945733,-8.3154835142277825],[117.94719051813831,-8.3245276817810971]]]},"properties":{"FID":322,"Grid_ID":"323","Nilai":0}},{"type":"Feature","id":323,"geometry":{"type":"Polygon","coordinates":[[[117.95627106066895,-8.3245059293639123],[117.96535157851946,-8.324483969481598],[117.96532943859151,-8.3154398500668645],[117.9562491289211,-8.3154617857656525],[117.95627106066895,-8.3245059293639123]]]},"properties":{"FID":323,"Grid_ID":"324","Nilai":0}},{"type":"Feature","id":324,"geometry":{"type":"Polygon","coordinates":[[[117.96535157851946,-8.324483969481598],[117.97443207145557,-8.3244618021368932],[117.97440972335029,-8.3154177071341522],[117.96532943859151,-8.3154398500668645],[117.96535157851946,-8.324483969481598]]]},"properties":{"FID":324,"Grid_ID":"325","Nilai":0}},{"type":"Feature","id":325,"geometry":{"type":"Polygon","coordinates":[[[117.97443207145557,-8.3244618021368932],[117.98351253924301,-8.3244394273325604],[117.98348998296323,-8.3153953569702761],[117.97440972335029,-8.3154177071341522],[117.97443207145557,-8.3244618021368932]]]},"properties":{"FID":325,"Grid_ID":"326","Nilai":1}},{"type":"Feature","id":326,"geometry":{"type":"Polygon","coordinates":[[[117.98351253924301,-8.3244394273325604],[117.9925929816475,-8.3244168450713936],[117.9925702171961,-8.3153727995780251],[117.98348998296323,-8.3153953569702761],[117.98351253924301,-8.3244394273325604]]]},"properties":{"FID":326,"Grid_ID":"327","Nilai":0}},{"type":"Feature","id":327,"geometry":{"type":"Polygon","coordinates":[[[117.9925929816475,-8.3244168450713936],[118.00167339843482,-8.3243940553562012],[118.00165042581467,-8.3153500349602076],[117.9925702171961,-8.3153727995780251],[117.9925929816475,-8.3244168450713936]]]},"properties":{"FID":327,"Grid_ID":"328","Nilai":0}},{"type":"Feature","id":328,"geometry":{"type":"Polygon","coordinates":[[[118.00167339843482,-8.3243940553562012],[118.01075378937071,-8.3243710581898256],[118.01073060858471,-8.3153270631196623],[118.00165042581467,-8.3153500349602076],[118.00167339843482,-8.3243940553562012]]]},"properties":{"FID":328,"Grid_ID":"329","Nilai":0}},{"type":"Feature","id":329,"geometry":{"type":"Polygon","coordinates":[[[118.01075378937071,-8.3243710581898256],[118.01983415422094,-8.3243478535751354],[118.01981076527198,-8.3153038840592544],[118.01073060858471,-8.3153270631196623],[118.01075378937071,-8.3243710581898256]]]},"properties":{"FID":329,"Grid_ID":"330","Nilai":0}},{"type":"Feature","id":330,"geometry":{"type":"Polygon","coordinates":[[[118.01983415422094,-8.3243478535751354],[118.02891449275124,-8.3243244415150226],[118.02889089564231,-8.3152804977818686],[118.01981076527198,-8.3153038840592544],[118.01983415422094,-8.3243478535751354]]]},"properties":{"FID":330,"Grid_ID":"331","Nilai":0}},{"type":"Feature","id":331,"geometry":{"type":"Polygon","coordinates":[[[118.02891449275124,-8.3243244415150226],[118.0379948047274,-8.3243008220124022],[118.03797099946146,-8.3152569042904236],[118.02889089564231,-8.3152804977818686],[118.02891449275124,-8.3243244415150226]]]},"properties":{"FID":331,"Grid_ID":"332","Nilai":0}},{"type":"Feature","id":332,"geometry":{"type":"Polygon","coordinates":[[[118.0379948047274,-8.3243008220124022],[118.04707508991517,-8.3242769950702247],[118.04705107649524,-8.3152331035878611],[118.03797099946146,-8.3152569042904236],[118.0379948047274,-8.3243008220124022]]]},"properties":{"FID":332,"Grid_ID":"333","Nilai":0}},{"type":"Feature","id":333,"geometry":{"type":"Polygon","coordinates":[[[118.04707508991517,-8.3242769950702247],[118.05615534808031,-8.3242529606914548],[118.05613112650941,-8.3152090956771421],[118.04705107649524,-8.3152331035878611],[118.04707508991517,-8.3242769950702247]]]},"properties":{"FID":333,"Grid_ID":"334","Nilai":0}},{"type":"Feature","id":334,"geometry":{"type":"Polygon","coordinates":[[[118.05615534808031,-8.3242529606914548],[118.06523557898858,-8.3242287188790876],[118.0652111492698,-8.3151848805612651],[118.05613112650941,-8.3152090956771421],[118.05615534808031,-8.3242529606914548]]]},"properties":{"FID":334,"Grid_ID":"335","Nilai":0}},{"type":"Feature","id":335,"geometry":{"type":"Polygon","coordinates":[[[118.06523557898858,-8.3242287188790876],[118.0743157824058,-8.3242042696361498],[118.07429114454219,-8.3151604582432483],[118.0652111492698,-8.3151848805612651],[118.06523557898858,-8.3242287188790876]]]},"properties":{"FID":335,"Grid_ID":"336","Nilai":0}},{"type":"Feature","id":336,"geometry":{"type":"Polygon","coordinates":[[[118.0743157824058,-8.3242042696361498],[118.08339595809773,-8.3241796129656844],[118.08337111209239,-8.3151358287261292],[118.07429114454219,-8.3151604582432483],[118.0743157824058,-8.3242042696361498]]]},"properties":{"FID":336,"Grid_ID":"337","Nilai":0}},{"type":"Feature","id":337,"geometry":{"type":"Polygon","coordinates":[[[118.08339595809773,-8.3241796129656844],[118.0924761058301,-8.3241547488707699],[118.09245105168623,-8.3151109920129862],[118.08337111209239,-8.3151358287261292],[118.08339595809773,-8.3241796129656844]]]},"properties":{"FID":337,"Grid_ID":"338","Nilai":0}},{"type":"Feature","id":338,"geometry":{"type":"Polygon","coordinates":[[[118.0924761058301,-8.3241547488707699],[118.10155622536878,-8.3241296773544953],[118.10153096308949,-8.3150859481069048],[118.09245105168623,-8.3151109920129862],[118.0924761058301,-8.3241547488707699]]]},"properties":{"FID":338,"Grid_ID":"339","Nilai":0}},{"type":"Feature","id":339,"geometry":{"type":"Polygon","coordinates":[[[118.10155622536878,-8.3241296773544953],[118.11063631647951,-8.3241043984199976],[118.11061084606797,-8.315060697011015],[118.10153096308949,-8.3150859481069048],[118.10155622536878,-8.3241296773544953]]]},"properties":{"FID":339,"Grid_ID":"340","Nilai":0}},{"type":"Feature","id":340,"geometry":{"type":"Polygon","coordinates":[[[118.11063631647951,-8.3241043984199976],[118.1197163789281,-8.3240789120704175],[118.11969070038755,-8.3150352387284627],[118.11061084606797,-8.315060697011015],[118.11063631647951,-8.3241043984199976]]]},"properties":{"FID":340,"Grid_ID":"341","Nilai":0}},{"type":"Feature","id":341,"geometry":{"type":"Polygon","coordinates":[[[118.1197163789281,-8.3240789120704175],[118.12879641248034,-8.32405321830894],[118.12877052581403,-8.3150095732624187],[118.11969070038755,-8.3150352387284627],[118.1197163789281,-8.3240789120704175]]]},"properties":{"FID":341,"Grid_ID":"342","Nilai":0}},{"type":"Feature","id":342,"geometry":{"type":"Polygon","coordinates":[[[118.12879641248034,-8.32405321830894],[118.13787641690202,-8.3240273171387624],[118.13785032211322,-8.3149837006160805],[118.12877052581403,-8.3150095732624187],[118.12879641248034,-8.32405321830894]]]},"properties":{"FID":342,"Grid_ID":"343","Nilai":0}},{"type":"Feature","id":343,"geometry":{"type":"Polygon","coordinates":[[[118.13787641690202,-8.3240273171387624],[118.14695639195897,-8.3240012085631143],[118.14693008905098,-8.3149576207926792],[118.13785032211322,-8.3149837006160805],[118.13787641690202,-8.3240273171387624]]]},"properties":{"FID":343,"Grid_ID":"344","Nilai":0}},{"type":"Feature","id":344,"geometry":{"type":"Polygon","coordinates":[[[118.14695639195897,-8.3240012085631143],[118.15603633741695,-8.3239748925852499],[118.15600982639309,-8.3149313337954567],[118.14693008905098,-8.3149576207926792],[118.14695639195897,-8.3240012085631143]]]},"properties":{"FID":344,"Grid_ID":"345","Nilai":0}},{"type":"Feature","id":345,"geometry":{"type":"Polygon","coordinates":[[[118.15603633741695,-8.3239748925852499],[118.16511625304186,-8.3239483692084466],[118.16508953390546,-8.3149048396276957],[118.15600982639309,-8.3149313337954567],[118.15603633741695,-8.3239748925852499]]]},"properties":{"FID":345,"Grid_ID":"346","Nilai":0}},{"type":"Feature","id":346,"geometry":{"type":"Polygon","coordinates":[[[118.16511625304186,-8.3239483692084466],[118.17419613859944,-8.3239216384360155],[118.17416921135388,-8.3148781382926931],[118.16508953390546,-8.3149048396276957],[118.16511625304186,-8.3239483692084466]]]},"properties":{"FID":346,"Grid_ID":"347","Nilai":0}},{"type":"Feature","id":347,"geometry":{"type":"Polygon","coordinates":[[[118.17419613859944,-8.3239216384360155],[118.18327599385555,-8.3238947002712855],[118.18324885850421,-8.3148512297937831],[118.17416921135388,-8.3148781382926931],[118.17419613859944,-8.3239216384360155]]]},"properties":{"FID":347,"Grid_ID":"348","Nilai":1}},{"type":"Feature","id":348,"geometry":{"type":"Polygon","coordinates":[[[118.18327599385555,-8.3238947002712855],[118.192355818576,-8.3238675547176104],[118.19232847512232,-8.3148241141343124],[118.18324885850421,-8.3148512297937831],[118.18327599385555,-8.3238947002712855]]]},"properties":{"FID":348,"Grid_ID":"349","Nilai":1}},{"type":"Feature","id":349,"geometry":{"type":"Polygon","coordinates":[[[118.192355818576,-8.3238675547176104],[118.20143561252659,-8.3238402017783795],[118.20140806097405,-8.3147967913176668],[118.19232847512232,-8.3148241141343124],[118.192355818576,-8.3238675547176104]]]},"properties":{"FID":349,"Grid_ID":"350","Nilai":1}},{"type":"Feature","id":350,"geometry":{"type":"Polygon","coordinates":[[[117.8926862833794,-8.3156095328808988],[117.90176676087229,-8.3155890478946866],[117.90174610153414,-8.3065447598385624],[117.89266583200593,-8.3065652222415967],[117.8926862833794,-8.3156095328808988]]]},"properties":{"FID":350,"Grid_ID":"351","Nilai":1}},{"type":"Feature","id":351,"geometry":{"type":"Polygon","coordinates":[[[117.90176676087229,-8.3155890478946866],[117.91084721509328,-8.3155683556559534],[117.91082634779308,-8.3065240904114841],[117.90174610153414,-8.3065447598385624],[117.90176676087229,-8.3155890478946866]]]},"properties":{"FID":351,"Grid_ID":"352","Nilai":0}},{"type":"Feature","id":352,"geometry":{"type":"Polygon","coordinates":[[[117.91084721509328,-8.3155683556559534],[117.91992764580814,-8.3155474561672786],[117.91990657054849,-8.3065032139629391],[117.91082634779308,-8.3065240904114841],[117.91084721509328,-8.3155683556559534]]]},"properties":{"FID":352,"Grid_ID":"353","Nilai":0}},{"type":"Feature","id":353,"geometry":{"type":"Polygon","coordinates":[[[117.91992764580814,-8.3155474561672786],[117.92900805278259,-8.3155263494312663],[117.92898676956617,-8.3064821304955316],[117.91990657054849,-8.3065032139629391],[117.91992764580814,-8.3155474561672786]]]},"properties":{"FID":353,"Grid_ID":"354","Nilai":0}},{"type":"Feature","id":354,"geometry":{"type":"Polygon","coordinates":[[[117.92900805278259,-8.3155263494312663],[117.93808843578242,-8.3155050354505491],[117.93806694461192,-8.3064608400118871],[117.92898676956617,-8.3064821304955316],[117.92900805278259,-8.3155263494312663]]]},"properties":{"FID":354,"Grid_ID":"355","Nilai":0}},{"type":"Feature","id":355,"geometry":{"type":"Polygon","coordinates":[[[117.93808843578242,-8.3155050354505491],[117.9471687945733,-8.3154835142277825],[117.94714709545146,-8.3064393425146612],[117.93806694461192,-8.3064608400118871],[117.93808843578242,-8.3155050354505491]]]},"properties":{"FID":355,"Grid_ID":"356","Nilai":0}},{"type":"Feature","id":356,"geometry":{"type":"Polygon","coordinates":[[[117.9471687945733,-8.3154835142277825],[117.9562491289211,-8.3154617857656525],[117.95622722185061,-8.3064176380065327],[117.94714709545146,-8.3064393425146612],[117.9471687945733,-8.3154835142277825]]]},"properties":{"FID":356,"Grid_ID":"357","Nilai":0}},{"type":"Feature","id":357,"geometry":{"type":"Polygon","coordinates":[[[117.9562491289211,-8.3154617857656525],[117.96532943859151,-8.3154398500668645],[117.96530732357513,-8.3063957264902051],[117.95622722185061,-8.3064176380065327],[117.9562491289211,-8.3154617857656525]]]},"properties":{"FID":357,"Grid_ID":"358","Nilai":0}},{"type":"Feature","id":358,"geometry":{"type":"Polygon","coordinates":[[[117.96532943859151,-8.3154398500668645],[117.97440972335029,-8.3154177071341522],[117.97438740039088,-8.3063736079684158],[117.96530732357513,-8.3063957264902051],[117.96532943859151,-8.3154398500668645]]]},"properties":{"FID":358,"Grid_ID":"359","Nilai":0}},{"type":"Feature","id":359,"geometry":{"type":"Polygon","coordinates":[[[117.97440972335029,-8.3154177071341522],[117.98348998296323,-8.3153953569702761],[117.98346745206356,-8.3063512824439147],[117.97438740039088,-8.3063736079684158],[117.97440972335029,-8.3154177071341522]]]},"properties":{"FID":359,"Grid_ID":"360","Nilai":1}},{"type":"Feature","id":360,"geometry":{"type":"Polygon","coordinates":[[[117.98348998296323,-8.3153953569702761],[117.9925702171961,-8.3153727995780251],[117.99254747835901,-8.3063287499194871],[117.98346745206356,-8.3063512824439147],[117.98348998296323,-8.3153953569702761]]]},"properties":{"FID":360,"Grid_ID":"361","Nilai":0}},{"type":"Feature","id":361,"geometry":{"type":"Polygon","coordinates":[[[117.9925702171961,-8.3153727995780251],[118.00165042581467,-8.3153500349602076],[118.00162747904304,-8.3063060103979449],[117.99254747835901,-8.3063287499194871],[117.9925702171961,-8.3153727995780251]]]},"properties":{"FID":361,"Grid_ID":"362","Nilai":0}},{"type":"Feature","id":362,"geometry":{"type":"Polygon","coordinates":[[[118.00165042581467,-8.3153500349602076],[118.01073060858471,-8.3153270631196623],[118.01070745388145,-8.3062830638821143],[118.00162747904304,-8.3063060103979449],[118.00165042581467,-8.3153500349602076]]]},"properties":{"FID":362,"Grid_ID":"363","Nilai":0}},{"type":"Feature","id":363,"geometry":{"type":"Polygon","coordinates":[[[118.01073060858471,-8.3153270631196623],[118.01981076527198,-8.3153038840592544],[118.01978740264001,-8.306259910374866],[118.01070745388145,-8.3062830638821143],[118.01073060858471,-8.3153270631196623]]]},"properties":{"FID":363,"Grid_ID":"364","Nilai":0}},{"type":"Feature","id":364,"geometry":{"type":"Polygon","coordinates":[[[118.01981076527198,-8.3153038840592544],[118.02889089564231,-8.3152804977818686],[118.02886732508458,-8.3062365498790758],[118.01978740264001,-8.306259910374866],[118.01981076527198,-8.3153038840592544]]]},"properties":{"FID":364,"Grid_ID":"365","Nilai":0}},{"type":"Feature","id":365,"geometry":{"type":"Polygon","coordinates":[[[118.02889089564231,-8.3152804977818686],[118.03797099946146,-8.3152569042904236],[118.03794722098095,-8.3062129823976658],[118.02886732508458,-8.3062365498790758],[118.02889089564231,-8.3152804977818686]]]},"properties":{"FID":365,"Grid_ID":"366","Nilai":0}},{"type":"Feature","id":366,"geometry":{"type":"Polygon","coordinates":[[[118.03797099946146,-8.3152569042904236],[118.04705107649524,-8.3152331035878611],[118.04702709009491,-8.3061892079335653],[118.03794722098095,-8.3062129823976658],[118.03797099946146,-8.3152569042904236]]]},"properties":{"FID":366,"Grid_ID":"367","Nilai":0}},{"type":"Feature","id":367,"geometry":{"type":"Polygon","coordinates":[[[118.04705107649524,-8.3152331035878611],[118.05613112650941,-8.3152090956771421],[118.05610693219234,-8.306165226489739],[118.04702709009491,-8.3061892079335653],[118.04705107649524,-8.3152331035878611]]]},"properties":{"FID":367,"Grid_ID":"368","Nilai":0}},{"type":"Feature","id":368,"geometry":{"type":"Polygon","coordinates":[[[118.05613112650941,-8.3152090956771421],[118.0652111492698,-8.3151848805612651],[118.06518674703902,-8.30614103806918],[118.05610693219234,-8.306165226489739],[118.05613112650941,-8.3152090956771421]]]},"properties":{"FID":368,"Grid_ID":"369","Nilai":0}},{"type":"Feature","id":369,"geometry":{"type":"Polygon","coordinates":[[[118.0652111492698,-8.3151848805612651],[118.07429114454219,-8.3151604582432483],[118.07426653440078,-8.3061166426748976],[118.06518674703902,-8.30614103806918],[118.0652111492698,-8.3151848805612651]]]},"properties":{"FID":369,"Grid_ID":"370","Nilai":0}},{"type":"Feature","id":370,"geometry":{"type":"Polygon","coordinates":[[[118.07429114454219,-8.3151604582432483],[118.08337111209239,-8.3151358287261292],[118.08334629404345,-8.3060920403099345],[118.07426653440078,-8.3061166426748976],[118.07429114454219,-8.3151604582432483]]]},"properties":{"FID":370,"Grid_ID":"371","Nilai":0}},{"type":"Feature","id":371,"geometry":{"type":"Polygon","coordinates":[[[118.08337111209239,-8.3151358287261292],[118.09245105168623,-8.3151109920129862],[118.09242602573291,-8.3060672309773587],[118.08334629404345,-8.3060920403099345],[118.08337111209239,-8.3151358287261292]]]},"properties":{"FID":371,"Grid_ID":"372","Nilai":0}},{"type":"Feature","id":372,"geometry":{"type":"Polygon","coordinates":[[[118.09245105168623,-8.3151109920129862],[118.10153096308949,-8.3150859481069048],[118.10150572923493,-8.3060422146802608],[118.09242602573291,-8.3060672309773587],[118.09245105168623,-8.3151109920129862]]]},"properties":{"FID":372,"Grid_ID":"373","Nilai":0}},{"type":"Feature","id":373,"geometry":{"type":"Polygon","coordinates":[[[118.10153096308949,-8.3150859481069048],[118.11061084606797,-8.315060697011015],[118.1105854043154,-8.3060169914217585],[118.10150572923493,-8.3060422146802608],[118.10153096308949,-8.3150859481069048]]]},"properties":{"FID":373,"Grid_ID":"374","Nilai":0}},{"type":"Feature","id":374,"geometry":{"type":"Polygon","coordinates":[[[118.11061084606797,-8.315060697011015],[118.11969070038755,-8.3150352387284627],[118.11966505074015,-8.3059915612049995],[118.1105854043154,-8.3060169914217585],[118.11061084606797,-8.315060697011015]]]},"properties":{"FID":374,"Grid_ID":"375","Nilai":0}},{"type":"Feature","id":375,"geometry":{"type":"Polygon","coordinates":[[[118.11969070038755,-8.3150352387284627],[118.12877052581403,-8.3150095732624187],[118.12874466827502,-8.3059659240331456],[118.11966505074015,-8.3059915612049995],[118.11969070038755,-8.3150352387284627]]]},"properties":{"FID":375,"Grid_ID":"376","Nilai":0}},{"type":"Feature","id":376,"geometry":{"type":"Polygon","coordinates":[[[118.12877052581403,-8.3150095732624187],[118.13785032211322,-8.3149837006160805],[118.13782425668587,-8.3059400799093996],[118.12874466827502,-8.3059659240331456],[118.12877052581403,-8.3150095732624187]]]},"properties":{"FID":376,"Grid_ID":"377","Nilai":0}},{"type":"Feature","id":377,"geometry":{"type":"Polygon","coordinates":[[[118.13785032211322,-8.3149837006160805],[118.14693008905098,-8.3149576207926792],[118.14690381573858,-8.305914028836975],[118.13782425668587,-8.3059400799093996],[118.13785032211322,-8.3149837006160805]]]},"properties":{"FID":377,"Grid_ID":"378","Nilai":0}},{"type":"Feature","id":378,"geometry":{"type":"Polygon","coordinates":[[[118.14693008905098,-8.3149576207926792],[118.15600982639309,-8.3149313337954567],[118.155983345199,-8.3058877708191279],[118.14690381573858,-8.305914028836975],[118.14693008905098,-8.3149576207926792]]]},"properties":{"FID":378,"Grid_ID":"379","Nilai":0}},{"type":"Feature","id":379,"geometry":{"type":"Polygon","coordinates":[[[118.15600982639309,-8.3149313337954567],[118.16508953390546,-8.3149048396276957],[118.16506284483297,-8.3058613058591213],[118.155983345199,-8.3058877708191279],[118.15600982639309,-8.3149313337954567]]]},"properties":{"FID":379,"Grid_ID":"380","Nilai":0}},{"type":"Feature","id":380,"geometry":{"type":"Polygon","coordinates":[[[118.16508953390546,-8.3149048396276957],[118.17416921135388,-8.3148781382926931],[118.1741423144064,-8.3058346339602611],[118.16506284483297,-8.3058613058591213],[118.16508953390546,-8.3149048396276957]]]},"properties":{"FID":380,"Grid_ID":"381","Nilai":1}},{"type":"Feature","id":381,"geometry":{"type":"Polygon","coordinates":[[[118.17416921135388,-8.3148781382926931],[118.18324885850421,-8.3148512297937831],[118.18322175368512,-8.3058077551258656],[118.1741423144064,-8.3058346339602611],[118.17416921135388,-8.3148781382926931]]]},"properties":{"FID":381,"Grid_ID":"382","Nilai":1}},{"type":"Feature","id":382,"geometry":{"type":"Polygon","coordinates":[[[118.18324885850421,-8.3148512297937831],[118.19232847512232,-8.3148241141343124],[118.19230116243504,-8.3057806693592866],[118.18322175368512,-8.3058077551258656],[118.18324885850421,-8.3148512297937831]]]},"properties":{"FID":382,"Grid_ID":"383","Nilai":1}},{"type":"Feature","id":383,"geometry":{"type":"Polygon","coordinates":[[[117.88358553944268,-8.3065854776180377],[117.89266583200593,-8.3065652222415967],[117.8926454036675,-8.2975209074529825],[117.88356531883727,-8.2975411404757082],[117.88358553944268,-8.3065854776180377]]]},"properties":{"FID":383,"Grid_ID":"384","Nilai":0}},{"type":"Feature","id":384,"geometry":{"type":"Polygon","coordinates":[[[117.89266583200593,-8.3065652222415967],[117.90174610153414,-8.3065447598385624],[117.90172546546526,-8.2975004676321333],[117.8926454036675,-8.2975209074529825],[117.89266583200593,-8.3065652222415967]]]},"properties":{"FID":384,"Grid_ID":"385","Nilai":1}},{"type":"Feature","id":385,"geometry":{"type":"Polygon","coordinates":[[[117.90174610153414,-8.3065447598385624],[117.91082634779308,-8.3065240904114841],[117.91080550399636,-8.2974798210157115],[117.90172546546526,-8.2975004676321333],[117.90174610153414,-8.3065447598385624]]]},"properties":{"FID":385,"Grid_ID":"386","Nilai":0}},{"type":"Feature","id":386,"geometry":{"type":"Polygon","coordinates":[[[117.91082634779308,-8.3065240904114841],[117.91990657054849,-8.3065032139629391],[117.91988551902659,-8.2974589676062873],[117.91080550399636,-8.2974798210157115],[117.91082634779308,-8.3065240904114841]]]},"properties":{"FID":386,"Grid_ID":"387","Nilai":0}},{"type":"Feature","id":387,"geometry":{"type":"Polygon","coordinates":[[[117.91990657054849,-8.3065032139629391],[117.92898676956617,-8.3064821304955316],[117.92896551032172,-8.2974379074064615],[117.91988551902659,-8.2974589676062873],[117.91990657054849,-8.3065032139629391]]]},"properties":{"FID":387,"Grid_ID":"388","Nilai":0}},{"type":"Feature","id":388,"geometry":{"type":"Polygon","coordinates":[[[117.92898676956617,-8.3064821304955316],[117.93806694461192,-8.3064608400118871],[117.93804547764758,-8.2974166404188594],[117.92896551032172,-8.2974379074064615],[117.92898676956617,-8.3064821304955316]]]},"properties":{"FID":388,"Grid_ID":"389","Nilai":0}},{"type":"Feature","id":389,"geometry":{"type":"Polygon","coordinates":[[[117.93806694461192,-8.3064608400118871],[117.94714709545146,-8.3064393425146612],[117.94712542076998,-8.2973951666461314],[117.93804547764758,-8.2974166404188594],[117.93806694461192,-8.3064608400118871]]]},"properties":{"FID":389,"Grid_ID":"390","Nilai":0}},{"type":"Feature","id":390,"geometry":{"type":"Polygon","coordinates":[[[117.94714709545146,-8.3064393425146612],[117.95622722185061,-8.3064176380065327],[117.95620533945471,-8.2973734860909563],[117.94712542076998,-8.2973951666461314],[117.94714709545146,-8.3064393425146612]]]},"properties":{"FID":390,"Grid_ID":"391","Nilai":0}},{"type":"Feature","id":391,"geometry":{"type":"Polygon","coordinates":[[[117.95622722185061,-8.3064176380065327],[117.96530732357513,-8.3063957264902051],[117.96528523346763,-8.2973515987560305],[117.95620533945471,-8.2973734860909563],[117.95622722185061,-8.3064176380065327]]]},"properties":{"FID":391,"Grid_ID":"392","Nilai":0}},{"type":"Feature","id":392,"geometry":{"type":"Polygon","coordinates":[[[117.96530732357513,-8.3063957264902051],[117.97438740039088,-8.3063736079684158],[117.97436510257447,-8.2973295046440896],[117.96528523346763,-8.2973515987560305],[117.96530732357513,-8.3063957264902051]]]},"properties":{"FID":392,"Grid_ID":"393","Nilai":0}},{"type":"Feature","id":393,"geometry":{"type":"Polygon","coordinates":[[[117.97438740039088,-8.3063736079684158],[117.98346745206356,-8.3063512824439147],[117.98344494654111,-8.2973072037578817],[117.97436510257447,-8.2973295046440896],[117.97438740039088,-8.3063736079684158]]]},"properties":{"FID":393,"Grid_ID":"394","Nilai":1}},{"type":"Feature","id":394,"geometry":{"type":"Polygon","coordinates":[[[117.98346745206356,-8.3063512824439147],[117.99254747835901,-8.3063287499194871],[117.99252476513337,-8.2972846961001903],[117.98344494654111,-8.2973072037578817],[117.98346745206356,-8.3063512824439147]]]},"properties":{"FID":394,"Grid_ID":"395","Nilai":0}},{"type":"Feature","id":395,"geometry":{"type":"Polygon","coordinates":[[[117.99254747835901,-8.3063287499194871],[118.00162747904304,-8.3063060103979449],[118.00160455811707,-8.2972619816738149],[117.99252476513337,-8.2972846961001903],[117.99254747835901,-8.3063287499194871]]]},"properties":{"FID":395,"Grid_ID":"396","Nilai":0}},{"type":"Feature","id":396,"geometry":{"type":"Polygon","coordinates":[[[118.00162747904304,-8.3063060103979449],[118.01070745388145,-8.3062830638821143],[118.01068432525801,-8.2972390604815978],[118.00160455811707,-8.2972619816738149],[118.00162747904304,-8.3063060103979449]]]},"properties":{"FID":396,"Grid_ID":"397","Nilai":0}},{"type":"Feature","id":397,"geometry":{"type":"Polygon","coordinates":[[[118.01070745388145,-8.3062830638821143],[118.01978740264001,-8.306259910374866],[118.01976406632207,-8.2972159325263846],[118.01068432525801,-8.2972390604815978],[118.01070745388145,-8.3062830638821143]]]},"properties":{"FID":397,"Grid_ID":"398","Nilai":0}},{"type":"Feature","id":398,"geometry":{"type":"Polygon","coordinates":[[[118.01978740264001,-8.306259910374866],[118.02886732508458,-8.3062365498790758],[118.02884378107504,-8.2971925978110619],[118.01976406632207,-8.2972159325263846],[118.01978740264001,-8.306259910374866]]]},"properties":{"FID":398,"Grid_ID":"399","Nilai":0}},{"type":"Feature","id":399,"geometry":{"type":"Polygon","coordinates":[[[118.02886732508458,-8.3062365498790758],[118.03794722098095,-8.3062129823976658],[118.03792346928279,-8.2971690563385412],[118.02884378107504,-8.2971925978110619],[118.02886732508458,-8.3062365498790758]]]},"properties":{"FID":399,"Grid_ID":"400","Nilai":0}},{"type":"Feature","id":400,"geometry":{"type":"Polygon","coordinates":[[[118.03794722098095,-8.3062129823976658],[118.04702709009491,-8.3061892079335653],[118.04700313071118,-8.2971453081117534],[118.03792346928279,-8.2971690563385412],[118.03794722098095,-8.3062129823976658]]]},"properties":{"FID":400,"Grid_ID":"401","Nilai":0}},{"type":"Feature","id":401,"geometry":{"type":"Polygon","coordinates":[[[118.04702709009491,-8.3061892079335653],[118.05610693219234,-8.306165226489739],[118.05608276512601,-8.2971213531336563],[118.04700313071118,-8.2971453081117534],[118.04702709009491,-8.3061892079335653]]]},"properties":{"FID":401,"Grid_ID":"402","Nilai":0}},{"type":"Feature","id":402,"geometry":{"type":"Polygon","coordinates":[[[118.05610693219234,-8.306165226489739],[118.06518674703902,-8.30614103806918],[118.06516237229312,-8.2970971914072429],[118.05608276512601,-8.2971213531336563],[118.05610693219234,-8.306165226489739]]]},"properties":{"FID":402,"Grid_ID":"403","Nilai":0}},{"type":"Feature","id":403,"geometry":{"type":"Polygon","coordinates":[[[118.06518674703902,-8.30614103806918],[118.07426653440078,-8.3061166426748976],[118.07424195197845,-8.2970728229355171],[118.06516237229312,-8.2970971914072429],[118.06518674703902,-8.30614103806918]]]},"properties":{"FID":403,"Grid_ID":"404","Nilai":0}},{"type":"Feature","id":404,"geometry":{"type":"Polygon","coordinates":[[[118.07426653440078,-8.3061166426748976],[118.08334629404345,-8.3060920403099345],[118.08332150394777,-8.2970482477215199],[118.07424195197845,-8.2970728229355171],[118.07426653440078,-8.3061166426748976]]]},"properties":{"FID":404,"Grid_ID":"405","Nilai":0}},{"type":"Feature","id":405,"geometry":{"type":"Polygon","coordinates":[[[118.08334629404345,-8.3060920403099345],[118.09242602573291,-8.3060672309773587],[118.09240102796699,-8.2970234657683122],[118.08332150394777,-8.2970482477215199],[118.08334629404345,-8.3060920403099345]]]},"properties":{"FID":405,"Grid_ID":"406","Nilai":0}},{"type":"Feature","id":406,"geometry":{"type":"Polygon","coordinates":[[[118.09242602573291,-8.3060672309773587],[118.10150572923493,-8.3060422146802608],[118.10148052380194,-8.2969984770789846],[118.09240102796699,-8.2970234657683122],[118.09242602573291,-8.3060672309773587]]]},"properties":{"FID":406,"Grid_ID":"407","Nilai":0}},{"type":"Feature","id":407,"geometry":{"type":"Polygon","coordinates":[[[118.10150572923493,-8.3060422146802608],[118.1105854043154,-8.3060169914217585],[118.11055999121852,-8.2969732816566495],[118.10148052380194,-8.2969984770789846],[118.10150572923493,-8.3060422146802608]]]},"properties":{"FID":407,"Grid_ID":"408","Nilai":0}},{"type":"Feature","id":408,"geometry":{"type":"Polygon","coordinates":[[[118.1105854043154,-8.3060169914217585],[118.11966505074015,-8.3059915612049995],[118.1196394299826,-8.2969478795044473],[118.11055999121852,-8.2969732816566495],[118.1105854043154,-8.3060169914217585]]]},"properties":{"FID":408,"Grid_ID":"409","Nilai":0}},{"type":"Feature","id":409,"geometry":{"type":"Polygon","coordinates":[[[118.11966505074015,-8.3059915612049995],[118.12874466827502,-8.3059659240331456],[118.12871883986004,-8.296922270625549],[118.1196394299826,-8.2969478795044473],[118.11966505074015,-8.3059915612049995]]]},"properties":{"FID":409,"Grid_ID":"410","Nilai":0}},{"type":"Feature","id":410,"geometry":{"type":"Polygon","coordinates":[[[118.12874466827502,-8.3059659240331456],[118.13782425668587,-8.3059400799093996],[118.1377982206167,-8.2968964550231377],[118.12871883986004,-8.296922270625549],[118.12874466827502,-8.3059659240331456]]]},"properties":{"FID":410,"Grid_ID":"411","Nilai":0}},{"type":"Feature","id":411,"geometry":{"type":"Polygon","coordinates":[[[118.13782425668587,-8.3059400799093996],[118.14690381573858,-8.305914028836975],[118.14687757201851,-8.2968704327004374],[118.1377982206167,-8.2968964550231377],[118.13782425668587,-8.3059400799093996]]]},"properties":{"FID":411,"Grid_ID":"412","Nilai":0}},{"type":"Feature","id":412,"geometry":{"type":"Polygon","coordinates":[[[118.14690381573858,-8.305914028836975],[118.155983345199,-8.3058877708191279],[118.15595689383134,-8.2968442036606866],[118.14687757201851,-8.2968704327004374],[118.14690381573858,-8.305914028836975]]]},"properties":{"FID":412,"Grid_ID":"413","Nilai":0}},{"type":"Feature","id":413,"geometry":{"type":"Polygon","coordinates":[[[118.155983345199,-8.3058877708191279],[118.16506284483297,-8.3058613058591213],[118.16503618582108,-8.2968177679071573],[118.15595689383134,-8.2968442036606866],[118.155983345199,-8.3058877708191279]]]},"properties":{"FID":413,"Grid_ID":"414","Nilai":0}},{"type":"Feature","id":414,"geometry":{"type":"Polygon","coordinates":[[[118.16506284483297,-8.3058613058591213],[118.1741423144064,-8.3058346339602611],[118.17411544775362,-8.2967911254431446],[118.16503618582108,-8.2968177679071573],[118.16506284483297,-8.3058613058591213]]]},"properties":{"FID":414,"Grid_ID":"415","Nilai":0}},{"type":"Feature","id":415,"geometry":{"type":"Polygon","coordinates":[[[118.1741423144064,-8.3058346339602611],[118.18322175368512,-8.3058077551258656],[118.18319467939483,-8.2967642762719649],[118.17411544775362,-8.2967911254431446],[118.1741423144064,-8.3058346339602611]]]},"properties":{"FID":415,"Grid_ID":"416","Nilai":1}},{"type":"Feature","id":416,"geometry":{"type":"Polygon","coordinates":[[[117.88356531883727,-8.2975411404757082],[117.8926454036675,-8.2975209074529825],[117.89262499836153,-8.2884765885194476],[117.8835451210301,-8.2884967991894385],[117.88356531883727,-8.2975411404757082]]]},"properties":{"FID":416,"Grid_ID":"417","Nilai":0}},{"type":"Feature","id":417,"geometry":{"type":"Polygon","coordinates":[[[117.8926454036675,-8.2975209074529825],[117.90172546546526,-8.2975004676321333],[117.90170485266306,-8.2884561712797975],[117.89262499836153,-8.2884765885194476],[117.8926454036675,-8.2975209074529825]]]},"properties":{"FID":417,"Grid_ID":"418","Nilai":0}},{"type":"Feature","id":418,"geometry":{"type":"Polygon","coordinates":[[[117.90172546546526,-8.2975004676321333],[117.91080550399636,-8.2974798210157115],[117.91078468370054,-8.2884355474730302],[117.90170485266306,-8.2884561712797975],[117.90172546546526,-8.2975004676321333]]]},"properties":{"FID":418,"Grid_ID":"419","Nilai":0}},{"type":"Feature","id":419,"geometry":{"type":"Polygon","coordinates":[[[117.91080550399636,-8.2974798210157115],[117.91988551902659,-8.2974589676062873],[117.91986449123976,-8.2884147171017162],[117.91078468370054,-8.2884355474730302],[117.91080550399636,-8.2974798210157115]]]},"properties":{"FID":419,"Grid_ID":"420","Nilai":0}},{"type":"Feature","id":420,"geometry":{"type":"Polygon","coordinates":[[[117.91988551902659,-8.2974589676062873],[117.92896551032172,-8.2974379074064615],[117.92894427504655,-8.2883936801684559],[117.91986449123976,-8.2884147171017162],[117.91988551902659,-8.2974589676062873]]]},"properties":{"FID":420,"Grid_ID":"421","Nilai":0}},{"type":"Feature","id":421,"geometry":{"type":"Polygon","coordinates":[[[117.92896551032172,-8.2974379074064615],[117.93804547764758,-8.2974166404188594],[117.93802403488675,-8.2883724366758642],[117.92894427504655,-8.2883936801684559],[117.92896551032172,-8.2974379074064615]]]},"properties":{"FID":421,"Grid_ID":"422","Nilai":0}},{"type":"Feature","id":422,"geometry":{"type":"Polygon","coordinates":[[[117.93804547764758,-8.2974166404188594],[117.94712542076998,-8.2973951666461314],[117.94710377052617,-8.288350986626595],[117.93802403488675,-8.2883724366758642],[117.93804547764758,-8.2974166404188594]]]},"properties":{"FID":422,"Grid_ID":"423","Nilai":0}},{"type":"Feature","id":423,"geometry":{"type":"Polygon","coordinates":[[[117.94712542076998,-8.2973951666461314],[117.95620533945471,-8.2973734860909563],[117.95618348173069,-8.2883293300233216],[117.94710377052617,-8.288350986626595],[117.94712542076998,-8.2973951666461314]]]},"properties":{"FID":423,"Grid_ID":"424","Nilai":0}},{"type":"Feature","id":424,"geometry":{"type":"Polygon","coordinates":[[[117.95620533945471,-8.2973734860909563],[117.96528523346763,-8.2973515987560305],[117.96526316826611,-8.2883074668687389],[117.95618348173069,-8.2883293300233216],[117.95620533945471,-8.2973734860909563]]]},"properties":{"FID":424,"Grid_ID":"425","Nilai":0}},{"type":"Feature","id":425,"geometry":{"type":"Polygon","coordinates":[[[117.96528523346763,-8.2973515987560305],[117.97436510257447,-8.2973295046440896],[117.97434282989828,-8.2882853971655752],[117.96526316826611,-8.2883074668687389],[117.96528523346763,-8.2973515987560305]]]},"properties":{"FID":425,"Grid_ID":"426","Nilai":0}},{"type":"Feature","id":426,"geometry":{"type":"Polygon","coordinates":[[[117.97436510257447,-8.2973295046440896],[117.98344494654111,-8.2973072037578817],[117.98342246639307,-8.2882631209165822],[117.97434282989828,-8.2882853971655752],[117.97436510257447,-8.2973295046440896]]]},"properties":{"FID":426,"Grid_ID":"427","Nilai":1}},{"type":"Feature","id":427,"geometry":{"type":"Polygon","coordinates":[[[117.98344494654111,-8.2973072037578817],[117.99252476513337,-8.2972846961001903],[117.99250207751628,-8.2882406381245346],[117.98342246639307,-8.2882631209165822],[117.98344494654111,-8.2973072037578817]]]},"properties":{"FID":427,"Grid_ID":"428","Nilai":0}},{"type":"Feature","id":428,"geometry":{"type":"Polygon","coordinates":[[[117.99252476513337,-8.2972846961001903],[118.00160455811707,-8.2972619816738149],[118.0015816630338,-8.2882179487922354],[117.99250207751628,-8.2882406381245346],[117.99252476513337,-8.2972846961001903]]]},"properties":{"FID":428,"Grid_ID":"429","Nilai":0}},{"type":"Feature","id":429,"geometry":{"type":"Polygon","coordinates":[[[118.00160455811707,-8.2972619816738149],[118.01068432525801,-8.2972390604815978],[118.01066122271148,-8.2881950529225108],[118.0015816630338,-8.2882179487922354],[118.00160455811707,-8.2972619816738149]]]},"properties":{"FID":429,"Grid_ID":"430","Nilai":0}},{"type":"Feature","id":430,"geometry":{"type":"Polygon","coordinates":[[[118.01068432525801,-8.2972390604815978],[118.01976406632207,-8.2972159325263846],[118.01974075631517,-8.2881719505182154],[118.01066122271148,-8.2881950529225108],[118.01068432525801,-8.2972390604815978]]]},"properties":{"FID":430,"Grid_ID":"431","Nilai":0}},{"type":"Feature","id":431,"geometry":{"type":"Polygon","coordinates":[[[118.01976406632207,-8.2972159325263846],[118.02884378107504,-8.2971925978110619],[118.02882026361071,-8.2881486415822305],[118.01974075631517,-8.2881719505182154],[118.01976406632207,-8.2972159325263846]]]},"properties":{"FID":431,"Grid_ID":"432","Nilai":0}},{"type":"Feature","id":432,"geometry":{"type":"Polygon","coordinates":[[[118.02884378107504,-8.2971925978110619],[118.03792346928279,-8.2971690563385412],[118.03789974436401,-8.2881251261174604],[118.02882026361071,-8.2881486415822305],[118.02884378107504,-8.2971925978110619]]]},"properties":{"FID":432,"Grid_ID":"433","Nilai":0}},{"type":"Feature","id":433,"geometry":{"type":"Polygon","coordinates":[[[118.03792346928279,-8.2971690563385412],[118.04700313071118,-8.2971453081117534],[118.04697919834094,-8.2881014041268379],[118.03789974436401,-8.2881251261174604],[118.03792346928279,-8.2971690563385412]]]},"properties":{"FID":433,"Grid_ID":"434","Nilai":0}},{"type":"Feature","id":434,"geometry":{"type":"Polygon","coordinates":[[[118.04700313071118,-8.2971453081117534],[118.05608276512601,-8.2971213531336563],[118.05605862530733,-8.2880774756133118],[118.04697919834094,-8.2881014041268379],[118.04700313071118,-8.2971453081117534]]]},"properties":{"FID":434,"Grid_ID":"435","Nilai":0}},{"type":"Feature","id":435,"geometry":{"type":"Polygon","coordinates":[[[118.05608276512601,-8.2971213531336563],[118.06516237229312,-8.2970971914072429],[118.06513802502907,-8.2880533405798733],[118.05605862530733,-8.2880774756133118],[118.05608276512601,-8.2971213531336563]]]},"properties":{"FID":435,"Grid_ID":"436","Nilai":0}},{"type":"Feature","id":436,"geometry":{"type":"Polygon","coordinates":[[[118.06516237229312,-8.2970971914072429],[118.07424195197845,-8.2970728229355171],[118.07421739727208,-8.2880289990295228],[118.06513802502907,-8.2880533405798733],[118.06516237229312,-8.2970971914072429]]]},"properties":{"FID":436,"Grid_ID":"437","Nilai":0}},{"type":"Feature","id":437,"geometry":{"type":"Polygon","coordinates":[[[118.07424195197845,-8.2970728229355171],[118.08332150394777,-8.2970482477215199],[118.0832967418022,-8.2880044509652997],[118.07421739727208,-8.2880289990295228],[118.07424195197845,-8.2970728229355171]]]},"properties":{"FID":437,"Grid_ID":"438","Nilai":0}},{"type":"Feature","id":438,"geometry":{"type":"Polygon","coordinates":[[[118.08332150394777,-8.2970482477215199],[118.09240102796699,-8.2970234657683122],[118.09237605838533,-8.2879796963902628],[118.0832967418022,-8.2880044509652997],[118.08332150394777,-8.2970482477215199]]]},"properties":{"FID":438,"Grid_ID":"439","Nilai":0}},{"type":"Feature","id":439,"geometry":{"type":"Polygon","coordinates":[[[118.09240102796699,-8.2970234657683122],[118.10148052380194,-8.2969984770789846],[118.10145534678733,-8.287954735307494],[118.09237605838533,-8.2879796963902628],[118.09240102796699,-8.2970234657683122]]]},"properties":{"FID":439,"Grid_ID":"440","Nilai":0}},{"type":"Feature","id":440,"geometry":{"type":"Polygon","coordinates":[[[118.10148052380194,-8.2969984770789846],[118.11055999121852,-8.2969732816566495],[118.11053460677417,-8.2879295677201075],[118.10145534678733,-8.287954735307494],[118.10148052380194,-8.2969984770789846]]]},"properties":{"FID":440,"Grid_ID":"441","Nilai":0}},{"type":"Feature","id":441,"geometry":{"type":"Polygon","coordinates":[[[118.11055999121852,-8.2969732816566495],[118.1196394299826,-8.2969478795044473],[118.11961383811168,-8.2879041936312383],[118.11053460677417,-8.2879295677201075],[118.11055999121852,-8.2969732816566495]]]},"properties":{"FID":441,"Grid_ID":"442","Nilai":0}},{"type":"Feature","id":442,"geometry":{"type":"Polygon","coordinates":[[[118.1196394299826,-8.2969478795044473],[118.12871883986004,-8.296922270625549],[118.12869304056579,-8.2878786130440485],[118.11961383811168,-8.2879041936312383],[118.1196394299826,-8.2969478795044473]]]},"properties":{"FID":442,"Grid_ID":"443","Nilai":1}},{"type":"Feature","id":443,"geometry":{"type":"Polygon","coordinates":[[[118.12871883986004,-8.296922270625549],[118.1377982206167,-8.2968964550231377],[118.13777221390239,-8.2878528259617266],[118.12869304056579,-8.2878786130440485],[118.12871883986004,-8.296922270625549]]]},"properties":{"FID":443,"Grid_ID":"444","Nilai":1}},{"type":"Feature","id":444,"geometry":{"type":"Polygon","coordinates":[[[118.1377982206167,-8.2968964550231377],[118.14687757201851,-8.2968704327004374],[118.14685135788743,-8.2878268323874877],[118.13777221390239,-8.2878528259617266],[118.1377982206167,-8.2968964550231377]]]},"properties":{"FID":444,"Grid_ID":"445","Nilai":1}},{"type":"Feature","id":445,"geometry":{"type":"Polygon","coordinates":[[[118.14687757201851,-8.2968704327004374],[118.15595689383134,-8.2968442036606866],[118.15593047228677,-8.2878006323245668],[118.14685135788743,-8.2878268323874877],[118.14687757201851,-8.2968704327004374]]]},"properties":{"FID":445,"Grid_ID":"446","Nilai":1}},{"type":"Feature","id":446,"geometry":{"type":"Polygon","coordinates":[[[118.15595689383134,-8.2968442036606866],[118.16503618582108,-8.2968177679071573],[118.16500955686637,-8.2877742257762357],[118.15593047228677,-8.2878006323245668],[118.15595689383134,-8.2968442036606866]]]},"properties":{"FID":446,"Grid_ID":"447","Nilai":1}},{"type":"Feature","id":447,"geometry":{"type":"Polygon","coordinates":[[[118.16503618582108,-8.2968177679071573],[118.17411544775362,-8.2967911254431446],[118.17408861139211,-8.2877476127457808],[118.16500955686637,-8.2877742257762357],[118.16503618582108,-8.2968177679071573]]]},"properties":{"FID":447,"Grid_ID":"448","Nilai":1}},{"type":"Feature","id":448,"geometry":{"type":"Polygon","coordinates":[[[118.17411544775362,-8.2967911254431446],[118.18319467939483,-8.2967642762719649],[118.18316763562997,-8.2877207932365149],[118.17408861139211,-8.2877476127457808],[118.17411544775362,-8.2967911254431446]]]},"properties":{"FID":448,"Grid_ID":"449","Nilai":1}},{"type":"Feature","id":449,"geometry":{"type":"Polygon","coordinates":[[[117.8835451210301,-8.2884967991894385],[117.89262499836153,-8.2884765885194476],[117.89260461608546,-8.2794322654453865],[117.88352494601865,-8.2794524537636178],[117.8835451210301,-8.2884967991894385]]]},"properties":{"FID":449,"Grid_ID":"450","Nilai":0}},{"type":"Feature","id":450,"geometry":{"type":"Polygon","coordinates":[[[117.89262499836153,-8.2884765885194476],[117.90170485266306,-8.2884561712797975],[117.90168426312493,-8.2794118707859443],[117.89260461608546,-8.2794322654453865],[117.89262499836153,-8.2884765885194476]]]},"properties":{"FID":450,"Grid_ID":"451","Nilai":0}},{"type":"Feature","id":451,"geometry":{"type":"Polygon","coordinates":[[[117.90170485266306,-8.2884561712797975],[117.91078468370054,-8.2884355474730302],[117.91076388690294,-8.2793912697878351],[117.90168426312493,-8.2794118707859443],[117.90170485266306,-8.2884561712797975]]]},"properties":{"FID":451,"Grid_ID":"452","Nilai":0}},{"type":"Feature","id":452,"geometry":{"type":"Polygon","coordinates":[[[117.91078468370054,-8.2884355474730302],[117.91986449123976,-8.2884147171017162],[117.91984348718533,-8.279370462453624],[117.91076388690294,-8.2793912697878351],[117.91078468370054,-8.2884355474730302]]]},"properties":{"FID":452,"Grid_ID":"453","Nilai":0}},{"type":"Feature","id":453,"geometry":{"type":"Polygon","coordinates":[[[117.91986449123976,-8.2884147171017162],[117.92894427504655,-8.2883936801684559],[117.92892306373797,-8.2793494487859043],[117.91984348718533,-8.279370462453624],[117.91986449123976,-8.2884147171017162]]]},"properties":{"FID":453,"Grid_ID":"454","Nilai":0}},{"type":"Feature","id":454,"geometry":{"type":"Polygon","coordinates":[[[117.92894427504655,-8.2883936801684559],[117.93802403488675,-8.2883724366758642],[117.93800261632667,-8.2793282287872998],[117.92892306373797,-8.2793494487859043],[117.92894427504655,-8.2883936801684559]]]},"properties":{"FID":454,"Grid_ID":"455","Nilai":0}},{"type":"Feature","id":455,"geometry":{"type":"Polygon","coordinates":[[[117.93802403488675,-8.2883724366758642],[117.94710377052617,-8.288350986626595],[117.9470821447173,-8.2793068024604501],[117.93800261632667,-8.2793282287872998],[117.93802403488675,-8.2883724366758642]]]},"properties":{"FID":455,"Grid_ID":"456","Nilai":0}},{"type":"Feature","id":456,"geometry":{"type":"Polygon","coordinates":[[[117.94710377052617,-8.288350986626595],[117.95618348173069,-8.2883293300233216],[117.95616164867573,-8.2792851698080288],[117.9470821447173,-8.2793068024604501],[117.94710377052617,-8.288350986626595]]]},"properties":{"FID":456,"Grid_ID":"457","Nilai":0}},{"type":"Feature","id":457,"geometry":{"type":"Polygon","coordinates":[[[117.95618348173069,-8.2883293300233216],[117.96526316826611,-8.2883074668687389],[117.96524112796786,-8.2792633308327321],[117.95616164867573,-8.2792851698080288],[117.95618348173069,-8.2883293300233216]]]},"properties":{"FID":457,"Grid_ID":"458","Nilai":0}},{"type":"Feature","id":458,"geometry":{"type":"Polygon","coordinates":[[[117.96526316826611,-8.2883074668687389],[117.97434282989828,-8.2882853971655752],[117.97432058235951,-8.2792412855372799],[117.96524112796786,-8.2792633308327321],[117.96526316826611,-8.2883074668687389]]]},"properties":{"FID":458,"Grid_ID":"459","Nilai":0}},{"type":"Feature","id":459,"geometry":{"type":"Polygon","coordinates":[[[117.97434282989828,-8.2882853971655752],[117.98342246639307,-8.2882631209165822],[117.98340001161655,-8.2792190339244218],[117.97432058235951,-8.2792412855372799],[117.97434282989828,-8.2882853971655752]]]},"properties":{"FID":459,"Grid_ID":"460","Nilai":1}},{"type":"Feature","id":460,"geometry":{"type":"Polygon","coordinates":[[[117.98342246639307,-8.2882631209165822],[117.99250207751628,-8.2882406381245346],[117.99247941550489,-8.279196575996929],[117.98340001161655,-8.2792190339244218],[117.98342246639307,-8.2882631209165822]]]},"properties":{"FID":460,"Grid_ID":"461","Nilai":0}},{"type":"Feature","id":461,"geometry":{"type":"Polygon","coordinates":[[[117.99250207751628,-8.2882406381245346],[118.0015816630338,-8.2882179487922354],[118.00155879379038,-8.2791739117576046],[117.99247941550489,-8.279196575996929],[117.99250207751628,-8.2882406381245346]]]},"properties":{"FID":461,"Grid_ID":"462","Nilai":0}},{"type":"Feature","id":462,"geometry":{"type":"Polygon","coordinates":[[[118.0015816630338,-8.2882179487922354],[118.01066122271148,-8.2881950529225108],[118.01063814623892,-8.2791510412092695],[118.00155879379038,-8.2791739117576046],[118.0015816630338,-8.2882179487922354]]]},"properties":{"FID":462,"Grid_ID":"463","Nilai":0}},{"type":"Feature","id":463,"geometry":{"type":"Polygon","coordinates":[[[118.01066122271148,-8.2881950529225108],[118.01974075631517,-8.2881719505182154],[118.01971747261639,-8.2791279643547746],[118.01063814623892,-8.2791510412092695],[118.01066122271148,-8.2881950529225108]]]},"properties":{"FID":463,"Grid_ID":"464","Nilai":0}},{"type":"Feature","id":464,"geometry":{"type":"Polygon","coordinates":[[[118.01974075631517,-8.2881719505182154],[118.02882026361071,-8.2881486415822305],[118.02879677268866,-8.2791046811969977],[118.01971747261639,-8.2791279643547746],[118.01974075631517,-8.2881719505182154]]]},"properties":{"FID":464,"Grid_ID":"465","Nilai":0}},{"type":"Feature","id":465,"geometry":{"type":"Polygon","coordinates":[[[118.02882026361071,-8.2881486415822305],[118.03789974436401,-8.2881251261174604],[118.03787604622165,-8.2790811917388414],[118.02879677268866,-8.2791046811969977],[118.02882026361071,-8.2881486415822305]]]},"properties":{"FID":465,"Grid_ID":"466","Nilai":0}},{"type":"Feature","id":466,"geometry":{"type":"Polygon","coordinates":[[[118.03789974436401,-8.2881251261174604],[118.04697919834094,-8.2881014041268379],[118.04695529298122,-8.2790574959832295],[118.03787604622165,-8.2790811917388414],[118.03789974436401,-8.2881251261174604]]]},"properties":{"FID":466,"Grid_ID":"467","Nilai":0}},{"type":"Feature","id":467,"geometry":{"type":"Polygon","coordinates":[[[118.04697919834094,-8.2881014041268379],[118.05605862530733,-8.2880774756133118],[118.05603451273333,-8.2790335939331179],[118.04695529298122,-8.2790574959832295],[118.04697919834094,-8.2881014041268379]]]},"properties":{"FID":467,"Grid_ID":"468","Nilai":0}},{"type":"Feature","id":468,"geometry":{"type":"Polygon","coordinates":[[[118.05605862530733,-8.2880774756133118],[118.06513802502907,-8.2880533405798733],[118.0651137052438,-8.2790094855914855],[118.05603451273333,-8.2790335939331179],[118.05605862530733,-8.2880774756133118]]]},"properties":{"FID":468,"Grid_ID":"469","Nilai":0}},{"type":"Feature","id":469,"geometry":{"type":"Polygon","coordinates":[[[118.06513802502907,-8.2880533405798733],[118.07421739727208,-8.2880289990295228],[118.07419287027861,-8.2789851709613362],[118.0651137052438,-8.2790094855914855],[118.06513802502907,-8.2880533405798733]]]},"properties":{"FID":469,"Grid_ID":"470","Nilai":1}},{"type":"Feature","id":470,"geometry":{"type":"Polygon","coordinates":[[[118.07421739727208,-8.2880289990295228],[118.0832967418022,-8.2880044509652997],[118.08327200760361,-8.2789606500456987],[118.07419287027861,-8.2789851709613362],[118.07421739727208,-8.2880289990295228]]]},"properties":{"FID":470,"Grid_ID":"471","Nilai":0}},{"type":"Feature","id":471,"geometry":{"type":"Polygon","coordinates":[[[118.0832967418022,-8.2880044509652997],[118.09237605838533,-8.2879796963902628],[118.09235111698476,-8.2789359228476318],[118.08327200760361,-8.2789606500456987],[118.0832967418022,-8.2880044509652997]]]},"properties":{"FID":471,"Grid_ID":"472","Nilai":0}},{"type":"Feature","id":472,"geometry":{"type":"Polygon","coordinates":[[[118.09237605838533,-8.2879796963902628],[118.10145534678733,-8.287954735307494],[118.10143019818796,-8.2789109893702157],[118.09235111698476,-8.2789359228476318],[118.09237605838533,-8.2879796963902628]]]},"properties":{"FID":472,"Grid_ID":"473","Nilai":0}},{"type":"Feature","id":473,"geometry":{"type":"Polygon","coordinates":[[[118.10145534678733,-8.287954735307494],[118.11053460677417,-8.2879295677201075],[118.11050925097911,-8.2788858496165574],[118.10143019818796,-8.2789109893702157],[118.10145534678733,-8.287954735307494]]]},"properties":{"FID":473,"Grid_ID":"474","Nilai":1}},{"type":"Feature","id":474,"geometry":{"type":"Polygon","coordinates":[[[118.11053460677417,-8.2879295677201075],[118.11961383811168,-8.2879041936312383],[118.11958827512417,-8.2788605035897955],[118.11050925097911,-8.2788858496165574],[118.11053460677417,-8.2879295677201075]]]},"properties":{"FID":474,"Grid_ID":"475","Nilai":1}},{"type":"Feature","id":475,"geometry":{"type":"Polygon","coordinates":[[[118.11961383811168,-8.2879041936312383],[118.12869304056579,-8.2878786130440485],[118.12866727038906,-8.2788349512930761],[118.11958827512417,-8.2788605035897955],[118.11961383811168,-8.2879041936312383]]]},"properties":{"FID":475,"Grid_ID":"476","Nilai":1}},{"type":"Feature","id":476,"geometry":{"type":"Polygon","coordinates":[[[118.12869304056579,-8.2878786130440485],[118.13777221390239,-8.2878528259617266],[118.13774623653968,-8.2788091927295948],[118.12866727038906,-8.2788349512930761],[118.12869304056579,-8.2878786130440485]]]},"properties":{"FID":476,"Grid_ID":"477","Nilai":0}},{"type":"Feature","id":477,"geometry":{"type":"Polygon","coordinates":[[[118.13777221390239,-8.2878528259617266],[118.14685135788743,-8.2878268323874877],[118.14682517334201,-8.2787832279025579],[118.13774623653968,-8.2788091927295948],[118.13777221390239,-8.2878528259617266]]]},"properties":{"FID":477,"Grid_ID":"478","Nilai":0}},{"type":"Feature","id":478,"geometry":{"type":"Polygon","coordinates":[[[118.14685135788743,-8.2878268323874877],[118.15593047228677,-8.2878006323245668],[118.15590408056197,-8.278757056815202],[118.14682517334201,-8.2787832279025579],[118.14685135788743,-8.2878268323874877]]]},"properties":{"FID":478,"Grid_ID":"479","Nilai":0}},{"type":"Feature","id":479,"geometry":{"type":"Polygon","coordinates":[[[118.15593047228677,-8.2878006323245668],[118.16500955686637,-8.2877742257762357],[118.16498295796549,-8.2787306794707867],[118.15590408056197,-8.278757056815202],[118.15593047228677,-8.2878006323245668]]]},"properties":{"FID":479,"Grid_ID":"480","Nilai":0}},{"type":"Feature","id":480,"geometry":{"type":"Polygon","coordinates":[[[118.16500955686637,-8.2877742257762357],[118.17408861139211,-8.2877476127457808],[118.17406180531853,-8.2787040958726017],[118.16498295796549,-8.2787306794707867],[118.16500955686637,-8.2877742257762357]]]},"properties":{"FID":480,"Grid_ID":"481","Nilai":1}},{"type":"Feature","id":481,"geometry":{"type":"Polygon","coordinates":[[[118.17408861139211,-8.2877476127457808],[118.18316763562997,-8.2877207932365149],[118.18314062238704,-8.2786773060239547],[118.17406180531853,-8.2787040958726017],[118.17408861139211,-8.2877476127457808]]]},"properties":{"FID":481,"Grid_ID":"482","Nilai":0}},{"type":"Feature","id":482,"geometry":{"type":"Polygon","coordinates":[[[117.88352494601865,-8.2794524537636178],[117.89260461608546,-8.2794322654453865],[117.8925842568367,-8.2703879382351904],[117.88350479380037,-8.2704081042026409],[117.88352494601865,-8.2794524537636178]]]},"properties":{"FID":482,"Grid_ID":"483","Nilai":0}},{"type":"Feature","id":483,"geometry":{"type":"Polygon","coordinates":[[[117.89260461608546,-8.2794322654453865],[117.90168426312493,-8.2794118707859443],[117.90166369684829,-8.2703675661549703],[117.8925842568367,-8.2703879382351904],[117.89260461608546,-8.2794322654453865]]]},"properties":{"FID":483,"Grid_ID":"484","Nilai":0}},{"type":"Feature","id":484,"geometry":{"type":"Polygon","coordinates":[[[117.90168426312493,-8.2794118707859443],[117.91076388690294,-8.2793912697878351],[117.910743113601,-8.2703469879645191],[117.90166369684829,-8.2703675661549703],[117.90168426312493,-8.2794118707859443]]]},"properties":{"FID":484,"Grid_ID":"485","Nilai":0}},{"type":"Feature","id":485,"geometry":{"type":"Polygon","coordinates":[[[117.91076388690294,-8.2793912697878351],[117.91984348718533,-8.279370462453624],[117.9198225068607,-8.2703262036664018],[117.910743113601,-8.2703469879645191],[117.91076388690294,-8.2793912697878351]]]},"properties":{"FID":485,"Grid_ID":"486","Nilai":0}},{"type":"Feature","id":486,"geometry":{"type":"Polygon","coordinates":[[[117.91984348718533,-8.279370462453624],[117.92892306373797,-8.2793494487859043],[117.92890187639328,-8.270305213263212],[117.9198225068607,-8.2703262036664018],[117.91984348718533,-8.279370462453624]]]},"properties":{"FID":486,"Grid_ID":"487","Nilai":0}},{"type":"Feature","id":487,"geometry":{"type":"Polygon","coordinates":[[[117.92892306373797,-8.2793494487859043],[117.93800261632667,-8.2793282287872998],[117.93798122196462,-8.2702840167575626],[117.92890187639328,-8.270305213263212],[117.92892306373797,-8.2793494487859043]]]},"properties":{"FID":487,"Grid_ID":"488","Nilai":0}},{"type":"Feature","id":488,"geometry":{"type":"Polygon","coordinates":[[[117.93800261632667,-8.2793282287872998],[117.9470821447173,-8.2793068024604501],[117.94706054334061,-8.270262614152097],[117.93798122196462,-8.2702840167575626],[117.93800261632667,-8.2793282287872998]]]},"properties":{"FID":488,"Grid_ID":"489","Nilai":0}},{"type":"Feature","id":489,"geometry":{"type":"Polygon","coordinates":[[[117.9470821447173,-8.2793068024604501],[117.95616164867573,-8.2792851698080288],[117.95613984028712,-8.270241005449483],[117.94706054334061,-8.270262614152097],[117.9470821447173,-8.2793068024604501]]]},"properties":{"FID":489,"Grid_ID":"490","Nilai":0}},{"type":"Feature","id":490,"geometry":{"type":"Polygon","coordinates":[[[117.95616164867573,-8.2792851698080288],[117.96524112796786,-8.2792633308327321],[117.96521911257007,-8.2702191906524121],[117.95613984028712,-8.270241005449483],[117.95616164867573,-8.2792851698080288]]]},"properties":{"FID":490,"Grid_ID":"491","Nilai":0}},{"type":"Feature","id":491,"geometry":{"type":"Polygon","coordinates":[[[117.96524112796786,-8.2792633308327321],[117.97432058235951,-8.2792412855372799],[117.97429835995531,-8.2701971697636054],[117.96521911257007,-8.2702191906524121],[117.96524112796786,-8.2792633308327321]]]},"properties":{"FID":491,"Grid_ID":"492","Nilai":0}},{"type":"Feature","id":492,"geometry":{"type":"Polygon","coordinates":[[[117.97432058235951,-8.2792412855372799],[117.98340001161655,-8.2792190339244218],[117.98337758220879,-8.270174942785804],[117.97429835995531,-8.2701971697636054],[117.97432058235951,-8.2792412855372799]]]},"properties":{"FID":492,"Grid_ID":"493","Nilai":1}},{"type":"Feature","id":493,"geometry":{"type":"Polygon","coordinates":[[[117.98340001161655,-8.2792190339244218],[117.99247941550489,-8.279196575996929],[117.99245677909634,-8.2701525097217825],[117.98337758220879,-8.270174942785804],[117.98340001161655,-8.2792190339244218]]]},"properties":{"FID":493,"Grid_ID":"494","Nilai":0}},{"type":"Feature","id":494,"geometry":{"type":"Polygon","coordinates":[[[117.99247941550489,-8.279196575996929],[118.00155879379038,-8.2791739117576046],[118.00153595038394,-8.2701298705743351],[117.99245677909634,-8.2701525097217825],[117.99247941550489,-8.279196575996929]]]},"properties":{"FID":494,"Grid_ID":"495","Nilai":0}},{"type":"Feature","id":495,"geometry":{"type":"Polygon","coordinates":[[[118.00155879379038,-8.2791739117576046],[118.01063814623892,-8.2791510412092695],[118.01061509583744,-8.2701070253462809],[118.00153595038394,-8.2701298705743351],[118.00155879379038,-8.2791739117576046]]]},"properties":{"FID":495,"Grid_ID":"496","Nilai":0}},{"type":"Feature","id":496,"geometry":{"type":"Polygon","coordinates":[[[118.01063814623892,-8.2791510412092695],[118.01971747261639,-8.2791279643547746],[118.01969421522281,-8.270083974040471],[118.01061509583744,-8.2701070253462809],[118.01063814623892,-8.2791510412092695]]]},"properties":{"FID":496,"Grid_ID":"497","Nilai":0}},{"type":"Feature","id":497,"geometry":{"type":"Polygon","coordinates":[[[118.01971747261639,-8.2791279643547746],[118.02879677268866,-8.2791046811969977],[118.02877330830592,-8.2700607166597742],[118.01969421522281,-8.270083974040471],[118.01971747261639,-8.2791279643547746]]]},"properties":{"FID":497,"Grid_ID":"498","Nilai":0}},{"type":"Feature","id":498,"geometry":{"type":"Polygon","coordinates":[[[118.02879677268866,-8.2791046811969977],[118.03787604622165,-8.2790811917388414],[118.03785237485268,-8.2700372532070929],[118.02877330830592,-8.2700607166597742],[118.02879677268866,-8.2791046811969977]]]},"properties":{"FID":498,"Grid_ID":"499","Nilai":0}},{"type":"Feature","id":499,"geometry":{"type":"Polygon","coordinates":[[[118.03787604622165,-8.2790811917388414],[118.04695529298122,-8.2790574959832295],[118.04693141462903,-8.2700135836853494],[118.03785237485268,-8.2700372532070929],[118.03787604622165,-8.2790811917388414]]]},"properties":{"FID":499,"Grid_ID":"500","Nilai":0}},{"type":"Feature","id":500,"geometry":{"type":"Polygon","coordinates":[[[118.04695529298122,-8.2790574959832295],[118.05603451273333,-8.2790335939331179],[118.05601042740091,-8.2699897080974925],[118.04693141462903,-8.2700135836853494],[118.04695529298122,-8.2790574959832295]]]},"properties":{"FID":500,"Grid_ID":"501","Nilai":1}},{"type":"Feature","id":501,"geometry":{"type":"Polygon","coordinates":[[[118.05603451273333,-8.2790335939331179],[118.0651137052438,-8.2790094855914855],[118.06508941293421,-8.2699656264465009],[118.05601042740091,-8.2699897080974925],[118.05603451273333,-8.2790335939331179]]]},"properties":{"FID":501,"Grid_ID":"502","Nilai":1}},{"type":"Feature","id":502,"geometry":{"type":"Polygon","coordinates":[[[118.0651137052438,-8.2790094855914855],[118.07419287027861,-8.2789851709613362],[118.07416837099491,-8.2699413387353715],[118.06508941293421,-8.2699656264465009],[118.0651137052438,-8.2790094855914855]]]},"properties":{"FID":502,"Grid_ID":"503","Nilai":1}},{"type":"Feature","id":503,"geometry":{"type":"Polygon","coordinates":[[[118.07419287027861,-8.2789851709613362],[118.08327200760361,-8.2789606500456987],[118.08324730134891,-8.2699168449671348],[118.07416837099491,-8.2699413387353715],[118.07419287027861,-8.2789851709613362]]]},"properties":{"FID":503,"Grid_ID":"504","Nilai":1}},{"type":"Feature","id":504,"geometry":{"type":"Polygon","coordinates":[[[118.08327200760361,-8.2789606500456987],[118.09235111698476,-8.2789359228476318],[118.09232620376216,-8.2698921451448442],[118.08324730134891,-8.2699168449671348],[118.08327200760361,-8.2789606500456987]]]},"properties":{"FID":504,"Grid_ID":"505","Nilai":1}},{"type":"Feature","id":505,"geometry":{"type":"Polygon","coordinates":[[[118.09235111698476,-8.2789359228476318],[118.10143019818796,-8.2789109893702157],[118.1014050780006,-8.2698672392715711],[118.09232620376216,-8.2698921451448442],[118.09235111698476,-8.2789359228476318]]]},"properties":{"FID":505,"Grid_ID":"506","Nilai":1}},{"type":"Feature","id":506,"geometry":{"type":"Polygon","coordinates":[[[118.10143019818796,-8.2789109893702157],[118.11050925097911,-8.2788858496165574],[118.11048392383017,-8.2698421273504259],[118.1014050780006,-8.2698672392715711],[118.10143019818796,-8.2789109893702157]]]},"properties":{"FID":506,"Grid_ID":"507","Nilai":1}},{"type":"Feature","id":507,"geometry":{"type":"Polygon","coordinates":[[[118.11050925097911,-8.2788858496165574],[118.11958827512417,-8.2788605035897955],[118.11956274101685,-8.2698168093845368],[118.11048392383017,-8.2698421273504259],[118.11050925097911,-8.2788858496165574]]]},"properties":{"FID":507,"Grid_ID":"508","Nilai":0}},{"type":"Feature","id":508,"geometry":{"type":"Polygon","coordinates":[[[118.11958827512417,-8.2788605035897955],[118.12866727038906,-8.2788349512930761],[118.12864152932656,-8.2697912853770568],[118.11956274101685,-8.2698168093845368],[118.11958827512417,-8.2788605035897955]]]},"properties":{"FID":508,"Grid_ID":"509","Nilai":0}},{"type":"Feature","id":509,"geometry":{"type":"Polygon","coordinates":[[[118.12866727038906,-8.2788349512930761],[118.13774623653968,-8.2788091927295948],[118.13772028852529,-8.2697655553311709],[118.12864152932656,-8.2697912853770568],[118.12866727038906,-8.2788349512930761]]]},"properties":{"FID":509,"Grid_ID":"510","Nilai":0}},{"type":"Feature","id":510,"geometry":{"type":"Polygon","coordinates":[[[118.13774623653968,-8.2788091927295948],[118.14682517334201,-8.2787832279025579],[118.14679901837897,-8.2697396192500783],[118.13772028852529,-8.2697655553311709],[118.13774623653968,-8.2788091927295948]]]},"properties":{"FID":510,"Grid_ID":"511","Nilai":0}},{"type":"Feature","id":511,"geometry":{"type":"Polygon","coordinates":[[[118.14682517334201,-8.2787832279025579],[118.15590408056197,-8.278757056815202],[118.15587771865357,-8.2697134771370191],[118.14679901837897,-8.2697396192500783],[118.14682517334201,-8.2787832279025579]]]},"properties":{"FID":511,"Grid_ID":"512","Nilai":0}},{"type":"Feature","id":512,"geometry":{"type":"Polygon","coordinates":[[[118.15590408056197,-8.278757056815202],[118.16498295796549,-8.2787306794707867],[118.16495638911509,-8.2696871289952458],[118.15587771865357,-8.2697134771370191],[118.15590408056197,-8.278757056815202]]]},"properties":{"FID":512,"Grid_ID":"513","Nilai":1}},{"type":"Feature","id":513,"geometry":{"type":"Polygon","coordinates":[[[118.16498295796549,-8.2787306794707867],[118.17406180531853,-8.2787040958726017],[118.17403502952946,-8.269660574828043],[118.16495638911509,-8.2696871289952458],[118.16498295796549,-8.2787306794707867]]]},"properties":{"FID":513,"Grid_ID":"514","Nilai":1}},{"type":"Feature","id":514,"geometry":{"type":"Polygon","coordinates":[[[117.88350479380037,-8.2704081042026409],[117.8925842568367,-8.2703879382351904],[117.8925639206127,-8.2613436068932558],[117.88348466437272,-8.2613637505109043],[117.88350479380037,-8.2704081042026409]]]},"properties":{"FID":514,"Grid_ID":"515","Nilai":0}},{"type":"Feature","id":515,"geometry":{"type":"Polygon","coordinates":[[[117.8925842568367,-8.2703879382351904],[117.90166369684829,-8.2703675661549703],[117.90164315383051,-8.26132325739127],[117.8925639206127,-8.2613436068932558],[117.8925842568367,-8.2703879382351904]]]},"properties":{"FID":515,"Grid_ID":"516","Nilai":0}},{"type":"Feature","id":516,"geometry":{"type":"Polygon","coordinates":[[[117.90166369684829,-8.2703675661549703],[117.910743113601,-8.2703469879645191],[117.91072236379205,-8.2613027020074821],[117.90164315383051,-8.26132325739127],[117.90166369684829,-8.2703675661549703]]]},"properties":{"FID":516,"Grid_ID":"517","Nilai":0}},{"type":"Feature","id":517,"geometry":{"type":"Polygon","coordinates":[[[117.910743113601,-8.2703469879645191],[117.9198225068607,-8.2703262036664018],[117.9198015502632,-8.2612819407444569],[117.91072236379205,-8.2613027020074821],[117.910743113601,-8.2703469879645191]]]},"properties":{"FID":517,"Grid_ID":"518","Nilai":0}},{"type":"Feature","id":518,"geometry":{"type":"Polygon","coordinates":[[[117.9198225068607,-8.2703262036664018],[117.92890187639328,-8.270305213263212],[117.92888071300987,-8.2612609736047773],[117.9198015502632,-8.2612819407444569],[117.9198225068607,-8.2703262036664018]]]},"properties":{"FID":518,"Grid_ID":"519","Nilai":0}},{"type":"Feature","id":519,"geometry":{"type":"Polygon","coordinates":[[[117.92890187639328,-8.270305213263212],[117.93798122196462,-8.2702840167575626],[117.93795985179797,-8.2612398005910599],[117.92888071300987,-8.2612609736047773],[117.92890187639328,-8.270305213263212]]]},"properties":{"FID":519,"Grid_ID":"520","Nilai":0}},{"type":"Feature","id":520,"geometry":{"type":"Polygon","coordinates":[[[117.93798122196462,-8.2702840167575626],[117.94706054334061,-8.270262614152097],[117.94703896639341,-8.2612184217059408],[117.93795985179797,-8.2612398005910599],[117.93798122196462,-8.2702840167575626]]]},"properties":{"FID":520,"Grid_ID":"521","Nilai":0}},{"type":"Feature","id":521,"geometry":{"type":"Polygon","coordinates":[[[117.94706054334061,-8.270262614152097],[117.95613984028712,-8.270241005449483],[117.9561180565621,-8.2611968369520863],[117.94703896639341,-8.2612184217059408],[117.94706054334061,-8.270262614152097]]]},"properties":{"FID":521,"Grid_ID":"522","Nilai":0}},{"type":"Feature","id":522,"geometry":{"type":"Polygon","coordinates":[[[117.95613984028712,-8.270241005449483],[117.96521911257007,-8.2702191906524121],[117.96519712206995,-8.2611750463321876],[117.9561180565621,-8.2611968369520863],[117.95613984028712,-8.270241005449483]]]},"properties":{"FID":522,"Grid_ID":"523","Nilai":0}},{"type":"Feature","id":523,"geometry":{"type":"Polygon","coordinates":[[[117.96521911257007,-8.2702191906524121],[117.97429835995531,-8.2701971697636054],[117.9742761626829,-8.2611530498489554],[117.96519712206995,-8.2611750463321876],[117.96521911257007,-8.2702191906524121]]]},"properties":{"FID":523,"Grid_ID":"524","Nilai":0}},{"type":"Feature","id":524,"geometry":{"type":"Polygon","coordinates":[[[117.97429835995531,-8.2701971697636054],[117.98337758220879,-8.270174942785804],[117.98335517816689,-8.2611308475051377],[117.9742761626829,-8.2611530498489554],[117.97429835995531,-8.2701971697636054]]]},"properties":{"FID":524,"Grid_ID":"525","Nilai":0}},{"type":"Feature","id":525,"geometry":{"type":"Polygon","coordinates":[[[117.98337758220879,-8.270174942785804],[117.99245677909634,-8.2701525097217825],[117.9924341682878,-8.2611084393035004],[117.98335517816689,-8.2611308475051377],[117.98337758220879,-8.270174942785804]]]},"properties":{"FID":525,"Grid_ID":"526","Nilai":0}},{"type":"Feature","id":526,"geometry":{"type":"Polygon","coordinates":[[[117.99245677909634,-8.2701525097217825],[118.00153595038394,-8.2701298705743351],[118.00151313281155,-8.2610858252468322],[117.9924341682878,-8.2611084393035004],[117.99245677909634,-8.2701525097217825]]]},"properties":{"FID":526,"Grid_ID":"527","Nilai":0}},{"type":"Feature","id":527,"geometry":{"type":"Polygon","coordinates":[[[118.00153595038394,-8.2701298705743351],[118.01061509583744,-8.2701070253462809],[118.01059207150415,-8.2610630053379541],[118.00151313281155,-8.2610858252468322],[118.00153595038394,-8.2701298705743351]]]},"properties":{"FID":527,"Grid_ID":"528","Nilai":0}},{"type":"Feature","id":528,"geometry":{"type":"Polygon","coordinates":[[[118.01061509583744,-8.2701070253462809],[118.01969421522281,-8.270083974040471],[118.01967098413145,-8.26103997957971],[118.01059207150415,-8.2610630053379541],[118.01061509583744,-8.2701070253462809]]]},"properties":{"FID":528,"Grid_ID":"529","Nilai":0}},{"type":"Feature","id":529,"geometry":{"type":"Polygon","coordinates":[[[118.01969421522281,-8.270083974040471],[118.02877330830592,-8.2700607166597742],[118.02874987045948,-8.2610167479749705],[118.01967098413145,-8.26103997957971],[118.01969421522281,-8.270083974040471]]]},"properties":{"FID":529,"Grid_ID":"530","Nilai":1}},{"type":"Feature","id":530,"geometry":{"type":"Polygon","coordinates":[[[118.02877330830592,-8.2700607166597742],[118.03785237485268,-8.2700372532070929],[118.03782873025411,-8.2609933105266311],[118.02874987045948,-8.2610167479749705],[118.02877330830592,-8.2700607166597742]]]},"properties":{"FID":530,"Grid_ID":"531","Nilai":1}},{"type":"Feature","id":531,"geometry":{"type":"Polygon","coordinates":[[[118.03785237485268,-8.2700372532070929],[118.04693141462903,-8.2700135836853494],[118.04690756328131,-8.2609696672376067],[118.03782873025411,-8.2609933105266311],[118.03785237485268,-8.2700372532070929]]]},"properties":{"FID":531,"Grid_ID":"532","Nilai":1}},{"type":"Feature","id":532,"geometry":{"type":"Polygon","coordinates":[[[118.04693141462903,-8.2700135836853494],[118.05601042740091,-8.2699897080974925],[118.05598636930704,-8.2609458181108515],[118.04690756328131,-8.2609696672376067],[118.04693141462903,-8.2700135836853494]]]},"properties":{"FID":532,"Grid_ID":"533","Nilai":0}},{"type":"Feature","id":533,"geometry":{"type":"Polygon","coordinates":[[[118.05601042740091,-8.2699897080974925],[118.06508941293421,-8.2699656264465009],[118.06506514809725,-8.2609217631493337],[118.05598636930704,-8.2609458181108515],[118.05601042740091,-8.2699897080974925]]]},"properties":{"FID":533,"Grid_ID":"534","Nilai":0}},{"type":"Feature","id":534,"geometry":{"type":"Polygon","coordinates":[[[118.06508941293421,-8.2699656264465009],[118.07416837099491,-8.2699413387353715],[118.07414389941789,-8.2608975023560518],[118.06506514809725,-8.2609217631493337],[118.06508941293421,-8.2699656264465009]]]},"properties":{"FID":534,"Grid_ID":"535","Nilai":0}},{"type":"Feature","id":535,"geometry":{"type":"Polygon","coordinates":[[[118.07416837099491,-8.2699413387353715],[118.08324730134891,-8.2699168449671348],[118.08322262303494,-8.2608730357340292],[118.07414389941789,-8.2608975023560518],[118.07416837099491,-8.2699413387353715]]]},"properties":{"FID":535,"Grid_ID":"536","Nilai":0}},{"type":"Feature","id":536,"geometry":{"type":"Polygon","coordinates":[[[118.08324730134891,-8.2699168449671348],[118.09232620376216,-8.2698921451448442],[118.09230131871435,-8.2608483632863159],[118.08322262303494,-8.2608730357340292],[118.08324730134891,-8.2699168449671348]]]},"properties":{"FID":536,"Grid_ID":"537","Nilai":0}},{"type":"Feature","id":537,"geometry":{"type":"Polygon","coordinates":[[[118.09232620376216,-8.2698921451448442],[118.1014050780006,-8.2698672392715711],[118.10137998622208,-8.2608234850159832],[118.09230131871435,-8.2608483632863159],[118.09232620376216,-8.2698921451448442]]]},"properties":{"FID":537,"Grid_ID":"538","Nilai":0}},{"type":"Feature","id":538,"geometry":{"type":"Polygon","coordinates":[[[118.1014050780006,-8.2698672392715711],[118.11048392383017,-8.2698421273504259],[118.11045862532413,-8.2607984009261362],[118.10137998622208,-8.2608234850159832],[118.1014050780006,-8.2698672392715711]]]},"properties":{"FID":538,"Grid_ID":"539","Nilai":0}},{"type":"Feature","id":539,"geometry":{"type":"Polygon","coordinates":[[[118.11048392383017,-8.2698421273504259],[118.11956274101685,-8.2698168093845368],[118.11953723578645,-8.2607731110198976],[118.11045862532413,-8.2607984009261362],[118.11048392383017,-8.2698421273504259]]]},"properties":{"FID":539,"Grid_ID":"540","Nilai":0}},{"type":"Feature","id":540,"geometry":{"type":"Polygon","coordinates":[[[118.11956274101685,-8.2698168093845368],[118.12864152932656,-8.2697912853770568],[118.12861581737508,-8.2607476153004189],[118.11953723578645,-8.2607731110198976],[118.11956274101685,-8.2698168093845368]]]},"properties":{"FID":540,"Grid_ID":"541","Nilai":0}},{"type":"Feature","id":541,"geometry":{"type":"Polygon","coordinates":[[[118.12864152932656,-8.2697912853770568],[118.13772028852529,-8.2697655553311709],[118.13769436985591,-8.2607219137708796],[118.12861581737508,-8.2607476153004189],[118.12864152932656,-8.2697912853770568]]]},"properties":{"FID":541,"Grid_ID":"542","Nilai":0}},{"type":"Feature","id":542,"geometry":{"type":"Polygon","coordinates":[[[118.13772028852529,-8.2697655553311709],[118.14679901837897,-8.2697396192500783],[118.14677289299499,-8.2606960064344808],[118.13769436985591,-8.2607219137708796],[118.13772028852529,-8.2697655553311709]]]},"properties":{"FID":542,"Grid_ID":"543","Nilai":0}},{"type":"Feature","id":543,"geometry":{"type":"Polygon","coordinates":[[[118.14679901837897,-8.2697396192500783],[118.15587771865357,-8.2697134771370191],[118.15585138655828,-8.2606698932944518],[118.14677289299499,-8.2606960064344808],[118.14679901837897,-8.2697396192500783]]]},"properties":{"FID":543,"Grid_ID":"544","Nilai":1}},{"type":"Feature","id":544,"geometry":{"type":"Polygon","coordinates":[[[118.15587771865357,-8.2697134771370191],[118.16495638911509,-8.2696871289952458],[118.16492985031184,-8.2606435743540452],[118.15585138655828,-8.2606698932944518],[118.15587771865357,-8.2697134771370191]]]},"properties":{"FID":544,"Grid_ID":"545","Nilai":0}},{"type":"Feature","id":545,"geometry":{"type":"Polygon","coordinates":[[[117.8925639206127,-8.2613436068932558],[117.90164315383051,-8.26132325739127],[117.90162263406904,-8.2522789444992384],[117.89254360741089,-8.2522992714239738],[117.8925639206127,-8.2613436068932558]]]},"properties":{"FID":545,"Grid_ID":"546","Nilai":0}},{"type":"Feature","id":546,"geometry":{"type":"Polygon","coordinates":[[[117.90164315383051,-8.26132325739127],[117.91072236379205,-8.2613027020074821],[117.91070163747348,-8.2522584119211189],[117.90162263406904,-8.2522789444992384],[117.90164315383051,-8.26132325739127]]]},"properties":{"FID":546,"Grid_ID":"547","Nilai":0}},{"type":"Feature","id":547,"geometry":{"type":"Polygon","coordinates":[[[117.91072236379205,-8.2613027020074821],[117.9198015502632,-8.2612819407444569],[117.91978061739017,-8.2522376736921768],[117.91070163747348,-8.2522584119211189],[117.91072236379205,-8.2613027020074821]]]},"properties":{"FID":547,"Grid_ID":"548","Nilai":0}},{"type":"Feature","id":548,"geometry":{"type":"Polygon","coordinates":[[[117.9198015502632,-8.2612819407444569],[117.92888071300987,-8.2612609736047773],[117.928859573585,-8.2522167298149931],[117.91978061739017,-8.2522376736921768],[117.9198015502632,-8.2612819407444569]]]},"properties":{"FID":548,"Grid_ID":"549","Nilai":0}},{"type":"Feature","id":549,"geometry":{"type":"Polygon","coordinates":[[[117.92888071300987,-8.2612609736047773],[117.93795985179797,-8.2612398005910599],[117.93793850582396,-8.2521955802921809],[117.928859573585,-8.2522167298149931],[117.92888071300987,-8.2612609736047773]]]},"properties":{"FID":549,"Grid_ID":"550","Nilai":0}},{"type":"Feature","id":550,"geometry":{"type":"Polygon","coordinates":[[[117.93795985179797,-8.2612398005910599],[117.94703896639341,-8.2612184217059408],[117.94701741387294,-8.2521742251263746],[117.93793850582396,-8.2521955802921809],[117.93795985179797,-8.2612398005910599]]]},"properties":{"FID":550,"Grid_ID":"551","Nilai":0}},{"type":"Feature","id":551,"geometry":{"type":"Polygon","coordinates":[[[117.94703896639341,-8.2612184217059408],[117.9561180565621,-8.2611968369520863],[117.95609629749788,-8.2521526643202368],[117.94701741387294,-8.2521742251263746],[117.94703896639341,-8.2612184217059408]]]},"properties":{"FID":551,"Grid_ID":"552","Nilai":0}},{"type":"Feature","id":552,"geometry":{"type":"Polygon","coordinates":[[[117.9561180565621,-8.2611968369520863],[117.96519712206995,-8.2611750463321876],[117.96517515646477,-8.2521308978764534],[117.95609629749788,-8.2521526643202368],[117.9561180565621,-8.2611968369520863]]]},"properties":{"FID":552,"Grid_ID":"553","Nilai":0}},{"type":"Feature","id":553,"geometry":{"type":"Polygon","coordinates":[[[117.96519712206995,-8.2611750463321876],[117.9742761626829,-8.2611530498489554],[117.97425399053949,-8.2521089257977369],[117.96517515646477,-8.2521308978764534],[117.96519712206995,-8.2611750463321876]]]},"properties":{"FID":553,"Grid_ID":"554","Nilai":0}},{"type":"Feature","id":554,"geometry":{"type":"Polygon","coordinates":[[[117.9742761626829,-8.2611530498489554],[117.98335517816689,-8.2611308475051377],[117.98333279948805,-8.2520867480868283],[117.97425399053949,-8.2521089257977369],[117.9742761626829,-8.2611530498489554]]]},"properties":{"FID":554,"Grid_ID":"555","Nilai":0}},{"type":"Feature","id":555,"geometry":{"type":"Polygon","coordinates":[[[117.98335517816689,-8.2611308475051377],[117.9924341682878,-8.2611084393035004],[117.99241158307636,-8.252064364746488],[117.98333279948805,-8.2520867480868283],[117.98335517816689,-8.2611308475051377]]]},"properties":{"FID":555,"Grid_ID":"556","Nilai":0}},{"type":"Feature","id":556,"geometry":{"type":"Polygon","coordinates":[[[117.9924341682878,-8.2611084393035004],[118.00151313281155,-8.2610858252468322],[118.00149034107039,-8.2520417757795084],[117.99241158307636,-8.252064364746488],[117.9924341682878,-8.2611084393035004]]]},"properties":{"FID":556,"Grid_ID":"557","Nilai":0}},{"type":"Feature","id":557,"geometry":{"type":"Polygon","coordinates":[[[118.00151313281155,-8.2610858252468322],[118.01059207150415,-8.2610630053379541],[118.01056907323611,-8.2520189811887015],[118.00149034107039,-8.2520417757795084],[118.00151313281155,-8.2610858252468322]]]},"properties":{"FID":557,"Grid_ID":"558","Nilai":0}},{"type":"Feature","id":558,"geometry":{"type":"Polygon","coordinates":[[[118.01059207150415,-8.2610630053379541],[118.01967098413145,-8.26103997957971],[118.01964777933945,-8.2519959809769112],[118.01056907323611,-8.2520189811887015],[118.01059207150415,-8.2610630053379541]]]},"properties":{"FID":558,"Grid_ID":"559","Nilai":0}},{"type":"Feature","id":559,"geometry":{"type":"Polygon","coordinates":[[[118.01967098413145,-8.26103997957971],[118.02874987045948,-8.2610167479749705],[118.02872645914641,-8.2519727751470011],[118.01964777933945,-8.2519959809769112],[118.01967098413145,-8.26103997957971]]]},"properties":{"FID":559,"Grid_ID":"560","Nilai":0}},{"type":"Feature","id":560,"geometry":{"type":"Polygon","coordinates":[[[118.02874987045948,-8.2610167479749705],[118.03782873025411,-8.2609933105266311],[118.03780511242297,-8.2519493637018666],[118.02872645914641,-8.2519727751470011],[118.02874987045948,-8.2610167479749705]]]},"properties":{"FID":560,"Grid_ID":"561","Nilai":0}},{"type":"Feature","id":561,"geometry":{"type":"Polygon","coordinates":[[[118.03782873025411,-8.2609933105266311],[118.04690756328131,-8.2609696672376067],[118.04688373893507,-8.2519257466444209],[118.03780511242297,-8.2519493637018666],[118.03782873025411,-8.2609933105266311]]]},"properties":{"FID":561,"Grid_ID":"562","Nilai":0}},{"type":"Feature","id":562,"geometry":{"type":"Polygon","coordinates":[[[118.04690756328131,-8.2609696672376067],[118.05598636930704,-8.2609458181108515],[118.05596233844869,-8.251901923977611],[118.04688373893507,-8.2519257466444209],[118.04690756328131,-8.2609696672376067]]]},"properties":{"FID":562,"Grid_ID":"563","Nilai":0}},{"type":"Feature","id":563,"geometry":{"type":"Polygon","coordinates":[[[118.05598636930704,-8.2609458181108515],[118.06506514809725,-8.2609217631493337],[118.06504091072983,-8.2518778957044052],[118.05596233844869,-8.251901923977611],[118.05598636930704,-8.2609458181108515]]]},"properties":{"FID":563,"Grid_ID":"564","Nilai":0}},{"type":"Feature","id":564,"geometry":{"type":"Polygon","coordinates":[[[118.06506514809725,-8.2609217631493337],[118.07414389941789,-8.2608975023560518],[118.07411945554449,-8.2518536618277931],[118.06504091072983,-8.2518778957044052],[118.06506514809725,-8.2609217631493337]]]},"properties":{"FID":564,"Grid_ID":"565","Nilai":0}},{"type":"Feature","id":565,"geometry":{"type":"Polygon","coordinates":[[[118.07414389941789,-8.2608975023560518],[118.08322262303494,-8.2608730357340292],[118.08319797265861,-8.2518292223508016],[118.07411945554449,-8.2518536618277931],[118.07414389941789,-8.2608975023560518]]]},"properties":{"FID":565,"Grid_ID":"566","Nilai":0}},{"type":"Feature","id":566,"geometry":{"type":"Polygon","coordinates":[[[118.08322262303494,-8.2608730357340292],[118.09230131871435,-8.2608483632863159],[118.09227646183821,-8.2518045772764719],[118.08319797265861,-8.2518292223508016],[118.08322262303494,-8.2608730357340292]]]},"properties":{"FID":566,"Grid_ID":"567","Nilai":0}},{"type":"Feature","id":567,"geometry":{"type":"Polygon","coordinates":[[[118.09230131871435,-8.2608483632863159],[118.10137998622208,-8.2608234850159832],[118.10135492284928,-8.251779726607877],[118.09227646183821,-8.2518045772764719],[118.09230131871435,-8.2608483632863159]]]},"properties":{"FID":567,"Grid_ID":"568","Nilai":0}},{"type":"Feature","id":568,"geometry":{"type":"Polygon","coordinates":[[[118.10137998622208,-8.2608234850159832],[118.11045862532413,-8.2607984009261362],[118.11043335545781,-8.2517546703481131],[118.10135492284928,-8.251779726607877],[118.10137998622208,-8.2608234850159832]]]},"properties":{"FID":568,"Grid_ID":"569","Nilai":0}},{"type":"Feature","id":569,"geometry":{"type":"Polygon","coordinates":[[[118.11045862532413,-8.2607984009261362],[118.11953723578645,-8.2607731110198976],[118.11951175942983,-8.2517294085003012],[118.11043335545781,-8.2517546703481131],[118.11045862532413,-8.2607984009261362]]]},"properties":{"FID":569,"Grid_ID":"570","Nilai":0}},{"type":"Feature","id":570,"geometry":{"type":"Polygon","coordinates":[[[118.11953723578645,-8.2607731110198976],[118.12861581737508,-8.2607476153004189],[118.12859013453134,-8.251703941067591],[118.11951175942983,-8.2517294085003012],[118.11953723578645,-8.2607731110198976]]]},"properties":{"FID":570,"Grid_ID":"571","Nilai":0}},{"type":"Feature","id":571,"geometry":{"type":"Polygon","coordinates":[[[118.12861581737508,-8.2607476153004189],[118.13769436985591,-8.2607219137708796],[118.13766848052829,-8.2516782680531549],[118.12859013453134,-8.251703941067591],[118.12861581737508,-8.2607476153004189]]]},"properties":{"FID":571,"Grid_ID":"572","Nilai":0}},{"type":"Feature","id":572,"geometry":{"type":"Polygon","coordinates":[[[118.13769436985591,-8.2607219137708796],[118.14677289299499,-8.2606960064344808],[118.14674679718678,-8.2516523894601939],[118.13766848052829,-8.2516782680531549],[118.13769436985591,-8.2607219137708796]]]},"properties":{"FID":572,"Grid_ID":"573","Nilai":0}},{"type":"Feature","id":573,"geometry":{"type":"Polygon","coordinates":[[[118.14677289299499,-8.2606960064344808],[118.15585138655828,-8.2606698932944518],[118.15582508427278,-8.2516263052919303],[118.14674679718678,-8.2516523894601939],[118.14677289299499,-8.2606960064344808]]]},"properties":{"FID":573,"Grid_ID":"574","Nilai":0}},{"type":"Feature","id":574,"geometry":{"type":"Polygon","coordinates":[[[117.89254360741089,-8.2522992714239738],[117.90162263406904,-8.2522789444992384],[117.90160213756123,-8.2432346274832735],[117.89252331722867,-8.2432549318317427],[117.89254360741089,-8.2522992714239738]]]},"properties":{"FID":574,"Grid_ID":"575","Nilai":0}},{"type":"Feature","id":575,"geometry":{"type":"Polygon","coordinates":[[[117.90162263406904,-8.2522789444992384],[117.91070163747348,-8.2522584119211189],[117.91068093464267,-8.2432141177098295],[117.90160213756123,-8.2432346274832735],[117.90162263406904,-8.2522789444992384]]]},"properties":{"FID":575,"Grid_ID":"576","Nilai":0}},{"type":"Feature","id":576,"geometry":{"type":"Polygon","coordinates":[[[117.91070163747348,-8.2522584119211189],[117.91978061739017,-8.2522376736921768],[117.91975970823897,-8.2431934025139668],[117.91068093464267,-8.2432141177098295],[117.91070163747348,-8.2522584119211189]]]},"properties":{"FID":576,"Grid_ID":"577","Nilai":0}},{"type":"Feature","id":577,"geometry":{"type":"Polygon","coordinates":[[[117.91978061739017,-8.2522376736921768],[117.928859573585,-8.2522167298149931],[117.92883845811606,-8.2431724818982666],[117.91975970823897,-8.2431934025139668],[117.91978061739017,-8.2522376736921768]]]},"properties":{"FID":577,"Grid_ID":"578","Nilai":0}},{"type":"Feature","id":578,"geometry":{"type":"Polygon","coordinates":[[[117.928859573585,-8.2522167298149931],[117.93793850582396,-8.2521955802921809],[117.93791718403992,-8.2431513558653364],[117.92883845811606,-8.2431724818982666],[117.928859573585,-8.2522167298149931]]]},"properties":{"FID":578,"Grid_ID":"579","Nilai":0}},{"type":"Feature","id":579,"geometry":{"type":"Polygon","coordinates":[[[117.93793850582396,-8.2521955802921809],[117.94701741387294,-8.2521742251263746],[117.9469958857765,-8.2431300244178107],[117.93791718403992,-8.2431513558653364],[117.93793850582396,-8.2521955802921809]]]},"properties":{"FID":579,"Grid_ID":"580","Nilai":0}},{"type":"Feature","id":580,"geometry":{"type":"Polygon","coordinates":[[[117.94701741387294,-8.2521742251263746],[117.95609629749788,-8.2521526643202368],[117.95607456309178,-8.2431084875583434],[117.9469958857765,-8.2431300244178107],[117.94701741387294,-8.2521742251263746]]]},"properties":{"FID":580,"Grid_ID":"581","Nilai":0}},{"type":"Feature","id":581,"geometry":{"type":"Polygon","coordinates":[[[117.95609629749788,-8.2521526643202368],[117.96517515646477,-8.2521308978764534],[117.96515321575171,-8.2430867452896237],[117.95607456309178,-8.2431084875583434],[117.95609629749788,-8.2521526643202368]]]},"properties":{"FID":581,"Grid_ID":"582","Nilai":1}},{"type":"Feature","id":582,"geometry":{"type":"Polygon","coordinates":[[[117.96517515646477,-8.2521308978764534],[117.97425399053949,-8.2521089257977369],[117.97423184352229,-8.243064797614359],[117.96515321575171,-8.2430867452896237],[117.96517515646477,-8.2521308978764534]]]},"properties":{"FID":582,"Grid_ID":"583","Nilai":0}},{"type":"Feature","id":583,"geometry":{"type":"Polygon","coordinates":[[[117.97425399053949,-8.2521089257977369],[117.98333279948805,-8.2520867480868283],[117.98331044616945,-8.2430426445352811],[117.97423184352229,-8.243064797614359],[117.97425399053949,-8.2521089257977369]]]},"properties":{"FID":583,"Grid_ID":"584","Nilai":0}},{"type":"Feature","id":584,"geometry":{"type":"Polygon","coordinates":[[[117.98333279948805,-8.2520867480868283],[117.99241158307636,-8.252064364746488],[117.99238902345921,-8.2430202860551578],[117.98331044616945,-8.2430426445352811],[117.98333279948805,-8.2520867480868283]]]},"properties":{"FID":584,"Grid_ID":"585","Nilai":0}},{"type":"Feature","id":585,"geometry":{"type":"Polygon","coordinates":[[[117.99241158307636,-8.252064364746488],[118.00149034107039,-8.2520417757795084],[118.00146757515752,-8.2429977221767725],[117.99238902345921,-8.2430202860551578],[117.99241158307636,-8.252064364746488]]]},"properties":{"FID":585,"Grid_ID":"586","Nilai":0}},{"type":"Feature","id":586,"geometry":{"type":"Polygon","coordinates":[[[118.00149034107039,-8.2520417757795084],[118.01056907323611,-8.2520189811887015],[118.0105461010304,-8.2429749529029319],[118.00146757515752,-8.2429977221767725],[118.00149034107039,-8.2520417757795084]]]},"properties":{"FID":586,"Grid_ID":"587","Nilai":0}},{"type":"Feature","id":587,"geometry":{"type":"Polygon","coordinates":[[[118.01056907323611,-8.2520189811887015],[118.01964777933945,-8.2519959809769112],[118.01962460084383,-8.2429519782364817],[118.0105461010304,-8.2429749529029319],[118.01056907323611,-8.2520189811887015]]]},"properties":{"FID":587,"Grid_ID":"588","Nilai":0}},{"type":"Feature","id":588,"geometry":{"type":"Polygon","coordinates":[[[118.01964777933945,-8.2519959809769112],[118.02872645914641,-8.2519727751470011],[118.02870307436378,-8.2429287981802801],[118.01962460084383,-8.2429519782364817],[118.01964777933945,-8.2519959809769112]]]},"properties":{"FID":588,"Grid_ID":"589","Nilai":0}},{"type":"Feature","id":589,"geometry":{"type":"Polygon","coordinates":[[[118.02872645914641,-8.2519727751470011],[118.03780511242297,-8.2519493637018666],[118.03778152135628,-8.2429054127372172],[118.02870307436378,-8.2429287981802801],[118.02872645914641,-8.2519727751470011]]]},"properties":{"FID":589,"Grid_ID":"590","Nilai":0}},{"type":"Feature","id":590,"geometry":{"type":"Polygon","coordinates":[[[118.03780511242297,-8.2519493637018666],[118.04688373893507,-8.2519257466444209],[118.04685994158729,-8.242881821910208],[118.03778152135628,-8.2429054127372172],[118.03780511242297,-8.2519493637018666]]]},"properties":{"FID":590,"Grid_ID":"591","Nilai":0}},{"type":"Feature","id":591,"geometry":{"type":"Polygon","coordinates":[[[118.04688373893507,-8.2519257466444209],[118.05596233844869,-8.251901923977611],[118.05593833482284,-8.2428580257021888],[118.04685994158729,-8.242881821910208],[118.04688373893507,-8.2519257466444209]]]},"properties":{"FID":591,"Grid_ID":"592","Nilai":0}},{"type":"Feature","id":592,"geometry":{"type":"Polygon","coordinates":[[[118.05596233844869,-8.251901923977611],[118.06504091072983,-8.2518778957044052],[118.06501670082896,-8.2428340241161298],[118.05593833482284,-8.2428580257021888],[118.05596233844869,-8.251901923977611]]]},"properties":{"FID":592,"Grid_ID":"593","Nilai":0}},{"type":"Feature","id":593,"geometry":{"type":"Polygon","coordinates":[[[118.06504091072983,-8.2518778957044052],[118.07411945554449,-8.2518536618277931],[118.0740950393716,-8.2428098171550204],[118.06501670082896,-8.2428340241161298],[118.06504091072983,-8.2518778957044052]]]},"properties":{"FID":593,"Grid_ID":"594","Nilai":0}},{"type":"Feature","id":594,"geometry":{"type":"Polygon","coordinates":[[[118.07411945554449,-8.2518536618277931],[118.08319797265861,-8.2518292223508016],[118.08317335021681,-8.2427854048218752],[118.0740950393716,-8.2428098171550204],[118.07411945554449,-8.2518536618277931]]]},"properties":{"FID":594,"Grid_ID":"595","Nilai":1}},{"type":"Feature","id":595,"geometry":{"type":"Polygon","coordinates":[[[118.08319797265861,-8.2518292223508016],[118.09227646183821,-8.2518045772764719],[118.0922516331306,-8.242760787119737],[118.08317335021681,-8.2427854048218752],[118.08319797265861,-8.2518292223508016]]]},"properties":{"FID":595,"Grid_ID":"596","Nilai":0}},{"type":"Feature","id":596,"geometry":{"type":"Polygon","coordinates":[[[118.09227646183821,-8.2518045772764719],[118.10135492284928,-8.251779726607877],[118.101329887879,-8.2427359640516737],[118.0922516331306,-8.242760787119737],[118.09227646183821,-8.2518045772764719]]]},"properties":{"FID":596,"Grid_ID":"597","Nilai":0}},{"type":"Feature","id":597,"geometry":{"type":"Polygon","coordinates":[[[118.10135492284928,-8.251779726607877],[118.11043335545781,-8.2517546703481131],[118.11040811422804,-8.2427109356207779],[118.101329887879,-8.2427359640516737],[118.10135492284928,-8.251779726607877]]]},"properties":{"FID":597,"Grid_ID":"598","Nilai":0}},{"type":"Feature","id":598,"geometry":{"type":"Polygon","coordinates":[[[118.11043335545781,-8.2517546703481131],[118.11951175942983,-8.2517294085003012],[118.11948631194372,-8.2426857018301742],[118.11040811422804,-8.2427109356207779],[118.11043335545781,-8.2517546703481131]]]},"properties":{"FID":598,"Grid_ID":"599","Nilai":0}},{"type":"Feature","id":599,"geometry":{"type":"Polygon","coordinates":[[[118.11951175942983,-8.2517294085003012],[118.12859013453134,-8.251703941067591],[118.12856448079208,-8.2426602626829979],[118.11948631194372,-8.2426857018301742],[118.11951175942983,-8.2517294085003012]]]},"properties":{"FID":599,"Grid_ID":"600","Nilai":1}},{"type":"Feature","id":600,"geometry":{"type":"Polygon","coordinates":[[[118.12859013453134,-8.251703941067591],[118.13766848052829,-8.2516782680531549],[118.13764262053918,-8.242634618182425],[118.12856448079208,-8.2426602626829979],[118.12859013453134,-8.251703941067591]]]},"properties":{"FID":600,"Grid_ID":"601","Nilai":1}},{"type":"Feature","id":601,"geometry":{"type":"Polygon","coordinates":[[[118.13766848052829,-8.2516782680531549],[118.14674679718678,-8.2516523894601939],[118.14672073095106,-8.2426087683316496],[118.13764262053918,-8.242634618182425],[118.13766848052829,-8.2516782680531549]]]},"properties":{"FID":601,"Grid_ID":"602","Nilai":0}},{"type":"Feature","id":602,"geometry":{"type":"Polygon","coordinates":[[[117.90160213756123,-8.2432346274832735],[117.91068093464267,-8.2432141177098295],[117.91066025529702,-8.2341698193780104],[117.90158166430456,-8.2341903063477737],[117.90160213756123,-8.2432346274832735]]]},"properties":{"FID":602,"Grid_ID":"603","Nilai":0}},{"type":"Feature","id":603,"geometry":{"type":"Polygon","coordinates":[[[117.91068093464267,-8.2432141177098295],[117.91975970823897,-8.2431934025139668],[117.91973882280698,-8.2341491272142253],[117.91066025529702,-8.2341698193780104],[117.91068093464267,-8.2432141177098295]]]},"properties":{"FID":603,"Grid_ID":"604","Nilai":0}},{"type":"Feature","id":604,"geometry":{"type":"Polygon","coordinates":[[[117.91975970823897,-8.2431934025139668],[117.92883845811606,-8.2431724818982666],[117.92881736660034,-8.2341282298589942],[117.91973882280698,-8.2341491272142253],[117.91975970823897,-8.2431934025139668]]]},"properties":{"FID":604,"Grid_ID":"605","Nilai":0}},{"type":"Feature","id":605,"geometry":{"type":"Polygon","coordinates":[[[117.92883845811606,-8.2431724818982666],[117.93791718403992,-8.2431513558653364],[117.93789588644317,-8.2341071273149247],[117.92881736660034,-8.2341282298589942],[117.92883845811606,-8.2431724818982666]]]},"properties":{"FID":605,"Grid_ID":"606","Nilai":0}},{"type":"Feature","id":606,"geometry":{"type":"Polygon","coordinates":[[[117.93791718403992,-8.2431513558653364],[117.9469958857765,-8.2431300244178107],[117.94697438210136,-8.234085819584644],[117.93789588644317,-8.2341071273149247],[117.93791718403992,-8.2431513558653364]]]},"properties":{"FID":606,"Grid_ID":"607","Nilai":1}},{"type":"Feature","id":607,"geometry":{"type":"Polygon","coordinates":[[[117.9469958857765,-8.2431300244178107],[117.95607456309178,-8.2431084875583434],[117.95605285334099,-8.2340643066708079],[117.94697438210136,-8.234085819584644],[117.9469958857765,-8.2431300244178107]]]},"properties":{"FID":607,"Grid_ID":"608","Nilai":1}},{"type":"Feature","id":608,"geometry":{"type":"Polygon","coordinates":[[[117.95607456309178,-8.2431084875583434],[117.96515321575171,-8.2430867452896237],[117.965131299928,-8.2340425885760968],[117.95605285334099,-8.2340643066708079],[117.95607456309178,-8.2431084875583434]]]},"properties":{"FID":608,"Grid_ID":"609","Nilai":1}},{"type":"Feature","id":609,"geometry":{"type":"Polygon","coordinates":[[[117.96515321575171,-8.2430867452896237],[117.97423184352229,-8.243064797614359],[117.97420972162843,-8.234020665303218],[117.965131299928,-8.2340425885760968],[117.96515321575171,-8.2430867452896237]]]},"properties":{"FID":609,"Grid_ID":"610","Nilai":0}},{"type":"Feature","id":610,"geometry":{"type":"Polygon","coordinates":[[[117.97423184352229,-8.243064797614359],[117.98331044616945,-8.2430426445352811],[117.98328811820825,-8.2339985368549051],[117.97420972162843,-8.234020665303218],[117.97423184352229,-8.243064797614359]]]},"properties":{"FID":610,"Grid_ID":"611","Nilai":0}},{"type":"Feature","id":611,"geometry":{"type":"Polygon","coordinates":[[[117.98331044616945,-8.2430426445352811],[117.99238902345921,-8.2430202860551578],[117.99236648943348,-8.2339762032339134],[117.98328811820825,-8.2339985368549051],[117.98331044616945,-8.2430426445352811]]]},"properties":{"FID":611,"Grid_ID":"612","Nilai":0}},{"type":"Feature","id":612,"geometry":{"type":"Polygon","coordinates":[[[117.99238902345921,-8.2430202860551578],[118.00146757515752,-8.2429977221767725],[118.00144483507012,-8.2339536644430265],[117.99236648943348,-8.2339762032339134],[117.99238902345921,-8.2430202860551578]]]},"properties":{"FID":612,"Grid_ID":"613","Nilai":0}},{"type":"Feature","id":613,"geometry":{"type":"Polygon","coordinates":[[[118.00146757515752,-8.2429977221767725],[118.0105461010304,-8.2429749529029319],[118.01052315488418,-8.2339309204850561],[118.00144483507012,-8.2339536644430265],[118.00146757515752,-8.2429977221767725]]]},"properties":{"FID":613,"Grid_ID":"614","Nilai":0}},{"type":"Feature","id":614,"geometry":{"type":"Polygon","coordinates":[[[118.0105461010304,-8.2429749529029319],[118.01962460084383,-8.2429519782364817],[118.01960144864168,-8.233907971362834],[118.01052315488418,-8.2339309204850561],[118.0105461010304,-8.2429749529029319]]]},"properties":{"FID":614,"Grid_ID":"615","Nilai":0}},{"type":"Feature","id":615,"geometry":{"type":"Polygon","coordinates":[[[118.01962460084383,-8.2429519782364817],[118.02870307436378,-8.2429287981802801],[118.02867971610863,-8.2338848170792183],[118.01960144864168,-8.233907971362834],[118.01962460084383,-8.2429519782364817]]]},"properties":{"FID":615,"Grid_ID":"616","Nilai":0}},{"type":"Feature","id":616,"geometry":{"type":"Polygon","coordinates":[[[118.02870307436378,-8.2429287981802801],[118.03778152135628,-8.2429054127372172],[118.03775795705106,-8.2338614576370972],[118.02867971610863,-8.2338848170792183],[118.02870307436378,-8.2429287981802801]]]},"properties":{"FID":616,"Grid_ID":"617","Nilai":0}},{"type":"Feature","id":617,"geometry":{"type":"Polygon","coordinates":[[[118.03778152135628,-8.2429054127372172],[118.04685994158729,-8.242881821910208],[118.046836171235,-8.2338378930393787],[118.03775795705106,-8.2338614576370972],[118.03778152135628,-8.2429054127372172]]]},"properties":{"FID":617,"Grid_ID":"618","Nilai":0}},{"type":"Feature","id":618,"geometry":{"type":"Polygon","coordinates":[[[118.04685994158729,-8.242881821910208],[118.05593833482284,-8.2428580257021888],[118.05591435842646,-8.2338141232890028],[118.046836171235,-8.2338378930393787],[118.04685994158729,-8.242881821910208]]]},"properties":{"FID":618,"Grid_ID":"619","Nilai":0}},{"type":"Feature","id":619,"geometry":{"type":"Polygon","coordinates":[[[118.05593833482284,-8.2428580257021888],[118.06501670082896,-8.2428340241161298],[118.06499251839151,-8.2337901483889286],[118.05591435842646,-8.2338141232890028],[118.05593833482284,-8.2428580257021888]]]},"properties":{"FID":619,"Grid_ID":"620","Nilai":0}},{"type":"Feature","id":620,"geometry":{"type":"Polygon","coordinates":[[[118.06501670082896,-8.2428340241161298],[118.0740950393716,-8.2428098171550204],[118.07407065089613,-8.233765968342146],[118.06499251839151,-8.2337901483889286],[118.06501670082896,-8.2428340241161298]]]},"properties":{"FID":620,"Grid_ID":"621","Nilai":0}},{"type":"Feature","id":621,"geometry":{"type":"Polygon","coordinates":[[[118.0740950393716,-8.2428098171550204],[118.08317335021681,-8.2427854048218752],[118.08314875570642,-8.2337415831516676],[118.07407065089613,-8.233765968342146],[118.0740950393716,-8.2428098171550204]]]},"properties":{"FID":621,"Grid_ID":"622","Nilai":1}},{"type":"Feature","id":622,"geometry":{"type":"Polygon","coordinates":[[[118.08317335021681,-8.2427854048218752],[118.0922516331306,-8.242760787119737],[118.09222683258841,-8.2337169928205309],[118.08314875570642,-8.2337415831516676],[118.08317335021681,-8.2427854048218752]]]},"properties":{"FID":622,"Grid_ID":"623","Nilai":1}},{"type":"Feature","id":623,"geometry":{"type":"Polygon","coordinates":[[[118.0922516331306,-8.242760787119737],[118.101329887879,-8.2427359640516737],[118.10130488130811,-8.2336921973518002],[118.09222683258841,-8.2337169928205309],[118.0922516331306,-8.242760787119737]]]},"properties":{"FID":623,"Grid_ID":"624","Nilai":1}},{"type":"Feature","id":624,"geometry":{"type":"Polygon","coordinates":[[[118.101329887879,-8.2427359640516737],[118.11040811422804,-8.2427109356207779],[118.1103829016316,-8.2336671967485646],[118.10130488130811,-8.2336921973518002],[118.101329887879,-8.2427359640516737]]]},"properties":{"FID":624,"Grid_ID":"625","Nilai":0}},{"type":"Feature","id":625,"geometry":{"type":"Polygon","coordinates":[[[118.11040811422804,-8.2427109356207779],[118.11948631194372,-8.2426857018301742],[118.11946089332491,-8.2336419910139433],[118.1103829016316,-8.2336671967485646],[118.11040811422804,-8.2427109356207779]]]},"properties":{"FID":625,"Grid_ID":"626","Nilai":0}},{"type":"Feature","id":626,"geometry":{"type":"Polygon","coordinates":[[[118.11948631194372,-8.2426857018301742],[118.12856448079208,-8.2426602626829979],[118.12853885615412,-8.2336165801510699],[118.11946089332491,-8.2336419910139433],[118.11948631194372,-8.2426857018301742]]]},"properties":{"FID":626,"Grid_ID":"627","Nilai":0}},{"type":"Feature","id":627,"geometry":{"type":"Polygon","coordinates":[[[118.12856448079208,-8.2426602626829979],[118.13764262053918,-8.242634618182425],[118.13761678988533,-8.2335909641631186],[118.12853885615412,-8.2336165801510699],[118.12856448079208,-8.2426602626829979]]]},"properties":{"FID":627,"Grid_ID":"628","Nilai":1}},{"type":"Feature","id":628,"geometry":{"type":"Polygon","coordinates":[[[117.90158166430456,-8.2341903063477737],[117.91066025529702,-8.2341698193780104],[117.91063959943392,-8.2251255169300546],[117.90156121429636,-8.2251459810971266],[117.90158166430456,-8.2341903063477737]]]},"properties":{"FID":628,"Grid_ID":"629","Nilai":0}},{"type":"Feature","id":629,"geometry":{"type":"Polygon","coordinates":[[[117.91066025529702,-8.2341698193780104],[117.91973882280698,-8.2341491272142253],[117.91971796109154,-8.2251048477973452],[117.91063959943392,-8.2251255169300546],[117.91066025529702,-8.2341698193780104]]]},"properties":{"FID":629,"Grid_ID":"630","Nilai":0}},{"type":"Feature","id":630,"geometry":{"type":"Polygon","coordinates":[[[117.91973882280698,-8.2341491272142253],[117.92881736660034,-8.2341282298589942],[117.92879629903523,-8.2250839737015742],[117.91971796109154,-8.2251048477973452],[117.91973882280698,-8.2341491272142253]]]},"properties":{"FID":630,"Grid_ID":"631","Nilai":1}},{"type":"Feature","id":631,"geometry":{"type":"Polygon","coordinates":[[[117.92881736660034,-8.2341282298589942],[117.93789588644317,-8.2341071273149247],[117.93787461303098,-8.2250628946453421],[117.92879629903523,-8.2250839737015742],[117.92881736660034,-8.2341282298589942]]]},"properties":{"FID":631,"Grid_ID":"632","Nilai":1}},{"type":"Feature","id":632,"geometry":{"type":"Polygon","coordinates":[[[117.93789588644317,-8.2341071273149247],[117.94697438210136,-8.234085819584644],[117.94695290284484,-8.2250416106312763],[117.93787461303098,-8.2250628946453421],[117.93789588644317,-8.2341071273149247]]]},"properties":{"FID":632,"Grid_ID":"633","Nilai":1}},{"type":"Feature","id":633,"geometry":{"type":"Polygon","coordinates":[[[117.94697438210136,-8.234085819584644],[117.95605285334099,-8.2340643066708079],[117.95603116824282,-8.2250201216620287],[117.94695290284484,-8.2250416106312763],[117.94697438210136,-8.234085819584644]]]},"properties":{"FID":633,"Grid_ID":"634","Nilai":0}},{"type":"Feature","id":634,"geometry":{"type":"Polygon","coordinates":[[[117.95605285334099,-8.2340643066708079],[117.965131299928,-8.2340425885760968],[117.96510940899093,-8.2249984277402799],[117.95603116824282,-8.2250201216620287],[117.95605285334099,-8.2340643066708079]]]},"properties":{"FID":634,"Grid_ID":"635","Nilai":0}},{"type":"Feature","id":635,"geometry":{"type":"Polygon","coordinates":[[[117.965131299928,-8.2340425885760968],[117.97420972162843,-8.234020665303218],[117.97418762485522,-8.2249765288687264],[117.96510940899093,-8.2249984277402799],[117.965131299928,-8.2340425885760968]]]},"properties":{"FID":635,"Grid_ID":"636","Nilai":0}},{"type":"Feature","id":636,"geometry":{"type":"Polygon","coordinates":[[[117.97420972162843,-8.234020665303218],[117.98328811820825,-8.2339985368549051],[117.98326581560167,-8.2249544250501074],[117.97418762485522,-8.2249765288687264],[117.97420972162843,-8.234020665303218]]]},"properties":{"FID":636,"Grid_ID":"637","Nilai":0}},{"type":"Feature","id":637,"geometry":{"type":"Polygon","coordinates":[[[117.98328811820825,-8.2339985368549051],[117.99236648943348,-8.2339762032339134],[117.99234398099635,-8.2249321162871691],[117.98326581560167,-8.2249544250501074],[117.98328811820825,-8.2339985368549051]]]},"properties":{"FID":637,"Grid_ID":"638","Nilai":0}},{"type":"Feature","id":638,"geometry":{"type":"Polygon","coordinates":[[[117.99236648943348,-8.2339762032339134],[118.00144483507012,-8.2339536644430265],[118.00142212080529,-8.2249096025826933],[117.99234398099635,-8.2249321162871691],[117.99236648943348,-8.2339762032339134]]]},"properties":{"FID":638,"Grid_ID":"639","Nilai":0}},{"type":"Feature","id":639,"geometry":{"type":"Polygon","coordinates":[[[118.00144483507012,-8.2339536644430265],[118.01052315488418,-8.2339309204850561],[118.01050023479451,-8.2248868839394884],[118.00142212080529,-8.2249096025826933],[118.00144483507012,-8.2339536644430265]]]},"properties":{"FID":639,"Grid_ID":"640","Nilai":0}},{"type":"Feature","id":640,"geometry":{"type":"Polygon","coordinates":[[[118.01052315488418,-8.2339309204850561],[118.01960144864168,-8.233907971362834],[118.01957832273004,-8.2248639603603806],[118.01050023479451,-8.2248868839394884],[118.01052315488418,-8.2339309204850561]]]},"properties":{"FID":640,"Grid_ID":"641","Nilai":0}},{"type":"Feature","id":641,"geometry":{"type":"Polygon","coordinates":[[[118.01960144864168,-8.233907971362834],[118.02867971610863,-8.2338848170792183],[118.02865638437798,-8.2248408318482316],[118.01957832273004,-8.2248639603603806],[118.01960144864168,-8.233907971362834]]]},"properties":{"FID":641,"Grid_ID":"642","Nilai":0}},{"type":"Feature","id":642,"geometry":{"type":"Polygon","coordinates":[[[118.02867971610863,-8.2338848170792183],[118.03775795705106,-8.2338614576370972],[118.03773441950433,-8.2248174984059208],[118.02865638437798,-8.2248408318482316],[118.02867971610863,-8.2338848170792183]]]},"properties":{"FID":642,"Grid_ID":"643","Nilai":0}},{"type":"Feature","id":643,"geometry":{"type":"Polygon","coordinates":[[[118.03775795705106,-8.2338614576370972],[118.046836171235,-8.2338378930393787],[118.04681242787515,-8.2247939600363562],[118.03773441950433,-8.2248174984059208],[118.03775795705106,-8.2338614576370972]]]},"properties":{"FID":643,"Grid_ID":"644","Nilai":0}},{"type":"Feature","id":644,"geometry":{"type":"Polygon","coordinates":[[[118.046836171235,-8.2338378930393787],[118.05591435842646,-8.2338141232890028],[118.05589040925652,-8.2247702167424688],[118.04681242787515,-8.2247939600363562],[118.046836171235,-8.2338378930393787]]]},"properties":{"FID":644,"Grid_ID":"645","Nilai":0}},{"type":"Feature","id":645,"geometry":{"type":"Polygon","coordinates":[[[118.05591435842646,-8.2338141232890028],[118.06499251839151,-8.2337901483889286],[118.06496836341447,-8.2247462685272232],[118.05589040925652,-8.2247702167424688],[118.05591435842646,-8.2338141232890028]]]},"properties":{"FID":645,"Grid_ID":"646","Nilai":0}},{"type":"Feature","id":646,"geometry":{"type":"Polygon","coordinates":[[[118.06499251839151,-8.2337901483889286],[118.07407065089613,-8.233765968342146],[118.07404629011506,-8.2247221153935985],[118.06496836341447,-8.2247462685272232],[118.06499251839151,-8.2337901483889286]]]},"properties":{"FID":646,"Grid_ID":"647","Nilai":0}},{"type":"Feature","id":647,"geometry":{"type":"Polygon","coordinates":[[[118.07407065089613,-8.233765968342146],[118.08314875570642,-8.2337415831516676],[118.08312418912435,-8.2246977573446056],[118.07404629011506,-8.2247221153935985],[118.07407065089613,-8.233765968342146]]]},"properties":{"FID":647,"Grid_ID":"648","Nilai":0}},{"type":"Feature","id":648,"geometry":{"type":"Polygon","coordinates":[[[118.08314875570642,-8.2337415831516676],[118.09222683258841,-8.2337169928205309],[118.09220206020845,-8.2246731943832785],[118.08312418912435,-8.2246977573446056],[118.08314875570642,-8.2337415831516676]]]},"properties":{"FID":648,"Grid_ID":"649","Nilai":0}},{"type":"Feature","id":649,"geometry":{"type":"Polygon","coordinates":[[[118.09222683258841,-8.2337169928205309],[118.10130488130811,-8.2336921973518002],[118.10127990313342,-8.2246484265126796],[118.09220206020845,-8.2246731943832785],[118.09222683258841,-8.2337169928205309]]]},"properties":{"FID":649,"Grid_ID":"650","Nilai":1}},{"type":"Feature","id":650,"geometry":{"type":"Polygon","coordinates":[[[118.10130488130811,-8.2336921973518002],[118.1103829016316,-8.2336671967485646],[118.11035771766531,-8.2246234537358944],[118.10127990313342,-8.2246484265126796],[118.10130488130811,-8.2336921973518002]]]},"properties":{"FID":650,"Grid_ID":"651","Nilai":1}},{"type":"Feature","id":651,"geometry":{"type":"Polygon","coordinates":[[[118.1103829016316,-8.2336671967485646],[118.11946089332491,-8.2336419910139433],[118.11943550357022,-8.2245982760560352],[118.11035771766531,-8.2246234537358944],[118.1103829016316,-8.2336671967485646]]]},"properties":{"FID":651,"Grid_ID":"652","Nilai":1}},{"type":"Feature","id":652,"geometry":{"type":"Polygon","coordinates":[[[118.11946089332491,-8.2336419910139433],[118.12853885615412,-8.2336165801510699],[118.12851326061421,-8.2245728934762408],[118.11943550357022,-8.2245982760560352],[118.11946089332491,-8.2336419910139433]]]},"properties":{"FID":652,"Grid_ID":"653","Nilai":1}},{"type":"Feature","id":653,"geometry":{"type":"Polygon","coordinates":[[[118.12853885615412,-8.2336165801510699],[118.13761678988533,-8.2335909641631186],[118.1375909885634,-8.2245473059996694],[118.12851326061421,-8.2245728934762408],[118.12853885615412,-8.2336165801510699]]]},"properties":{"FID":653,"Grid_ID":"654","Nilai":1}},{"type":"Feature","id":654,"geometry":{"type":"Polygon","coordinates":[[[118.13761678988533,-8.2335909641631186],[118.14669469428453,-8.2335651430532781],[118.14666868718389,-8.2245215136295133],[118.1375909885634,-8.2245473059996694],[118.13761678988533,-8.2335909641631186]]]},"properties":{"FID":654,"Grid_ID":"655","Nilai":0}},{"type":"Feature","id":655,"geometry":{"type":"Polygon","coordinates":[[[117.91063959943392,-8.2251255169300546],[117.91971796109154,-8.2251048477973452],[117.91969712309003,-8.2160605642677353],[117.91061896705077,-8.2160812103703691],[117.91063959943392,-8.2251255169300546]]]},"properties":{"FID":655,"Grid_ID":"656","Nilai":0}},{"type":"Feature","id":656,"geometry":{"type":"Polygon","coordinates":[[[117.91971796109154,-8.2251048477973452],[117.92879629903523,-8.2250839737015742],[117.92877525541802,-8.2160397134304137],[117.91969712309003,-8.2160605642677353],[117.91971796109154,-8.2251048477973452]]]},"properties":{"FID":656,"Grid_ID":"657","Nilai":1}},{"type":"Feature","id":657,"geometry":{"type":"Polygon","coordinates":[[[117.92879629903523,-8.2250839737015742],[117.93787461303098,-8.2250628946453421],[117.93785336380073,-8.2160186578609977],[117.92877525541802,-8.2160397134304137],[117.92879629903523,-8.2250839737015742]]]},"properties":{"FID":657,"Grid_ID":"658","Nilai":0}},{"type":"Feature","id":658,"geometry":{"type":"Polygon","coordinates":[[[117.93787461303098,-8.2250628946453421],[117.94695290284484,-8.2250416106312763],[117.94693144800419,-8.2159973975621181],[117.93785336380073,-8.2160186578609977],[117.93787461303098,-8.2250628946453421]]]},"properties":{"FID":658,"Grid_ID":"659","Nilai":0}},{"type":"Feature","id":659,"geometry":{"type":"Polygon","coordinates":[[[117.94695290284484,-8.2250416106312763],[117.95603116824282,-8.2250201216620287],[117.95600950779452,-8.2159759325364199],[117.94693144800419,-8.2159973975621181],[117.94695290284484,-8.2250416106312763]]]},"properties":{"FID":659,"Grid_ID":"660","Nilai":0}},{"type":"Feature","id":660,"geometry":{"type":"Polygon","coordinates":[[[117.95603116824282,-8.2250201216620287],[117.96510940899093,-8.2249984277402799],[117.96508754293768,-8.2159542627865783],[117.95600950779452,-8.2159759325364199],[117.95603116824282,-8.2250201216620287]]]},"properties":{"FID":660,"Grid_ID":"661","Nilai":0}},{"type":"Feature","id":661,"geometry":{"type":"Polygon","coordinates":[[[117.96510940899093,-8.2249984277402799],[117.97418762485522,-8.2249765288687264],[117.9741655531998,-8.2159323883152933],[117.96508754293768,-8.2159542627865783],[117.96510940899093,-8.2249984277402799]]]},"properties":{"FID":661,"Grid_ID":"662","Nilai":0}},{"type":"Feature","id":662,"geometry":{"type":"Polygon","coordinates":[[[117.97418762485522,-8.2249765288687264],[117.98326581560167,-8.2249544250501074],[117.98324353834685,-8.2159103091252934],[117.9741655531998,-8.2159323883152933],[117.97418762485522,-8.2249765288687264]]]},"properties":{"FID":662,"Grid_ID":"663","Nilai":0}},{"type":"Feature","id":663,"geometry":{"type":"Polygon","coordinates":[[[117.98326581560167,-8.2249544250501074],[117.99234398099635,-8.2249321162871691],[117.99232149814496,-8.2158880252193285],[117.98324353834685,-8.2159103091252934],[117.98326581560167,-8.2249544250501074]]]},"properties":{"FID":663,"Grid_ID":"664","Nilai":1}},{"type":"Feature","id":664,"geometry":{"type":"Polygon","coordinates":[[[117.99234398099635,-8.2249321162871691],[118.00142212080529,-8.2249096025826933],[118.00139943236015,-8.2158655366001732],[117.99232149814496,-8.2158880252193285],[117.99234398099635,-8.2249321162871691]]]},"properties":{"FID":664,"Grid_ID":"665","Nilai":0}},{"type":"Feature","id":665,"geometry":{"type":"Polygon","coordinates":[[[118.00142212080529,-8.2249096025826933],[118.01050023479451,-8.2248868839394884],[118.01047734075848,-8.2158428432706341],[118.00139943236015,-8.2158655366001732],[118.00142212080529,-8.2249096025826933]]]},"properties":{"FID":665,"Grid_ID":"666","Nilai":0}},{"type":"Feature","id":666,"geometry":{"type":"Polygon","coordinates":[[[118.01050023479451,-8.2248868839394884],[118.01957832273004,-8.2248639603603806],[118.01955522310607,-8.2158199452335374],[118.01047734075848,-8.2158428432706341],[118.01050023479451,-8.2248868839394884]]]},"properties":{"FID":666,"Grid_ID":"667","Nilai":0}},{"type":"Feature","id":667,"geometry":{"type":"Polygon","coordinates":[[[118.01957832273004,-8.2248639603603806],[118.02865638437798,-8.2248408318482316],[118.02863307916891,-8.2157968424917325],[118.01955522310607,-8.2158199452335374],[118.01957832273004,-8.2248639603603806]]]},"properties":{"FID":667,"Grid_ID":"668","Nilai":0}},{"type":"Feature","id":668,"geometry":{"type":"Polygon","coordinates":[[[118.02865638437798,-8.2248408318482316],[118.03773441950433,-8.2248174984059208],[118.03771090871314,-8.2157735350481023],[118.02863307916891,-8.2157968424917325],[118.02865638437798,-8.2248408318482316]]]},"properties":{"FID":668,"Grid_ID":"669","Nilai":0}},{"type":"Feature","id":669,"geometry":{"type":"Polygon","coordinates":[[[118.03773441950433,-8.2248174984059208],[118.04681242787515,-8.2247939600363562],[118.04678871150479,-8.2157500229055529],[118.03771090871314,-8.2157735350481023],[118.03773441950433,-8.2248174984059208]]]},"properties":{"FID":669,"Grid_ID":"670","Nilai":0}},{"type":"Feature","id":670,"geometry":{"type":"Polygon","coordinates":[[[118.04681242787515,-8.2247939600363562],[118.05589040925652,-8.2247702167424688],[118.05586648730996,-8.2157263060670083],[118.04678871150479,-8.2157500229055529],[118.04681242787515,-8.2247939600363562]]]},"properties":{"FID":670,"Grid_ID":"671","Nilai":0}},{"type":"Feature","id":671,"geometry":{"type":"Polygon","coordinates":[[[118.05589040925652,-8.2247702167424688],[118.06496836341447,-8.2247462685272232],[118.06494423589476,-8.2157023845354296],[118.05586648730996,-8.2157263060670083],[118.05589040925652,-8.2247702167424688]]]},"properties":{"FID":671,"Grid_ID":"672","Nilai":0}},{"type":"Feature","id":672,"geometry":{"type":"Polygon","coordinates":[[[118.06496836341447,-8.2247462685272232],[118.07404629011506,-8.2247221153935985],[118.07402195702524,-8.2156782583137939],[118.06494423589476,-8.2157023845354296],[118.06496836341447,-8.2247462685272232]]]},"properties":{"FID":672,"Grid_ID":"673","Nilai":0}},{"type":"Feature","id":673,"geometry":{"type":"Polygon","coordinates":[[[118.07404629011506,-8.2247221153935985],[118.08312418912435,-8.2246977573446056],[118.0830996504675,-8.215653927405107],[118.07402195702524,-8.2156782583137939],[118.07404629011506,-8.2247221153935985]]]},"properties":{"FID":673,"Grid_ID":"674","Nilai":0}},{"type":"Feature","id":674,"geometry":{"type":"Polygon","coordinates":[[[118.08312418912435,-8.2246977573446056],[118.09220206020845,-8.2246731943832785],[118.09217731598767,-8.2156293918124028],[118.0830996504675,-8.215653927405107],[118.08312418912435,-8.2246977573446056]]]},"properties":{"FID":674,"Grid_ID":"675","Nilai":0}},{"type":"Feature","id":675,"geometry":{"type":"Polygon","coordinates":[[[118.09220206020845,-8.2246731943832785],[118.10127990313342,-8.2246484265126796],[118.10125495335178,-8.2156046515387366],[118.09217731598767,-8.2156293918124028],[118.09220206020845,-8.2246731943832785]]]},"properties":{"FID":675,"Grid_ID":"676","Nilai":0}},{"type":"Feature","id":676,"geometry":{"type":"Polygon","coordinates":[[[118.10127990313342,-8.2246484265126796],[118.11035771766531,-8.2246234537358944],[118.11033256232601,-8.2155797065871941],[118.10125495335178,-8.2156046515387366],[118.10127990313342,-8.2246484265126796]]]},"properties":{"FID":676,"Grid_ID":"677","Nilai":0}},{"type":"Feature","id":677,"geometry":{"type":"Polygon","coordinates":[[[118.11035771766531,-8.2246234537358944],[118.11943550357022,-8.2245982760560352],[118.11941014267641,-8.2155545569608801],[118.11033256232601,-8.2155797065871941],[118.11035771766531,-8.2246234537358944]]]},"properties":{"FID":677,"Grid_ID":"678","Nilai":1}},{"type":"Feature","id":678,"geometry":{"type":"Polygon","coordinates":[[[118.11943550357022,-8.2245982760560352],[118.12851326061421,-8.2245728934762408],[118.12848769416911,-8.2155292026629301],[118.11941014267641,-8.2155545569608801],[118.11943550357022,-8.2245982760560352]]]},"properties":{"FID":678,"Grid_ID":"679","Nilai":0}},{"type":"Feature","id":679,"geometry":{"type":"Polygon","coordinates":[[[118.12851326061421,-8.2245728934762408],[118.1375909885634,-8.2245473059996694],[118.13756521657025,-8.2155036436965023],[118.12848769416911,-8.2155292026629301],[118.12851326061421,-8.2245728934762408]]]},"properties":{"FID":679,"Grid_ID":"680","Nilai":1}},{"type":"Feature","id":680,"geometry":{"type":"Polygon","coordinates":[[[118.1375909885634,-8.2245473059996694],[118.14666868718389,-8.2245215136295133],[118.1466427096459,-8.2154778800647854],[118.13756521657025,-8.2155036436965023],[118.1375909885634,-8.2245473059996694]]]},"properties":{"FID":680,"Grid_ID":"681","Nilai":1}},{"type":"Feature","id":681,"geometry":{"type":"Polygon","coordinates":[[[118.14666868718389,-8.2245215136295133],[118.15574635624174,-8.2244955163689824],[118.15572017316219,-8.2154519117709803],[118.1466427096459,-8.2154778800647854],[118.14666868718389,-8.2245215136295133]]]},"properties":{"FID":681,"Grid_ID":"682","Nilai":0}},{"type":"Feature","id":682,"geometry":{"type":"Polygon","coordinates":[[[117.91969712309003,-8.2160605642677353],[117.92877525541802,-8.2160397134304137],[117.92875423574604,-8.2069954490499057],[117.91967630879984,-8.2070162766297887],[117.91969712309003,-8.2160605642677353]]]},"properties":{"FID":682,"Grid_ID":"683","Nilai":0}},{"type":"Feature","id":683,"geometry":{"type":"Polygon","coordinates":[[[117.92877525541802,-8.2160397134304137],[117.93785336380073,-8.2160186578609977],[117.93783213874968,-8.2069744169662915],[117.92875423574604,-8.2069954490499057],[117.92877525541802,-8.2160397134304137]]]},"properties":{"FID":683,"Grid_ID":"684","Nilai":0}},{"type":"Feature","id":684,"geometry":{"type":"Polygon","coordinates":[[[117.93785336380073,-8.2160186578609977],[117.94693144800419,-8.2159973975621181],[117.94691001757674,-8.2069531803815678],[117.93783213874968,-8.2069744169662915],[117.93785336380073,-8.2160186578609977]]]},"properties":{"FID":684,"Grid_ID":"685","Nilai":0}},{"type":"Feature","id":685,"geometry":{"type":"Polygon","coordinates":[[[117.94693144800419,-8.2159973975621181],[117.95600950779452,-8.2159759325364199],[117.95598787199334,-8.206931739298378],[117.94691001757674,-8.2069531803815678],[117.94693144800419,-8.2159973975621181]]]},"properties":{"FID":685,"Grid_ID":"686","Nilai":0}},{"type":"Feature","id":686,"geometry":{"type":"Polygon","coordinates":[[[117.95600950779452,-8.2159759325364199],[117.96508754293768,-8.2159542627865783],[117.96506570176554,-8.2069100937193973],[117.95598787199334,-8.206931739298378],[117.95600950779452,-8.2159759325364199]]]},"properties":{"FID":686,"Grid_ID":"687","Nilai":0}},{"type":"Feature","id":687,"geometry":{"type":"Polygon","coordinates":[[[117.96508754293768,-8.2159542627865783],[117.9741655531998,-8.2159323883152933],[117.97414350665939,-8.2068882436473238],[117.96506570176554,-8.2069100937193973],[117.96508754293768,-8.2159542627865783]]]},"properties":{"FID":687,"Grid_ID":"688","Nilai":0}},{"type":"Feature","id":688,"geometry":{"type":"Polygon","coordinates":[[[117.9741655531998,-8.2159323883152933],[117.98324353834685,-8.2159103091252934],[117.98322128644104,-8.2068661890848755],[117.97414350665939,-8.2068882436473238],[117.9741655531998,-8.2159323883152933]]]},"properties":{"FID":688,"Grid_ID":"689","Nilai":0}},{"type":"Feature","id":689,"geometry":{"type":"Polygon","coordinates":[[[117.98324353834685,-8.2159103091252934],[117.99232149814496,-8.2158880252193285],[117.99229904087649,-8.2068439300348039],[117.98322128644104,-8.2068661890848755],[117.98324353834685,-8.2159103091252934]]]},"properties":{"FID":689,"Grid_ID":"690","Nilai":1}},{"type":"Feature","id":690,"geometry":{"type":"Polygon","coordinates":[[[117.99232149814496,-8.2158880252193285],[118.00139943236015,-8.2158655366001732],[118.00137676973188,-8.206821466499882],[117.99229904087649,-8.2068439300348039],[117.99232149814496,-8.2158880252193285]]]},"properties":{"FID":690,"Grid_ID":"691","Nilai":0}},{"type":"Feature","id":691,"geometry":{"type":"Polygon","coordinates":[[[118.00139943236015,-8.2158655366001732],[118.01047734075848,-8.2158428432706341],[118.01045447277328,-8.2067987984829109],[118.00137676973188,-8.206821466499882],[118.00139943236015,-8.2158655366001732]]]},"properties":{"FID":691,"Grid_ID":"692","Nilai":0}},{"type":"Feature","id":692,"geometry":{"type":"Polygon","coordinates":[[[118.01047734075848,-8.2158428432706341],[118.01955522310607,-8.2158199452335374],[118.01953214976676,-8.2067759259867135],[118.01045447277328,-8.2067987984829109],[118.01047734075848,-8.2158428432706341]]]},"properties":{"FID":692,"Grid_ID":"693","Nilai":0}},{"type":"Feature","id":693,"geometry":{"type":"Polygon","coordinates":[[[118.01955522310607,-8.2158199452335374],[118.02863307916891,-8.2157968424917325],[118.02860980047848,-8.206752849014137],[118.01953214976676,-8.2067759259867135],[118.01955522310607,-8.2158199452335374]]]},"properties":{"FID":693,"Grid_ID":"694","Nilai":0}},{"type":"Feature","id":694,"geometry":{"type":"Polygon","coordinates":[[[118.02863307916891,-8.2157968424917325],[118.03771090871314,-8.2157735350481023],[118.03768742467447,-8.2067295675680612],[118.02860980047848,-8.206752849014137],[118.02863307916891,-8.2157968424917325]]]},"properties":{"FID":694,"Grid_ID":"695","Nilai":0}},{"type":"Feature","id":695,"geometry":{"type":"Polygon","coordinates":[[[118.03771090871314,-8.2157735350481023],[118.04678871150479,-8.2157500229055529],[118.04676502212089,-8.2067060816513866],[118.03768742467447,-8.2067295675680612],[118.03771090871314,-8.2157735350481023]]]},"properties":{"FID":695,"Grid_ID":"696","Nilai":0}},{"type":"Feature","id":696,"geometry":{"type":"Polygon","coordinates":[[[118.04678871150479,-8.2157500229055529],[118.05586648730996,-8.2157263060670083],[118.05584259258383,-8.206682391267039],[118.04676502212089,-8.2067060816513866],[118.04678871150479,-8.2157500229055529]]]},"properties":{"FID":696,"Grid_ID":"697","Nilai":0}},{"type":"Feature","id":697,"geometry":{"type":"Polygon","coordinates":[[[118.05586648730996,-8.2157263060670083],[118.06494423589476,-8.2157023845354296],[118.06492013582935,-8.2066584964179672],[118.05584259258383,-8.206682391267039],[118.05586648730996,-8.2157263060670083]]]},"properties":{"FID":697,"Grid_ID":"698","Nilai":0}},{"type":"Feature","id":698,"geometry":{"type":"Polygon","coordinates":[[[118.06494423589476,-8.2157023845354296],[118.07402195702524,-8.2156782583137939],[118.07399765162363,-8.2066343971071536],[118.06492013582935,-8.2066584964179672],[118.06494423589476,-8.2157023845354296]]]},"properties":{"FID":698,"Grid_ID":"699","Nilai":0}},{"type":"Feature","id":699,"geometry":{"type":"Polygon","coordinates":[[[118.07402195702524,-8.2156782583137939],[118.0830996504675,-8.215653927405107],[118.08307513973276,-8.2066100933375985],[118.07399765162363,-8.2066343971071536],[118.07402195702524,-8.2156782583137939]]]},"properties":{"FID":699,"Grid_ID":"700","Nilai":0}},{"type":"Feature","id":700,"geometry":{"type":"Polygon","coordinates":[[[118.0830996504675,-8.215653927405107],[118.09217731598767,-8.2156293918124028],[118.09215259992288,-8.2065855851123288],[118.08307513973276,-8.2066100933375985],[118.0830996504675,-8.215653927405107]]]},"properties":{"FID":700,"Grid_ID":"701","Nilai":0}},{"type":"Feature","id":701,"geometry":{"type":"Polygon","coordinates":[[[118.09217731598767,-8.2156293918124028],[118.10125495335178,-8.2156046515387366],[118.10123003196009,-8.2065608724343981],[118.09215259992288,-8.2065855851123288],[118.09217731598767,-8.2156293918124028]]]},"properties":{"FID":701,"Grid_ID":"702","Nilai":0}},{"type":"Feature","id":702,"geometry":{"type":"Polygon","coordinates":[[[118.10125495335178,-8.2156046515387366],[118.11033256232601,-8.2155797065871941],[118.11030743561052,-8.2065359553068902],[118.10123003196009,-8.2065608724343981],[118.10125495335178,-8.2156046515387366]]]},"properties":{"FID":702,"Grid_ID":"703","Nilai":0}},{"type":"Feature","id":703,"geometry":{"type":"Polygon","coordinates":[[[118.11033256232601,-8.2155797065871941],[118.11941014267641,-8.2155545569608801],[118.1193848106403,-8.2065108337329065],[118.11030743561052,-8.2065359553068902],[118.11033256232601,-8.2155797065871941]]]},"properties":{"FID":703,"Grid_ID":"704","Nilai":0}},{"type":"Feature","id":704,"geometry":{"type":"Polygon","coordinates":[[[118.11941014267641,-8.2155545569608801],[118.12848769416911,-8.2155292026629301],[118.1284621568156,-8.2064855077155769],[118.1193848106403,-8.2065108337329065],[118.11941014267641,-8.2155545569608801]]]},"properties":{"FID":704,"Grid_ID":"705","Nilai":0}},{"type":"Feature","id":705,"geometry":{"type":"Polygon","coordinates":[[[118.12848769416911,-8.2155292026629301],[118.13756521657025,-8.2155036436965023],[118.13753947390254,-8.2064599772580564],[118.1284621568156,-8.2064855077155769],[118.12848769416911,-8.2155292026629301]]]},"properties":{"FID":705,"Grid_ID":"706","Nilai":0}},{"type":"Feature","id":706,"geometry":{"type":"Polygon","coordinates":[[[118.13756521657025,-8.2155036436965023],[118.1466427096459,-8.2154778800647854],[118.14661676166723,-8.2064342423635264],[118.13753947390254,-8.2064599772580564],[118.13756521657025,-8.2155036436965023]]]},"properties":{"FID":706,"Grid_ID":"707","Nilai":1}},{"type":"Feature","id":707,"geometry":{"type":"Polygon","coordinates":[[[118.1466427096459,-8.2154778800647854],[118.15572017316219,-8.2154519117709803],[118.15569401987587,-8.2064083030351949],[118.14661676166723,-8.2064342423635264],[118.1466427096459,-8.2154778800647854]]]},"properties":{"FID":707,"Grid_ID":"708","Nilai":1}},{"type":"Feature","id":708,"geometry":{"type":"Polygon","coordinates":[[[117.94691001757674,-8.2069531803815678],[117.95598787199334,-8.206931739298378],[117.95596626083658,-8.1978875419523103],[117.94688861155976,-8.1979089590940255],[117.94691001757674,-8.2069531803815678]]]},"properties":{"FID":708,"Grid_ID":"709","Nilai":0}},{"type":"Feature","id":709,"geometry":{"type":"Polygon","coordinates":[[[117.95598787199334,-8.206931739298378],[117.96506570176554,-8.2069100937193973],[117.9650438854717,-8.1978659205431441],[117.95596626083658,-8.1978875419523103],[117.95598787199334,-8.206931739298378]]]},"properties":{"FID":709,"Grid_ID":"710","Nilai":0}},{"type":"Feature","id":710,"geometry":{"type":"Polygon","coordinates":[[[117.96506570176554,-8.2069100937193973],[117.97414350665939,-8.2068882436473238],[117.97412148523128,-8.1978440948692217],[117.9650438854717,-8.1978659205431441],[117.96506570176554,-8.2069100937193973]]]},"properties":{"FID":710,"Grid_ID":"711","Nilai":0}},{"type":"Feature","id":711,"geometry":{"type":"Polygon","coordinates":[[[117.97414350665939,-8.2068882436473238],[117.98322128644104,-8.2068661890848755],[117.98319905988136,-8.1978220649332609],[117.97412148523128,-8.1978440948692217],[117.97414350665939,-8.2068882436473238]]]},"properties":{"FID":711,"Grid_ID":"712","Nilai":0}},{"type":"Feature","id":712,"geometry":{"type":"Polygon","coordinates":[[[117.98322128644104,-8.2068661890848755],[117.99229904087649,-8.2068439300348039],[117.99227660918811,-8.1977998307380062],[117.98319905988136,-8.1978220649332609],[117.98322128644104,-8.2068661890848755]]]},"properties":{"FID":712,"Grid_ID":"713","Nilai":1}},{"type":"Feature","id":713,"geometry":{"type":"Polygon","coordinates":[[[117.99229904087649,-8.2068439300348039],[118.00137676973188,-8.206821466499882],[118.00135413291758,-8.1977773922862323],[117.99227660918811,-8.1977998307380062],[117.99229904087649,-8.2068439300348039]]]},"properties":{"FID":713,"Grid_ID":"714","Nilai":0}},{"type":"Feature","id":714,"geometry":{"type":"Polygon","coordinates":[[[118.00137676973188,-8.206821466499882],[118.01045447277328,-8.2067987984829109],[118.01043163083595,-8.1977547495807315],[118.00135413291758,-8.1977773922862323],[118.00137676973188,-8.206821466499882]]]},"properties":{"FID":714,"Grid_ID":"715","Nilai":0}},{"type":"Feature","id":715,"geometry":{"type":"Polygon","coordinates":[[[118.01045447277328,-8.2067987984829109],[118.01953214976676,-8.2067759259867135],[118.01950910270929,-8.1977319026243265],[118.01043163083595,-8.1977547495807315],[118.01045447277328,-8.2067987984829109]]]},"properties":{"FID":715,"Grid_ID":"716","Nilai":0}},{"type":"Feature","id":716,"geometry":{"type":"Polygon","coordinates":[[[118.01953214976676,-8.2067759259867135],[118.02860980047848,-8.206752849014137],[118.02858654830375,-8.1977088514198613],[118.01950910270929,-8.1977319026243265],[118.01953214976676,-8.2067759259867135]]]},"properties":{"FID":716,"Grid_ID":"717","Nilai":0}},{"type":"Feature","id":717,"geometry":{"type":"Polygon","coordinates":[[[118.02860980047848,-8.206752849014137],[118.03768742467447,-8.2067295675680612],[118.03766396738543,-8.1976855959702153],[118.02858654830375,-8.1977088514198613],[118.02860980047848,-8.206752849014137]]]},"properties":{"FID":717,"Grid_ID":"718","Nilai":0}},{"type":"Feature","id":718,"geometry":{"type":"Polygon","coordinates":[[[118.03768742467447,-8.2067295675680612],[118.04676502212089,-8.2067060816513866],[118.0467413597205,-8.1976621362782787],[118.03766396738543,-8.1976855959702153],[118.03768742467447,-8.2067295675680612]]]},"properties":{"FID":718,"Grid_ID":"719","Nilai":0}},{"type":"Feature","id":719,"geometry":{"type":"Polygon","coordinates":[[[118.04676502212089,-8.2067060816513866],[118.05584259258383,-8.206682391267039],[118.05581872507506,-8.1976384723469788],[118.0467413597205,-8.1976621362782787],[118.04676502212089,-8.2067060816513866]]]},"properties":{"FID":719,"Grid_ID":"720","Nilai":0}},{"type":"Feature","id":720,"geometry":{"type":"Polygon","coordinates":[[[118.05584259258383,-8.206682391267039],[118.06492013582935,-8.2066584964179672],[118.06489606321523,-8.197614604179261],[118.05581872507506,-8.1976384723469788],[118.05584259258383,-8.206682391267039]]]},"properties":{"FID":720,"Grid_ID":"721","Nilai":0}},{"type":"Feature","id":721,"geometry":{"type":"Polygon","coordinates":[[[118.06492013582935,-8.2066584964179672],[118.07399765162363,-8.2066343971071536],[118.07397337390719,-8.1975905317781024],[118.06489606321523,-8.197614604179261],[118.06492013582935,-8.2066584964179672]]]},"properties":{"FID":721,"Grid_ID":"722","Nilai":0}},{"type":"Feature","id":722,"geometry":{"type":"Polygon","coordinates":[[[118.07399765162363,-8.2066343971071536],[118.08307513973276,-8.2066100933375985],[118.08305065691707,-8.1975662551465014],[118.07397337390719,-8.1975905317781024],[118.07399765162363,-8.2066343971071536]]]},"properties":{"FID":722,"Grid_ID":"723","Nilai":0}},{"type":"Feature","id":723,"geometry":{"type":"Polygon","coordinates":[[[118.08307513973276,-8.2066100933375985],[118.09215259992288,-8.2065855851123288],[118.09212791201099,-8.1975417742874814],[118.08305065691707,-8.1975662551465014],[118.08307513973276,-8.2066100933375985]]]},"properties":{"FID":723,"Grid_ID":"724","Nilai":0}},{"type":"Feature","id":724,"geometry":{"type":"Polygon","coordinates":[[[118.09215259992288,-8.2065855851123288],[118.10123003196009,-8.2065608724343981],[118.10120513895514,-8.1975170892040943],[118.09212791201099,-8.1975417742874814],[118.09215259992288,-8.2065855851123288]]]},"properties":{"FID":724,"Grid_ID":"725","Nilai":0}},{"type":"Feature","id":725,"geometry":{"type":"Polygon","coordinates":[[[118.10123003196009,-8.2065608724343981],[118.11030743561052,-8.2065359553068902],[118.11028233751568,-8.1974921998994148],[118.10120513895514,-8.1975170892040943],[118.10123003196009,-8.2065608724343981]]]},"properties":{"FID":725,"Grid_ID":"726","Nilai":0}},{"type":"Feature","id":726,"geometry":{"type":"Polygon","coordinates":[[[118.11030743561052,-8.2065359553068902],[118.1193848106403,-8.2065108337329065],[118.11935950745871,-8.1974671063765427],[118.11028233751568,-8.1974921998994148],[118.11030743561052,-8.2065359553068902]]]},"properties":{"FID":726,"Grid_ID":"727","Nilai":0}},{"type":"Feature","id":727,"geometry":{"type":"Polygon","coordinates":[[[118.1193848106403,-8.2065108337329065],[118.1284621568156,-8.2064855077155769],[118.12843664855045,-8.1974418086386081],[118.11935950745871,-8.1974671063765427],[118.1193848106403,-8.2065108337329065]]]},"properties":{"FID":727,"Grid_ID":"728","Nilai":0}},{"type":"Feature","id":728,"geometry":{"type":"Polygon","coordinates":[[[118.1284621568156,-8.2064855077155769],[118.13753947390254,-8.2064599772580564],[118.13751376055703,-8.1974163066887584],[118.12843664855045,-8.1974418086386081],[118.1284621568156,-8.2064855077155769]]]},"properties":{"FID":728,"Grid_ID":"729","Nilai":0}},{"type":"Feature","id":729,"geometry":{"type":"Polygon","coordinates":[[[118.13753947390254,-8.2064599772580564],[118.14661676166723,-8.2064342423635264],[118.14659084324464,-8.1973906005301735],[118.13751376055703,-8.1974163066887584],[118.13753947390254,-8.2064599772580564]]]},"properties":{"FID":729,"Grid_ID":"730","Nilai":1}},{"type":"Feature","id":730,"geometry":{"type":"Polygon","coordinates":[[[117.95596626083658,-8.1978875419523103],[117.9650438854717,-8.1978659205431441],[117.96502209405342,-8.1888217432622259],[117.95594467432147,-8.1888433405026255],[117.95596626083658,-8.1978875419523103]]]},"properties":{"FID":730,"Grid_ID":"731","Nilai":0}},{"type":"Feature","id":731,"geometry":{"type":"Polygon","coordinates":[[[117.9650438854717,-8.1978659205431441],[117.97412148523128,-8.1978440948692217],[117.97409948891259,-8.1887999419853958],[117.96502209405342,-8.1888217432622259],[117.9650438854717,-8.1978659205431441]]]},"properties":{"FID":731,"Grid_ID":"732","Nilai":0}},{"type":"Feature","id":732,"geometry":{"type":"Polygon","coordinates":[[[117.97412148523128,-8.1978440948692217],[117.98319905988136,-8.1978220649332609],[117.98317685866503,-8.1887779366748568],[117.97409948891259,-8.1887999419853958],[117.97412148523128,-8.1978440948692217]]]},"properties":{"FID":732,"Grid_ID":"733","Nilai":1}},{"type":"Feature","id":733,"geometry":{"type":"Polygon","coordinates":[[[117.98319905988136,-8.1978220649332609],[117.99227660918811,-8.1977998307380062],[117.99225420307695,-8.1887557273333424],[117.98317685866503,-8.1887779366748568],[117.98319905988136,-8.1978220649332609]]]},"properties":{"FID":733,"Grid_ID":"734","Nilai":1}},{"type":"Feature","id":734,"geometry":{"type":"Polygon","coordinates":[[[117.99227660918811,-8.1977998307380062],[118.00135413291758,-8.1977773922862323],[118.00133152191442,-8.1887333139636294],[117.99225420307695,-8.1887557273333424],[117.99227660918811,-8.1977998307380062]]]},"properties":{"FID":734,"Grid_ID":"735","Nilai":0}},{"type":"Feature","id":735,"geometry":{"type":"Polygon","coordinates":[[[118.00135413291758,-8.1977773922862323],[118.01043163083595,-8.1977547495807315],[118.01040881494363,-8.1887106965685046],[118.00133152191442,-8.1887333139636294],[118.00135413291758,-8.1977773922862323]]]},"properties":{"FID":735,"Grid_ID":"736","Nilai":0}},{"type":"Feature","id":736,"geometry":{"type":"Polygon","coordinates":[[[118.01043163083595,-8.1977547495807315],[118.01950910270929,-8.1977319026243265],[118.01948608193069,-8.1886878751507872],[118.01040881494363,-8.1887106965685046],[118.01043163083595,-8.1977547495807315]]]},"properties":{"FID":736,"Grid_ID":"737","Nilai":0}},{"type":"Feature","id":737,"geometry":{"type":"Polygon","coordinates":[[[118.01950910270929,-8.1977319026243265],[118.02858654830375,-8.1977088514198613],[118.02856332264177,-8.1886648497133212],[118.01948608193069,-8.1886878751507872],[118.01950910270929,-8.1977319026243265]]]},"properties":{"FID":737,"Grid_ID":"738","Nilai":0}},{"type":"Feature","id":738,"geometry":{"type":"Polygon","coordinates":[[[118.02858654830375,-8.1977088514198613],[118.03766396738543,-8.1976855959702153],[118.03764053684304,-8.1886416202589754],[118.02856332264177,-8.1886648497133212],[118.02858654830375,-8.1977088514198613]]]},"properties":{"FID":738,"Grid_ID":"739","Nilai":0}},{"type":"Feature","id":739,"geometry":{"type":"Polygon","coordinates":[[[118.03766396738543,-8.1976855959702153],[118.0467413597205,-8.1976621362782787],[118.04671772430059,-8.1886181867906451],[118.03764053684304,-8.1886416202589754],[118.03766396738543,-8.1976855959702153]]]},"properties":{"FID":739,"Grid_ID":"740","Nilai":0}},{"type":"Feature","id":740,"geometry":{"type":"Polygon","coordinates":[[[118.0467413597205,-8.1976621362782787],[118.05581872507506,-8.1976384723469788],[118.05579488478064,-8.1885945493112473],[118.04671772430059,-8.1886181867906451],[118.0467413597205,-8.1976621362782787]]]},"properties":{"FID":740,"Grid_ID":"741","Nilai":0}},{"type":"Feature","id":741,"geometry":{"type":"Polygon","coordinates":[[[118.05581872507506,-8.1976384723469788],[118.06489606321523,-8.197614604179261],[118.06487201804933,-8.1885707078237289],[118.05579488478064,-8.1885945493112473],[118.05581872507506,-8.1976384723469788]]]},"properties":{"FID":741,"Grid_ID":"742","Nilai":0}},{"type":"Feature","id":742,"geometry":{"type":"Polygon","coordinates":[[[118.06489606321523,-8.197614604179261],[118.07397337390719,-8.1975905317781024],[118.07394912387284,-8.1885466623310617],[118.06487201804933,-8.1885707078237289],[118.06489606321523,-8.197614604179261]]]},"properties":{"FID":742,"Grid_ID":"743","Nilai":0}},{"type":"Feature","id":743,"geometry":{"type":"Polygon","coordinates":[[[118.07397337390719,-8.1975905317781024],[118.08305065691707,-8.1975662551465014],[118.08302620201729,-8.1885224128362388],[118.07394912387284,-8.1885466623310617],[118.07397337390719,-8.1975905317781024]]]},"properties":{"FID":743,"Grid_ID":"744","Nilai":0}},{"type":"Feature","id":744,"geometry":{"type":"Polygon","coordinates":[[[118.08305065691707,-8.1975662551465014],[118.09212791201099,-8.1975417742874814],[118.0921032522489,-8.188497959342282],[118.08302620201729,-8.1885224128362388],[118.08305065691707,-8.1975662551465014]]]},"properties":{"FID":744,"Grid_ID":"745","Nilai":0}},{"type":"Feature","id":745,"geometry":{"type":"Polygon","coordinates":[[[118.09212791201099,-8.1975417742874814],[118.10120513895514,-8.1975170892040943],[118.10118027433384,-8.1884733018522411],[118.0921032522489,-8.188497959342282],[118.09212791201099,-8.1975417742874814]]]},"properties":{"FID":745,"Grid_ID":"746","Nilai":0}},{"type":"Feature","id":746,"geometry":{"type":"Polygon","coordinates":[[[118.10120513895514,-8.1975170892040943],[118.11028233751568,-8.1974921998994148],[118.1102572680383,-8.1884484403691857],[118.10118027433384,-8.1884733018522411],[118.10120513895514,-8.1975170892040943]]]},"properties":{"FID":746,"Grid_ID":"747","Nilai":0}},{"type":"Feature","id":747,"geometry":{"type":"Polygon","coordinates":[[[118.11028233751568,-8.1974921998994148],[118.11935950745871,-8.1974671063765427],[118.11933423312844,-8.1884233748962139],[118.1102572680383,-8.1884484403691857],[118.11028233751568,-8.1974921998994148]]]},"properties":{"FID":747,"Grid_ID":"748","Nilai":1}},{"type":"Feature","id":748,"geometry":{"type":"Polygon","coordinates":[[[118.11935950745871,-8.1974671063765427],[118.12843664855045,-8.1974418086386081],[118.12841116937045,-8.1883981054364501],[118.11933423312844,-8.1884233748962139],[118.11935950745871,-8.1974671063765427]]]},"properties":{"FID":748,"Grid_ID":"749","Nilai":0}},{"type":"Feature","id":749,"geometry":{"type":"Polygon","coordinates":[[[118.12843664855045,-8.1974418086386081],[118.13751376055703,-8.1974163066887584],[118.13748807653053,-8.1883726319930403],[118.12841116937045,-8.1883981054364501],[118.12843664855045,-8.1974418086386081]]]},"properties":{"FID":749,"Grid_ID":"750","Nilai":1}},{"type":"Feature","id":750,"geometry":{"type":"Polygon","coordinates":[[[118.13751376055703,-8.1974163066887584],[118.14659084324464,-8.1973906005301735],[118.14656495437488,-8.188346954569159],[118.13748807653053,-8.1883726319930403],[118.13751376055703,-8.1974163066887584]]]},"properties":{"FID":750,"Grid_ID":"751","Nilai":0}},{"type":"Feature","id":751,"geometry":{"type":"Polygon","coordinates":[[[117.96502209405342,-8.1888217432622259],[117.97409948891259,-8.1887999419853958],[117.97407751770059,-8.1797557850002587],[117.96500032750799,-8.179777561881048],[117.96502209405342,-8.1888217432622259]]]},"properties":{"FID":751,"Grid_ID":"752","Nilai":0}},{"type":"Feature","id":752,"geometry":{"type":"Polygon","coordinates":[[[117.97409948891259,-8.1887999419853958],[117.98317685866503,-8.1887779366748568],[117.98315468278928,-8.1797338043140737],[117.97407751770059,-8.1797557850002587],[117.97409948891259,-8.1887999419853958]]]},"properties":{"FID":752,"Grid_ID":"753","Nilai":1}},{"type":"Feature","id":753,"geometry":{"type":"Polygon","coordinates":[[[117.98317685866503,-8.1887779366748568],[117.99225420307695,-8.1887557273333424],[117.99223182254022,-8.1797116198252287],[117.98315468278928,-8.1797338043140737],[117.98317685866503,-8.1887779366748568]]]},"properties":{"FID":753,"Grid_ID":"754","Nilai":0}},{"type":"Feature","id":754,"geometry":{"type":"Polygon","coordinates":[[[117.99225420307695,-8.1887557273333424],[118.00133152191442,-8.1887333139636294],[118.00130893671955,-8.1796892315364911],[117.99223182254022,-8.1797116198252287],[117.99225420307695,-8.1887557273333424]]]},"properties":{"FID":754,"Grid_ID":"755","Nilai":0}},{"type":"Feature","id":755,"geometry":{"type":"Polygon","coordinates":[[[118.00133152191442,-8.1887333139636294],[118.01040881494363,-8.1887106965685046],[118.01038602509344,-8.1796666394506463],[118.00130893671955,-8.1796892315364911],[118.00133152191442,-8.1887333139636294]]]},"properties":{"FID":755,"Grid_ID":"756","Nilai":0}},{"type":"Feature","id":756,"geometry":{"type":"Polygon","coordinates":[[[118.01040881494363,-8.1887106965685046],[118.01948608193069,-8.1886878751507872],[118.01946308742811,-8.1796438435705134],[118.01038602509344,-8.1796666394506463],[118.01040881494363,-8.1887106965685046]]]},"properties":{"FID":756,"Grid_ID":"757","Nilai":0}},{"type":"Feature","id":757,"geometry":{"type":"Polygon","coordinates":[[[118.01948608193069,-8.1886878751507872],[118.02856332264177,-8.1886648497133212],[118.02854012348965,-8.1796208438989311],[118.01946308742811,-8.1796438435705134],[118.01948608193069,-8.1886878751507872]]]},"properties":{"FID":757,"Grid_ID":"758","Nilai":0}},{"type":"Feature","id":758,"geometry":{"type":"Polygon","coordinates":[[[118.02856332264177,-8.1886648497133212],[118.03764053684304,-8.1886416202589754],[118.03761713304431,-8.1795976404387627],[118.02854012348965,-8.1796208438989311],[118.02856332264177,-8.1886648497133212]]]},"properties":{"FID":758,"Grid_ID":"759","Nilai":0}},{"type":"Feature","id":759,"geometry":{"type":"Polygon","coordinates":[[[118.03764053684304,-8.1886416202589754],[118.04671772430059,-8.1886181867906451],[118.04669411585823,-8.1795742331929002],[118.03761713304431,-8.1795976404387627],[118.03764053684304,-8.1886416202589754]]]},"properties":{"FID":759,"Grid_ID":"760","Nilai":0}},{"type":"Feature","id":760,"geometry":{"type":"Polygon","coordinates":[[[118.04671772430059,-8.1886181867906451],[118.05579488478064,-8.1885945493112473],[118.05577107169759,-8.1795506221642622],[118.04669411585823,-8.1795742331929002],[118.04671772430059,-8.1886181867906451]]]},"properties":{"FID":760,"Grid_ID":"761","Nilai":0}},{"type":"Feature","id":761,"geometry":{"type":"Polygon","coordinates":[[[118.05579488478064,-8.1885945493112473],[118.06487201804933,-8.1885707078237289],[118.06484800032864,-8.1795268073557921],[118.05577107169759,-8.1795506221642622],[118.05579488478064,-8.1885945493112473]]]},"properties":{"FID":761,"Grid_ID":"762","Nilai":0}},{"type":"Feature","id":762,"geometry":{"type":"Polygon","coordinates":[[[118.06487201804933,-8.1885707078237289],[118.07394912387284,-8.1885466623310617],[118.07392490151749,-8.1795027887704528],[118.06484800032864,-8.1795268073557921],[118.06487201804933,-8.1885707078237289]]]},"properties":{"FID":762,"Grid_ID":"763","Nilai":0}},{"type":"Feature","id":763,"geometry":{"type":"Polygon","coordinates":[[[118.07394912387284,-8.1885466623310617],[118.08302620201729,-8.1885224128362388],[118.08300177503038,-8.1794785664112357],[118.07392490151749,-8.1795027887704528],[118.07394912387284,-8.1885466623310617]]]},"properties":{"FID":763,"Grid_ID":"764","Nilai":0}},{"type":"Feature","id":764,"geometry":{"type":"Polygon","coordinates":[[[118.08302620201729,-8.1885224128362388],[118.0921032522489,-8.188497959342282],[118.0920786206335,-8.1794541402811625],[118.08300177503038,-8.1794785664112357],[118.08302620201729,-8.1885224128362388]]]},"properties":{"FID":764,"Grid_ID":"765","Nilai":0}},{"type":"Feature","id":765,"geometry":{"type":"Polygon","coordinates":[[[118.0921032522489,-8.188497959342282],[118.10118027433384,-8.1884733018522411],[118.10115543809306,-8.1794295103832741],[118.0920786206335,-8.1794541402811625],[118.0921032522489,-8.188497959342282]]]},"properties":{"FID":765,"Grid_ID":"766","Nilai":0}},{"type":"Feature","id":766,"geometry":{"type":"Polygon","coordinates":[[[118.10118027433384,-8.1884733018522411],[118.1102572680383,-8.1884484403691857],[118.11023222717522,-8.1794046767206439],[118.10115543809306,-8.1794295103832741],[118.10118027433384,-8.1884733018522411]]]},"properties":{"FID":766,"Grid_ID":"767","Nilai":0}},{"type":"Feature","id":767,"geometry":{"type":"Polygon","coordinates":[[[118.1102572680383,-8.1884484403691857],[118.11933423312844,-8.1884233748962139],[118.11930898764626,-8.1793796392963589],[118.11023222717522,-8.1794046767206439],[118.1102572680383,-8.1884484403691857]]]},"properties":{"FID":767,"Grid_ID":"768","Nilai":1}},{"type":"Feature","id":768,"geometry":{"type":"Polygon","coordinates":[[[118.11933423312844,-8.1884233748962139],[118.12841116937045,-8.1883981054364501],[118.12838571927237,-8.1793543981135404],[118.11930898764626,-8.1793796392963589],[118.11933423312844,-8.1884233748962139]]]},"properties":{"FID":768,"Grid_ID":"769","Nilai":1}},{"type":"Feature","id":769,"geometry":{"type":"Polygon","coordinates":[[[118.12841116937045,-8.1883981054364501],[118.13748807653053,-8.1883726319930403],[118.13746242181973,-8.1793289531753359],[118.12838571927237,-8.1793543981135404],[118.12841116937045,-8.1883981054364501]]]},"properties":{"FID":769,"Grid_ID":"770","Nilai":1}},{"type":"Feature","id":770,"geometry":{"type":"Polygon","coordinates":[[[117.98315468278928,-8.1797338043140737],[117.99223182254022,-8.1797116198252287],[117.99220946757509,-8.1706675082180737],[117.9831325322513,-8.1706896678553225],[117.98315468278928,-8.1797338043140737]]]},"properties":{"FID":770,"Grid_ID":"771","Nilai":0}},{"type":"Feature","id":771,"geometry":{"type":"Polygon","coordinates":[[[117.99223182254022,-8.1797116198252287],[118.00130893671955,-8.1796892315364911],[118.0012863773301,-8.1706451450092281],[117.99220946757509,-8.1706675082180737],[117.99223182254022,-8.1797116198252287]]]},"properties":{"FID":771,"Grid_ID":"772","Nilai":0}},{"type":"Feature","id":772,"geometry":{"type":"Polygon","coordinates":[[[118.00130893671955,-8.1796892315364911],[118.01038602509344,-8.1796666394506463],[118.01036326128254,-8.1706225782315727],[118.0012863773301,-8.1706451450092281],[118.00130893671955,-8.1796892315364911]]]},"properties":{"FID":772,"Grid_ID":"773","Nilai":0}},{"type":"Feature","id":773,"geometry":{"type":"Polygon","coordinates":[[[118.01038602509344,-8.1796666394506463],[118.01946308742811,-8.1796438435705134],[118.01944011919858,-8.1705998078879194],[118.01036326128254,-8.1706225782315727],[118.01038602509344,-8.1796666394506463]]]},"properties":{"FID":773,"Grid_ID":"774","Nilai":0}},{"type":"Feature","id":774,"geometry":{"type":"Polygon","coordinates":[[[118.01946308742811,-8.1796438435705134],[118.02854012348965,-8.1796208438989311],[118.02851695084442,-8.1705768339811051],[118.01944011919858,-8.1705998078879194],[118.01946308742811,-8.1796438435705134]]]},"properties":{"FID":774,"Grid_ID":"775","Nilai":0}},{"type":"Feature","id":775,"geometry":{"type":"Polygon","coordinates":[[[118.02854012348965,-8.1796208438989311],[118.03761713304431,-8.1795976404387627],[118.03759375598631,-8.1705536565139951],[118.02851695084442,-8.1705768339811051],[118.02854012348965,-8.1796208438989311]]]},"properties":{"FID":775,"Grid_ID":"776","Nilai":0}},{"type":"Feature","id":776,"geometry":{"type":"Polygon","coordinates":[[[118.03761713304431,-8.1795976404387627],[118.04669411585823,-8.1795742331929002],[118.04667053439039,-8.1705302754894724],[118.03759375598631,-8.1705536565139951],[118.03761713304431,-8.1795976404387627]]]},"properties":{"FID":776,"Grid_ID":"777","Nilai":0}},{"type":"Feature","id":777,"geometry":{"type":"Polygon","coordinates":[[[118.04669411585823,-8.1795742331929002],[118.05577107169759,-8.1795506221642622],[118.05574728582292,-8.170506690910452],[118.04667053439039,-8.1705302754894724],[118.04669411585823,-8.1795742331929002]]]},"properties":{"FID":777,"Grid_ID":"778","Nilai":0}},{"type":"Feature","id":778,"geometry":{"type":"Polygon","coordinates":[[[118.05577107169759,-8.1795506221642622],[118.06484800032864,-8.1795268073557921],[118.06482401005009,-8.170482902779872],[118.05574728582292,-8.170506690910452],[118.05577107169759,-8.1795506221642622]]]},"properties":{"FID":778,"Grid_ID":"779","Nilai":0}},{"type":"Feature","id":779,"geometry":{"type":"Polygon","coordinates":[[[118.06484800032864,-8.1795268073557921],[118.07392490151749,-8.1795027887704528],[118.0739007068381,-8.1704589111006989],[118.06482401005009,-8.170482902779872],[118.06484800032864,-8.1795268073557921]]]},"properties":{"FID":779,"Grid_ID":"780","Nilai":1}},{"type":"Feature","id":780,"geometry":{"type":"Polygon","coordinates":[[[118.07392490151749,-8.1795027887704528],[118.08300177503038,-8.1794785664112357],[118.08297737595322,-8.170434715875917],[118.0739007068381,-8.1704589111006989],[118.07392490151749,-8.1795027887704528]]]},"properties":{"FID":780,"Grid_ID":"781","Nilai":0}},{"type":"Feature","id":781,"geometry":{"type":"Polygon","coordinates":[[[118.08300177503038,-8.1794785664112357],[118.0920786206335,-8.1794541402811625],[118.09205401716164,-8.1704103171085443],[118.08297737595322,-8.170434715875917],[118.08300177503038,-8.1794785664112357]]]},"properties":{"FID":781,"Grid_ID":"782","Nilai":0}},{"type":"Feature","id":782,"geometry":{"type":"Polygon","coordinates":[[[118.0920786206335,-8.1794541402811625],[118.10115543809306,-8.1794295103832741],[118.1011306302296,-8.1703857148016201],[118.09205401716164,-8.1704103171085443],[118.0920786206335,-8.1794541402811625]]]},"properties":{"FID":782,"Grid_ID":"783","Nilai":0}},{"type":"Feature","id":783,"geometry":{"type":"Polygon","coordinates":[[[118.10115543809306,-8.1794295103832741],[118.11023222717522,-8.1794046767206439],[118.11020721492332,-8.1703609089582052],[118.1011306302296,-8.1703857148016201],[118.10115543809306,-8.1794295103832741]]]},"properties":{"FID":783,"Grid_ID":"784","Nilai":0}},{"type":"Feature","id":784,"geometry":{"type":"Polygon","coordinates":[[[118.11023222717522,-8.1794046767206439],[118.11930898764626,-8.1793796392963589],[118.11928377100904,-8.1703358995813957],[118.11020721492332,-8.1703609089582052],[118.11023222717522,-8.1794046767206439]]]},"properties":{"FID":784,"Grid_ID":"785","Nilai":1}},{"type":"Feature","id":785,"geometry":{"type":"Polygon","coordinates":[[[118.11930898764626,-8.1793796392963589],[118.12838571927237,-8.1793543981135404],[118.12836029825301,-8.1703106866743092],[118.11928377100904,-8.1703358995813957],[118.11930898764626,-8.1793796392963589]]]},"properties":{"FID":785,"Grid_ID":"786","Nilai":1}},{"type":"Feature","id":786,"geometry":{"type":"Polygon","coordinates":[[[117.9831325322513,-8.1706896678553225],[117.99220946757509,-8.1706675082180737],[117.99218713817875,-8.1616233925162867],[117.98311040704827,-8.1616455273030137],[117.9831325322513,-8.1706896678553225]]]},"properties":{"FID":786,"Grid_ID":"787","Nilai":0}},{"type":"Feature","id":787,"geometry":{"type":"Polygon","coordinates":[[[117.99220946757509,-8.1706675082180737],[118.0012863773301,-8.1706451450092281],[118.00126384374323,-8.1616010543862512],[117.99218713817875,-8.1616233925162867],[117.99220946757509,-8.1706675082180737]]]},"properties":{"FID":787,"Grid_ID":"788","Nilai":0}},{"type":"Feature","id":788,"geometry":{"type":"Polygon","coordinates":[[[118.0012863773301,-8.1706451450092281],[118.01036326128254,-8.1706225782315727],[118.01034052350801,-8.1615785129156926],[118.00126384374323,-8.1616010543862512],[118.0012863773301,-8.1706451450092281]]]},"properties":{"FID":788,"Grid_ID":"789","Nilai":0}},{"type":"Feature","id":789,"geometry":{"type":"Polygon","coordinates":[[[118.01036326128254,-8.1706225782315727],[118.01944011919858,-8.1705998078879194],[118.01941717723925,-8.1615557681074193],[118.01034052350801,-8.1615785129156926],[118.01036326128254,-8.1706225782315727]]]},"properties":{"FID":789,"Grid_ID":"790","Nilai":0}},{"type":"Feature","id":790,"geometry":{"type":"Polygon","coordinates":[[[118.01944011919858,-8.1705998078879194],[118.02851695084442,-8.1705768339811051],[118.02849380470319,-8.1615328199642647],[118.01941717723925,-8.1615557681074193],[118.01944011919858,-8.1705998078879194]]]},"properties":{"FID":790,"Grid_ID":"791","Nilai":0}},{"type":"Feature","id":791,"geometry":{"type":"Polygon","coordinates":[[[118.02851695084442,-8.1705768339811051],[118.03759375598631,-8.1705536565139951],[118.03757040566607,-8.1615096684890869],[118.02849380470319,-8.1615328199642647],[118.02851695084442,-8.1705768339811051]]]},"properties":{"FID":791,"Grid_ID":"792","Nilai":0}},{"type":"Feature","id":792,"geometry":{"type":"Polygon","coordinates":[[[118.03759375598631,-8.1705536565139951],[118.04667053439039,-8.1705302754894724],[118.04664697989415,-8.1614863136847706],[118.03757040566607,-8.1615096684890869],[118.03759375598631,-8.1705536565139951]]]},"properties":{"FID":792,"Grid_ID":"793","Nilai":0}},{"type":"Feature","id":793,"geometry":{"type":"Polygon","coordinates":[[[118.04667053439039,-8.1705302754894724],[118.05574728582292,-8.170506690910452],[118.0557235271536,-8.1614627555542292],[118.04664697989415,-8.1614863136847706],[118.04667053439039,-8.1705302754894724]]]},"properties":{"FID":793,"Grid_ID":"794","Nilai":0}},{"type":"Feature","id":794,"geometry":{"type":"Polygon","coordinates":[[[118.05574728582292,-8.170506690910452],[118.06482401005009,-8.170482902779872],[118.06480004721068,-8.1614389941003918],[118.0557235271536,-8.1614627555542292],[118.05574728582292,-8.170506690910452]]]},"properties":{"FID":794,"Grid_ID":"795","Nilai":0}},{"type":"Feature","id":795,"geometry":{"type":"Polygon","coordinates":[[[118.06482401005009,-8.170482902779872],[118.0739007068381,-8.1704589111006989],[118.07387653983167,-8.1614150293262213],[118.06480004721068,-8.1614389941003918],[118.06482401005009,-8.170482902779872]]]},"properties":{"FID":795,"Grid_ID":"796","Nilai":1}},{"type":"Feature","id":796,"geometry":{"type":"Polygon","coordinates":[[[118.0739007068381,-8.1704589111006989],[118.08297737595322,-8.170434715875917],[118.08295300478277,-8.1613908612347057],[118.07387653983167,-8.1614150293262213],[118.0739007068381,-8.1704589111006989]]]},"properties":{"FID":796,"Grid_ID":"797","Nilai":1}},{"type":"Feature","id":797,"geometry":{"type":"Polygon","coordinates":[[[118.08297737595322,-8.170434715875917],[118.09205401716164,-8.1704103171085443],[118.09202944183025,-8.161366489828854],[118.08295300478277,-8.1613908612347057],[118.08297737595322,-8.170434715875917]]]},"properties":{"FID":797,"Grid_ID":"798","Nilai":1}},{"type":"Feature","id":798,"geometry":{"type":"Polygon","coordinates":[[[118.09205401716164,-8.1704103171085443],[118.1011306302296,-8.1703857148016201],[118.10110585074038,-8.1613419151116986],[118.09202944183025,-8.161366489828854],[118.09205401716164,-8.1704103171085443]]]},"properties":{"FID":798,"Grid_ID":"799","Nilai":1}},{"type":"Feature","id":799,"geometry":{"type":"Polygon","coordinates":[[[118.1011306302296,-8.1703857148016201],[118.11020721492332,-8.1703609089582052],[118.11018223127941,-8.1613171370863071],[118.10110585074038,-8.1613419151116986],[118.1011306302296,-8.1703857148016201]]]},"properties":{"FID":799,"Grid_ID":"800","Nilai":0}},{"type":"Feature","id":800,"geometry":{"type":"Polygon","coordinates":[[[118.11020721492332,-8.1703609089582052],[118.11928377100904,-8.1703358995813957],[118.11925858321358,-8.1612921557557652],[118.11018223127941,-8.1613171370863071],[118.11020721492332,-8.1703609089582052]]]},"properties":{"FID":800,"Grid_ID":"801","Nilai":1}},{"type":"Feature","id":801,"geometry":{"type":"Polygon","coordinates":[[[118.11928377100904,-8.1703358995813957],[118.12836029825301,-8.1703106866743092],[118.12833490630916,-8.1612669711231849],[118.11925858321358,-8.1612921557557652],[118.11928377100904,-8.1703358995813957]]]},"properties":{"FID":801,"Grid_ID":"802","Nilai":1}},{"type":"Feature","id":802,"geometry":{"type":"Polygon","coordinates":[[[117.99218713817875,-8.1616233925162867],[118.00126384374323,-8.1616010543862512],[118.00124133595612,-8.1525569596719762],[117.99216483434834,-8.1525792727242816],[117.99218713817875,-8.1616233925162867]]]},"properties":{"FID":802,"Grid_ID":"803","Nilai":0}},{"type":"Feature","id":803,"geometry":{"type":"Polygon","coordinates":[[[118.00126384374323,-8.1616010543862512],[118.01034052350801,-8.1615785129156926],[118.01031781176698,-8.1525344435074256],[118.00124133595612,-8.1525569596719762],[118.00126384374323,-8.1616010543862512]]]},"properties":{"FID":803,"Grid_ID":"804","Nilai":0}},{"type":"Feature","id":804,"geometry":{"type":"Polygon","coordinates":[[[118.01034052350801,-8.1615785129156926],[118.01941717723925,-8.1615557681074193],[118.01939426154722,-8.1525117242334293],[118.01031781176698,-8.1525344435074256],[118.01034052350801,-8.1615785129156926]]]},"properties":{"FID":804,"Grid_ID":"805","Nilai":1}},{"type":"Feature","id":805,"geometry":{"type":"Polygon","coordinates":[[[118.01941717723925,-8.1615557681074193],[118.02849380470319,-8.1615328199642647],[118.02847068506303,-8.1524888018528223],[118.01939426154722,-8.1525117242334293],[118.01941717723925,-8.1615557681074193]]]},"properties":{"FID":805,"Grid_ID":"806","Nilai":0}},{"type":"Feature","id":806,"geometry":{"type":"Polygon","coordinates":[[[118.02849380470319,-8.1615328199642647],[118.03757040566607,-8.1615096684890869],[118.03754708208071,-8.1524656763684629],[118.02847068506303,-8.1524888018528223],[118.02849380470319,-8.1615328199642647]]]},"properties":{"FID":806,"Grid_ID":"807","Nilai":0}},{"type":"Feature","id":807,"geometry":{"type":"Polygon","coordinates":[[[118.03757040566607,-8.1615096684890869],[118.04664697989415,-8.1614863136847706],[118.04662345236646,-8.1524423477832233],[118.03754708208071,-8.1524656763684629],[118.03757040566607,-8.1615096684890869]]]},"properties":{"FID":807,"Grid_ID":"808","Nilai":0}},{"type":"Feature","id":808,"geometry":{"type":"Polygon","coordinates":[[[118.04664697989415,-8.1614863136847706],[118.0557235271536,-8.1614627555542292],[118.05569979568662,-8.1524188161000168],[118.04662345236646,-8.1524423477832233],[118.04664697989415,-8.1614863136847706]]]},"properties":{"FID":808,"Grid_ID":"809","Nilai":0}},{"type":"Feature","id":809,"geometry":{"type":"Polygon","coordinates":[[[118.0557235271536,-8.1614627555542292],[118.06480004721068,-8.1614389941003918],[118.0647761118074,-8.1523950813217745],[118.05569979568662,-8.1524188161000168],[118.0557235271536,-8.1614627555542292]]]},"properties":{"FID":809,"Grid_ID":"810","Nilai":0}},{"type":"Feature","id":810,"geometry":{"type":"Polygon","coordinates":[[[118.06480004721068,-8.1614389941003918],[118.07387653983167,-8.1614150293262213],[118.07385240049508,-8.1523711434514503],[118.0647761118074,-8.1523950813217745],[118.06480004721068,-8.1614389941003918]]]},"properties":{"FID":810,"Grid_ID":"811","Nilai":0}},{"type":"Feature","id":811,"geometry":{"type":"Polygon","coordinates":[[[118.07387653983167,-8.1614150293262213],[118.08295300478277,-8.1613908612347057],[118.08292866151594,-8.1523470024920286],[118.07385240049508,-8.1523711434514503],[118.07387653983167,-8.1614150293262213]]]},"properties":{"FID":811,"Grid_ID":"812","Nilai":0}},{"type":"Feature","id":812,"geometry":{"type":"Polygon","coordinates":[[[118.08295300478277,-8.1613908612347057],[118.09202944183025,-8.161366489828854],[118.09200489463626,-8.1523226584465167],[118.08292866151594,-8.1523470024920286],[118.08295300478277,-8.1613908612347057]]]},"properties":{"FID":812,"Grid_ID":"813","Nilai":0}},{"type":"Feature","id":813,"geometry":{"type":"Polygon","coordinates":[[[118.09202944183025,-8.161366489828854],[118.10110585074038,-8.1613419151116986],[118.10108109962228,-8.1522981113179469],[118.09200489463626,-8.1523226584465167],[118.09202944183025,-8.161366489828854]]]},"properties":{"FID":813,"Grid_ID":"814","Nilai":1}},{"type":"Feature","id":814,"geometry":{"type":"Polygon","coordinates":[[[118.10110585074038,-8.1613419151116986],[118.11018223127941,-8.1613171370863071],[118.11015727624034,-8.1522733611093781],[118.10108109962228,-8.1522981113179469],[118.10110585074038,-8.1613419151116986]]]},"properties":{"FID":814,"Grid_ID":"815","Nilai":1}},{"type":"Feature","id":815,"geometry":{"type":"Polygon","coordinates":[[[118.11018223127941,-8.1613171370863071],[118.11925858321358,-8.1612921557557652],[118.11923342425671,-8.1522484078238922],[118.11015727624034,-8.1522733611093781],[118.11018223127941,-8.1613171370863071]]]},"properties":{"FID":815,"Grid_ID":"816","Nilai":1}},{"type":"Feature","id":816,"geometry":{"type":"Polygon","coordinates":[[[117.99216483434834,-8.1525792727242816],[118.00124133595612,-8.1525569596719762],[118.0012188539659,-8.1435128608708176],[117.99214255608109,-8.1435351488464711],[117.99216483434834,-8.1525792727242816]]]},"properties":{"FID":816,"Grid_ID":"817","Nilai":0}},{"type":"Feature","id":817,"geometry":{"type":"Polygon","coordinates":[[[118.00124133595612,-8.1525569596719762],[118.01031781176698,-8.1525344435074256],[118.01029512605663,-8.1434903700111825],[118.0012188539659,-8.1435128608708176],[118.00124133595612,-8.1525569596719762]]]},"properties":{"FID":817,"Grid_ID":"818","Nilai":0}},{"type":"Feature","id":818,"geometry":{"type":"Polygon","coordinates":[[[118.01031781176698,-8.1525344435074256],[118.01939426154722,-8.1525117242334293],[118.01937137211959,-8.1434676762703688],[118.01029512605663,-8.1434903700111825],[118.01031781176698,-8.1525344435074256]]]},"properties":{"FID":818,"Grid_ID":"819","Nilai":1}},{"type":"Feature","id":819,"geometry":{"type":"Polygon","coordinates":[[[118.01939426154722,-8.1525117242334293],[118.02847068506303,-8.1524888018528223],[118.02844759192102,-8.1434447796512011],[118.01937137211959,-8.1434676762703688],[118.01939426154722,-8.1525117242334293]]]},"properties":{"FID":819,"Grid_ID":"820","Nilai":0}},{"type":"Feature","id":820,"geometry":{"type":"Polygon","coordinates":[[[118.02847068506303,-8.1524888018528223],[118.03754708208071,-8.1524656763684629],[118.03752378522721,-8.1434216801565356],[118.02844759192102,-8.1434447796512011],[118.02847068506303,-8.1524888018528223]]]},"properties":{"FID":820,"Grid_ID":"821","Nilai":0}},{"type":"Feature","id":821,"geometry":{"type":"Polygon","coordinates":[[[118.03754708208071,-8.1524656763684629],[118.04662345236646,-8.1524423477832233],[118.04659995180444,-8.1433983777892465],[118.03752378522721,-8.1434216801565356],[118.03754708208071,-8.1524656763684629]]]},"properties":{"FID":821,"Grid_ID":"822","Nilai":0}},{"type":"Feature","id":822,"geometry":{"type":"Polygon","coordinates":[[[118.04662345236646,-8.1524423477832233],[118.05569979568662,-8.1524188161000168],[118.055676091419,-8.1433748725522399],[118.04659995180444,-8.1433983777892465],[118.04662345236646,-8.1524423477832233]]]},"properties":{"FID":822,"Grid_ID":"823","Nilai":0}},{"type":"Feature","id":823,"geometry":{"type":"Polygon","coordinates":[[[118.05569979568662,-8.1524188161000168],[118.0647761118074,-8.1523950813217745],[118.06475220383722,-8.1433511644484398],[118.055676091419,-8.1433748725522399],[118.05569979568662,-8.1524188161000168]]]},"properties":{"FID":823,"Grid_ID":"824","Nilai":1}},{"type":"Feature","id":824,"geometry":{"type":"Polygon","coordinates":[[[118.0647761118074,-8.1523950813217745],[118.07385240049508,-8.1523711434514503],[118.07382828882531,-8.1433272534808037],[118.06475220383722,-8.1433511644484398],[118.0647761118074,-8.1523950813217745]]]},"properties":{"FID":824,"Grid_ID":"825","Nilai":0}},{"type":"Feature","id":825,"geometry":{"type":"Polygon","coordinates":[[[118.07385240049508,-8.1523711434514503],[118.08292866151594,-8.1523470024920286],[118.08290434614965,-8.1433031396523123],[118.07382828882531,-8.1433272534808037],[118.07385240049508,-8.1523711434514503]]]},"properties":{"FID":825,"Grid_ID":"826","Nilai":0}},{"type":"Feature","id":826,"geometry":{"type":"Polygon","coordinates":[[[118.08292866151594,-8.1523470024920286],[118.09200489463626,-8.1523226584465167],[118.09198037557651,-8.1432788229659607],[118.08290434614965,-8.1433031396523123],[118.08292866151594,-8.1523470024920286]]]},"properties":{"FID":826,"Grid_ID":"827","Nilai":0}},{"type":"Feature","id":827,"geometry":{"type":"Polygon","coordinates":[[[118.09200489463626,-8.1523226584465167],[118.10108109962228,-8.1522981113179469],[118.10105637687218,-8.14325430342479],[118.09198037557651,-8.1432788229659607],[118.09200489463626,-8.1523226584465167]]]},"properties":{"FID":827,"Grid_ID":"828","Nilai":0}},{"type":"Feature","id":828,"geometry":{"type":"Polygon","coordinates":[[[118.10108109962228,-8.1522981113179469],[118.11015727624034,-8.1522733611093781],[118.11013234980297,-8.1432295810318465],[118.10105637687218,-8.14325430342479],[118.10108109962228,-8.1522981113179469]]]},"properties":{"FID":828,"Grid_ID":"829","Nilai":1}},{"type":"Feature","id":829,"geometry":{"type":"Polygon","coordinates":[[[117.99214255608109,-8.1435351488464711],[118.0012188539659,-8.1435128608708176],[118.00119639776975,-8.1344687579871859],[117.99212030337418,-8.1344910208872694],[117.99214255608109,-8.1435351488464711]]]},"properties":{"FID":829,"Grid_ID":"830","Nilai":1}},{"type":"Feature","id":830,"geometry":{"type":"Polygon","coordinates":[[[118.0012188539659,-8.1435128608708176],[118.01029512605663,-8.1434903700111825],[118.01027246637409,-8.1344462924313827],[118.00119639776975,-8.1344687579871859],[118.0012188539659,-8.1435128608708176]]]},"properties":{"FID":830,"Grid_ID":"831","Nilai":1}},{"type":"Feature","id":831,"geometry":{"type":"Polygon","coordinates":[[[118.01029512605663,-8.1434903700111825],[118.01937137211959,-8.1434676762703688],[118.01934850895348,-8.1344236242226504],[118.01027246637409,-8.1344462924313827],[118.01029512605663,-8.1434903700111825]]]},"properties":{"FID":831,"Grid_ID":"832","Nilai":0}},{"type":"Feature","id":832,"geometry":{"type":"Polygon","coordinates":[[[118.01937137211959,-8.1434676762703688],[118.02844759192102,-8.1434447796512011],[118.02842452527425,-8.1344007533638134],[118.01934850895348,-8.1344236242226504],[118.01937137211959,-8.1434676762703688]]]},"properties":{"FID":832,"Grid_ID":"833","Nilai":0}},{"type":"Feature","id":833,"geometry":{"type":"Polygon","coordinates":[[[118.02844759192102,-8.1434447796512011],[118.03752378522721,-8.1434216801565356],[118.03750051510266,-8.1343776798577263],[118.02842452527425,-8.1344007533638134],[118.02844759192102,-8.1434447796512011]]]},"properties":{"FID":833,"Grid_ID":"834","Nilai":0}},{"type":"Feature","id":834,"geometry":{"type":"Polygon","coordinates":[[[118.03752378522721,-8.1434216801565356],[118.04659995180444,-8.1433983777892465],[118.04657647820508,-8.1343544037072597],[118.03750051510266,-8.1343776798577263],[118.03752378522721,-8.1434216801565356]]]},"properties":{"FID":834,"Grid_ID":"835","Nilai":0}},{"type":"Feature","id":835,"geometry":{"type":"Polygon","coordinates":[[[118.04659995180444,-8.1433983777892465],[118.055676091419,-8.1433748725522399],[118.05565241434778,-8.1343309249153144],[118.04657647820508,-8.1343544037072597],[118.04659995180444,-8.1433983777892465]]]},"properties":{"FID":835,"Grid_ID":"836","Nilai":0}},{"type":"Feature","id":836,"geometry":{"type":"Polygon","coordinates":[[[118.055676091419,-8.1433748725522399],[118.06475220383722,-8.1433511644484398],[118.0647283232971,-8.1343072434848143],[118.05565241434778,-8.1343309249153144],[118.055676091419,-8.1433748725522399]]]},"properties":{"FID":836,"Grid_ID":"837","Nilai":1}},{"type":"Feature","id":837,"geometry":{"type":"Polygon","coordinates":[[[118.06475220383722,-8.1433511644484398],[118.07382828882531,-8.1433272534808037],[118.07380420481934,-8.1342833594187116],[118.0647283232971,-8.1343072434848143],[118.06475220383722,-8.1433511644484398]]]},"properties":{"FID":837,"Grid_ID":"838","Nilai":0}},{"type":"Feature","id":838,"geometry":{"type":"Polygon","coordinates":[[[118.07382828882531,-8.1433272534808037],[118.08290434614965,-8.1433031396523123],[118.08288005868084,-8.1342592727199783],[118.07380420481934,-8.1342833594187116],[118.07382828882531,-8.1433272534808037]]]},"properties":{"FID":838,"Grid_ID":"839","Nilai":0}},{"type":"Feature","id":839,"geometry":{"type":"Polygon","coordinates":[[[118.08290434614965,-8.1433031396523123],[118.09198037557651,-8.1432788229659607],[118.09195588464793,-8.1342349833916181],[118.08288005868084,-8.1342592727199783],[118.08290434614965,-8.1433031396523123]]]},"properties":{"FID":839,"Grid_ID":"840","Nilai":0}},{"type":"Feature","id":840,"geometry":{"type":"Polygon","coordinates":[[[118.09198037557651,-8.1432788229659607],[118.10105637687218,-8.14325430342479],[118.10103168248692,-8.1342104914366526],[118.09195588464793,-8.1342349833916181],[118.09198037557651,-8.1432788229659607]]]},"properties":{"FID":840,"Grid_ID":"841","Nilai":0}},{"type":"Feature","id":841,"geometry":{"type":"Polygon","coordinates":[[[118.10105637687218,-8.14325430342479],[118.11013234980297,-8.1432295810318465],[118.11010745196417,-8.1341857968581408],[118.10103168248692,-8.1342104914366526],[118.10105637687218,-8.14325430342479]]]},"properties":{"FID":841,"Grid_ID":"842","Nilai":0}},{"type":"Feature","id":842,"geometry":{"type":"Polygon","coordinates":[[[118.00119639776975,-8.1344687579871859],[118.01027246637409,-8.1344462924313827],[118.01024983271644,-8.1254022107724388],[118.00117396736483,-8.1254246510255008],[118.00119639776975,-8.1344687579871859]]]},"properties":{"FID":842,"Grid_ID":"843","Nilai":1}},{"type":"Feature","id":843,"geometry":{"type":"Polygon","coordinates":[[[118.01027246637409,-8.1344462924313827],[118.01934850895348,-8.1344236242226504],[118.01932567204599,-8.1253795680946919],[118.01024983271644,-8.1254022107724388],[118.01027246637409,-8.1344462924313827]]]},"properties":{"FID":843,"Grid_ID":"844","Nilai":0}},{"type":"Feature","id":844,"geometry":{"type":"Polygon","coordinates":[[[118.01934850895348,-8.1344236242226504],[118.02842452527425,-8.1344007533638134],[118.02840148511977,-8.1253567229950825],[118.01932567204599,-8.1253795680946919],[118.01934850895348,-8.1344236242226504]]]},"properties":{"FID":844,"Grid_ID":"845","Nilai":0}},{"type":"Feature","id":845,"geometry":{"type":"Polygon","coordinates":[[[118.02842452527425,-8.1344007533638134],[118.03750051510266,-8.1343776798577263],[118.03747727170413,-8.1253336754764547],[118.02840148511977,-8.1253567229950825],[118.02842452527425,-8.1344007533638134]]]},"properties":{"FID":845,"Grid_ID":"846","Nilai":0}},{"type":"Feature","id":846,"geometry":{"type":"Polygon","coordinates":[[[118.03750051510266,-8.1343776798577263],[118.04657647820508,-8.1343544037072597],[118.04655303156542,-8.1253104255416861],[118.03747727170413,-8.1253336754764547],[118.03750051510266,-8.1343776798577263]]]},"properties":{"FID":846,"Grid_ID":"847","Nilai":0}},{"type":"Feature","id":847,"geometry":{"type":"Polygon","coordinates":[[[118.04657647820508,-8.1343544037072597],[118.05565241434778,-8.1343309249153144],[118.05562876446996,-8.1252869731936652],[118.04655303156542,-8.1253104255416861],[118.04657647820508,-8.1343544037072597]]]},"properties":{"FID":847,"Grid_ID":"848","Nilai":1}},{"type":"Feature","id":848,"geometry":{"type":"Polygon","coordinates":[[[118.05565241434778,-8.1343309249153144],[118.0647283232971,-8.1343072434848143],[118.06470447018405,-8.1252633184353211],[118.05562876446996,-8.1252869731936652],[118.05565241434778,-8.1343309249153144]]]},"properties":{"FID":848,"Grid_ID":"849","Nilai":1}},{"type":"Feature","id":849,"geometry":{"type":"Polygon","coordinates":[[[118.0647283232971,-8.1343072434848143],[118.07380420481934,-8.1342833594187116],[118.07378014847411,-8.1252394612695937],[118.06470447018405,-8.1252633184353211],[118.0647283232971,-8.1343072434848143]]]},"properties":{"FID":849,"Grid_ID":"850","Nilai":1}},{"type":"Feature","id":850,"geometry":{"type":"Polygon","coordinates":[[[118.07380420481934,-8.1342833594187116],[118.08288005868084,-8.1342592727199783],[118.08285579910647,-8.1252154016994584],[118.07378014847411,-8.1252394612695937],[118.07380420481934,-8.1342833594187116]]]},"properties":{"FID":850,"Grid_ID":"851","Nilai":0}},{"type":"Feature","id":851,"geometry":{"type":"Polygon","coordinates":[[[118.08288005868084,-8.1342592727199783],[118.09195588464793,-8.1342349833916181],[118.09193142184746,-8.1251911397279102],[118.08285579910647,-8.1252154016994584],[118.08288005868084,-8.1342592727199783]]]},"properties":{"FID":851,"Grid_ID":"852","Nilai":0}},{"type":"Feature","id":852,"geometry":{"type":"Polygon","coordinates":[[[118.00117396736483,-8.1254246510255008],[118.01024983271644,-8.1254022107724388],[118.0102272250809,-8.1163581250387651],[118.00115156274832,-8.1163805399901712],[118.00117396736483,-8.1254246510255008]]]},"properties":{"FID":852,"Grid_ID":"853","Nilai":1}},{"type":"Feature","id":853,"geometry":{"type":"Polygon","coordinates":[[[118.01024983271644,-8.1254022107724388],[118.01932567204599,-8.1253795680946919],[118.01930286139428,-8.116335507890911],[118.0102272250809,-8.1163581250387651],[118.01024983271644,-8.1254022107724388]]]},"properties":{"FID":853,"Grid_ID":"854","Nilai":1}},{"type":"Feature","id":854,"geometry":{"type":"Polygon","coordinates":[[[118.01932567204599,-8.1253795680946919],[118.02840148511977,-8.1253567229950825],[118.02837847145474,-8.1163126885494243],[118.01930286139428,-8.116335507890911],[118.01932567204599,-8.1253795680946919]]]},"properties":{"FID":854,"Grid_ID":"855","Nilai":1}},{"type":"Feature","id":855,"geometry":{"type":"Polygon","coordinates":[[[118.02840148511977,-8.1253567229950825],[118.03747727170413,-8.1253336754764547],[118.0374540550287,-8.1162896670171474],[118.02837847145474,-8.1163126885494243],[118.02840148511977,-8.1253567229950825]]]},"properties":{"FID":855,"Grid_ID":"856","Nilai":1}},{"type":"Feature","id":856,"geometry":{"type":"Polygon","coordinates":[[[118.03747727170413,-8.1253336754764547],[118.04655303156542,-8.1253104255416861],[118.04652961188252,-8.1162664432969471],[118.0374540550287,-8.1162896670171474],[118.03747727170413,-8.1253336754764547]]]},"properties":{"FID":856,"Grid_ID":"857","Nilai":0}},{"type":"Feature","id":857,"geometry":{"type":"Polygon","coordinates":[[[118.04655303156542,-8.1253104255416861],[118.05562876446996,-8.1252869731936652],[118.05560514178252,-8.1162430173917191],[118.04652961188252,-8.1162664432969471],[118.04655303156542,-8.1253104255416861]]]},"properties":{"FID":857,"Grid_ID":"858","Nilai":0}},{"type":"Feature","id":858,"geometry":{"type":"Polygon","coordinates":[[[118.00115156274832,-8.1163805399901712],[118.0102272250809,-8.1163581250387651],[118.0102046434646,-8.1073140352347863],[118.0011291839174,-8.1073364248856166],[118.00115156274832,-8.1163805399901712]]]},"properties":{"FID":858,"Grid_ID":"859","Nilai":0}},{"type":"Feature","id":859,"geometry":{"type":"Polygon","coordinates":[[[118.0102272250809,-8.1163581250387651],[118.01930286139428,-8.116335507890911],[118.01928007699541,-8.1072914436157273],[118.0102046434646,-8.1073140352347863],[118.0102272250809,-8.1163581250387651]]]},"properties":{"FID":859,"Grid_ID":"860","Nilai":1}},{"type":"Feature","id":860,"geometry":{"type":"Polygon","coordinates":[[[118.01930286139428,-8.116335507890911],[118.02837847145474,-8.1163126885494243],[118.02835548427623,-8.107268650031255],[118.01928007699541,-8.1072914436157273],[118.01930286139428,-8.116335507890911]]]},"properties":{"FID":860,"Grid_ID":"861","Nilai":0}}]}