{"type":"FeatureCollection","features":[{"type":"Feature","id":0,"geometry":{"type":"Polygon","coordinates":[[[117.99059047047162,-8.2505900306996054],[117.9905171173834,-8.2505371627107653],[117.99025484599332,-8.2506059285983504],[117.98791725941713,-8.2524064043912855],[117.98647844286032,-8.2533970385883961],[117.98619990112843,-8.2536758898022615],[117.98575958805641,-8.2541166909903332],[117.98459055365133,-8.2549271852743082],[117.98429087827206,-8.2550637694851812],[117.982455861809,-8.2563978290149276],[117.98216283441212,-8.2567278545756011],[117.98182916511024,-8.2568534351304805],[117.98021390760776,-8.2580277111884435],[117.97910563295747,-8.2589787296572776],[117.97867951115232,-8.2591431905624368],[117.97363503335676,-8.2628103563953772],[117.97299090246662,-8.2633906844391447],[117.97218192248926,-8.2641105370233241],[117.97146236293169,-8.264560962955608],[117.97106397631346,-8.264679381438425],[117.96995351930352,-8.2654866159742415],[117.96981344481318,-8.2656446454651746],[117.96988006148409,-8.2685118025553912],[117.96992236311291,-8.2696842394962822],[117.9698996824377,-8.2699298657996767],[117.96990651872503,-8.2702041583942822],[117.96974263271618,-8.2719538737161216],[117.96973493639375,-8.2722176469887252],[117.96961275082585,-8.2735530538016224],[117.96966634239143,-8.2748758705769223],[117.96962857852394,-8.2758902273994561],[117.96962978666572,-8.276037104688502],[117.96960053231057,-8.2775425950187387],[117.96963480281248,-8.2788809492588413],[117.96957505723371,-8.2807098048688648],[117.96985444306287,-8.2832879156005461],[117.97005800382958,-8.284616491758662],[117.97024911016074,-8.2866691473986265],[117.97022544575137,-8.2867113697833634],[117.97023410191835,-8.2867912422682259],[117.96822601686517,-8.2904099918941103],[117.96785780894868,-8.2911192346714966],[117.96763468026261,-8.2914756202162767],[117.96591542845825,-8.2945737956240695],[117.96582184850642,-8.2947719678432588],[117.96565400683468,-8.2950448865089275],[117.96502504670971,-8.2961782882853647],[117.96540402240505,-8.3002567708969224],[117.96481883535343,-8.3011354307381282],[117.96404105920298,-8.3023730096924311],[117.96316491840835,-8.3036187708096296],[117.96220600744938,-8.305058551110946],[117.96060132179205,-8.3068556289929134],[117.96014303670447,-8.3074353204121429],[117.95883241180115,-8.3089355133440055],[117.95663378784037,-8.3146751578260609],[117.95523729711539,-8.3200044101514106],[117.95540490441455,-8.3256025879531208],[117.95630817284732,-8.3293624243465736],[117.95607459973911,-8.3325558298698752],[117.95606037744702,-8.3328968916368904],[117.95588014572414,-8.3352144022702088],[117.95582786775766,-8.3359291413532812],[117.95582434565117,-8.3359319046984801],[117.95582030991915,-8.3359837955144993],[117.95533272943587,-8.3363872002729451],[117.95522542144546,-8.3365198601850317],[117.954824794085,-8.3370290177396438],[117.95454515196303,-8.337374108026653],[117.95392780458606,-8.337804617027583],[117.9534450756869,-8.3379911501227806],[117.95296672054839,-8.3383662753258623],[117.95246367293515,-8.3387051776372321],[117.95216442549879,-8.3388559294141409],[117.9518758648003,-8.3390294277310169],[117.95127313802057,-8.3395022502626208],[117.95116222919731,-8.3396620215964266],[117.9509563061645,-8.3399547154547164],[117.95084414204504,-8.3402234099532659],[117.95060204890734,-8.3407975021520979],[117.95039410711586,-8.3413667904330744],[117.95024275803628,-8.341966702359084],[117.94990512466693,-8.3423675256247911],[117.94957897810013,-8.3428710090407971],[117.94941268807108,-8.3433347138107781],[117.94927334290722,-8.3440071448836228],[117.94913330044727,-8.344653068142474],[117.94896904636738,-8.3450047147884696],[117.9487074855338,-8.3455140494003786],[117.94856497168699,-8.3462720669284813],[117.94835101579014,-8.3467882614530389],[117.94797828019585,-8.3468890908712563],[117.94394482055323,-8.3531760625525013],[117.94376049777495,-8.3536843091486404],[117.94343481700363,-8.3541835408393084],[117.94303294974337,-8.3548424159809045],[117.94260313103858,-8.3555487237591262],[117.94152030850788,-8.3565070582377796],[117.94129354229524,-8.3568077435037349],[117.93692725457903,-8.3627317833190791],[117.93668692657356,-8.3631728778046561],[117.93574275906334,-8.3644111639093044],[117.93547633274594,-8.3645723265898866],[117.93487292139328,-8.3651908106252044],[117.93399997222618,-8.3660294405556286],[117.9339514332555,-8.3661089038784677],[117.93367771878688,-8.3664268102580603],[117.93362650090658,-8.3665105849328647],[117.9331724461663,-8.3679130472910401],[117.93189934603801,-8.3696365627293901],[117.93189627026916,-8.3701519322191782],[117.93189341145235,-8.3706615020216368],[117.93166799553978,-8.3709489347691992],[117.93146348414722,-8.3711104965422383],[117.93131372751648,-8.3712423735198236],[117.93109915428116,-8.3718599764919013],[117.93106588436594,-8.3719009321270246],[117.93104027562426,-8.3719857695273276],[117.93064112836829,-8.3724973900246003],[117.93051092738942,-8.3728811850278966],[117.93032136375354,-8.3733872351048699],[117.93020379264885,-8.3736418956244787],[117.92995953761718,-8.3740652490521832],[117.929817692371,-8.3742946979448032],[117.92970365369379,-8.3746171556149527],[117.92948294344949,-8.3747222065519011],[117.9291337973882,-8.3750080825524336],[117.92889506524293,-8.3757413821951019],[117.92874009940459,-8.3762263723178076],[117.92860532499076,-8.3765800061235751],[117.92859046554867,-8.3766360520466492],[117.92820619071364,-8.3778113827464509],[117.92770724438536,-8.3785702973266769],[117.92766978487694,-8.3786295934749582],[117.92738555803913,-8.3791064170638876],[117.92716176490738,-8.379790518336133],[117.9271562519655,-8.3798004012663281],[117.92711129787639,-8.3799429238238616],[117.92703982814406,-8.3800091363509122],[117.92691533463575,-8.3802323358264612],[117.92658850316246,-8.3807935025844369],[117.92641007872709,-8.3814173402269923],[117.92625860104702,-8.3819836375123291],[117.92613597386139,-8.3824317537595743],[117.92606454451918,-8.3823356616845555],[117.9261397742343,-8.3824423121354581],[117.92679746260544,-8.3829508362381198],[117.92730335952811,-8.3836958790073517],[117.9276952367363,-8.3846441779126586],[117.92819807443369,-8.3849551299734308],[117.92902603245378,-8.3855257897919255],[117.92921773233655,-8.3862194742783096],[117.9300228369691,-8.3869705445404019],[117.93065876301165,-8.3875841626025025],[117.93139326853318,-8.3883050065074496],[117.93181746786892,-8.3890176762588844],[117.93202289031875,-8.3893872696830183],[117.93230494472716,-8.3898947355377036],[117.93252194045792,-8.3902730035739506],[117.93297725975323,-8.3910667155875185],[117.93319083400223,-8.391761999330031],[117.93366420398894,-8.392342431828272],[117.93414298316281,-8.3927268525836745],[117.93483252743303,-8.3934159066323399],[117.93571003857903,-8.3941387543464376],[117.93633892940977,-8.3948167886032454],[117.93704770969808,-8.3955567490761229],[117.93716916503313,-8.3956835476688454],[117.93733195787046,-8.3958146460799892],[117.93808387513386,-8.3964201652894346],[117.93857427276971,-8.3967752034624876],[117.93930421742193,-8.3973078949577715],[117.93996010696522,-8.3978180325951541],[117.94060327852161,-8.3983301184910406],[117.94164932096373,-8.3989756270541047],[117.94254402510302,-8.3995562235933861],[117.94308576142146,-8.4001129264205456],[117.94360546306378,-8.400575431588349],[117.94395040965237,-8.4006715098020397],[117.94448510158489,-8.4008204363989574],[117.94472119442324,-8.4009003968305773],[117.94496726343787,-8.4009837364985653],[117.94549359135058,-8.4011619939180839],[117.94624420449162,-8.4014019962731847],[117.94642391441285,-8.4014594562099223],[117.94766110484602,-8.4017876876429352],[117.94806543271385,-8.4019367826014602],[117.9487230979781,-8.4021792936694624],[117.94886563553081,-8.4022716665880566],[117.94932226354898,-8.4025675893208351],[117.94966441428832,-8.4026889609541584],[117.94975889476832,-8.4027224759640209],[117.95031610863117,-8.4029201366863937],[117.9506306963917,-8.4030317302632458],[117.95063448794225,-8.4030330750207973],[117.9509554874781,-8.4031716524044686],[117.95147726103934,-8.4033969038922116],[117.95163079749368,-8.4034631865129334],[117.95168658690571,-8.4034708929452737],[117.95237928064086,-8.4035665773621773],[117.95241017674736,-8.4035708456260529],[117.95296957246623,-8.4037755270570962],[117.95401737148725,-8.4041565693730487],[117.95501101764387,-8.404630539489979],[117.95504553124488,-8.4046470020451522],[117.95539466745271,-8.4038806958651442],[117.95542319468008,-8.4038180835404361],[117.95544116190234,-8.4037996829987858],[117.95592061754658,-8.4033086484263286],[117.95632105335726,-8.4027646094028121],[117.95665235627793,-8.402206711472628],[117.95691978797463,-8.4017876200500297],[117.95698995045474,-8.4016776679194365],[117.95701841335263,-8.4016330644021995],[117.95716009474162,-8.4012474072399108],[117.95721573708515,-8.401095950560503],[117.95726693056284,-8.4009566003484579],[117.9572923803638,-8.4008432938674513],[117.9574223128042,-8.4002648148316457],[117.95764921251759,-8.3998904862125343],[117.95778187262258,-8.3996716296469582],[117.95807851293362,-8.3992954490335272],[117.95813455841849,-8.3992367318880792],[117.95843619022598,-8.3989207214549353],[117.95868510506159,-8.3986331491636115],[117.95875605636211,-8.3985511793231051],[117.95877774240941,-8.3985261248757137],[117.9591298474906,-8.3975855447497274],[117.95915710984036,-8.39751271724489],[117.95944951435007,-8.3971958206781494],[117.95961287164442,-8.3970187814386943],[117.95964829730902,-8.3969534741390994],[117.95984615353987,-8.3965887253071987],[117.96021717628166,-8.3960430738419003],[117.96023919234538,-8.3959934853641371],[117.96046371077362,-8.3954877951071012],[117.96047158778339,-8.3950750722462253],[117.96068440214735,-8.3945065599315907],[117.96070025634968,-8.3944642073124971],[117.96096016935502,-8.3939429551674927],[117.96097036528569,-8.3939068703695661],[117.9610933988738,-8.3934714580386487],[117.96131857312268,-8.3928991376525488],[117.96131070135793,-8.3926726623629673],[117.96130431225112,-8.3924888302453287],[117.96129162690184,-8.3918774864855852],[117.96129145487905,-8.3918692106018558],[117.96122220943298,-8.3915206731336163],[117.96090643272341,-8.3911066690690443],[117.960720545836,-8.390432672433727],[117.96068912595858,-8.3898133863349216],[117.96112990904594,-8.3896392106626951],[117.96114523016115,-8.389633156241576],[117.96206417544234,-8.3897560138656484],[117.96222430388745,-8.3897857437672894],[117.96264224600267,-8.3898633380764736],[117.96289651061954,-8.3899105444894726],[117.96292461851651,-8.3899252015287207],[117.96355237023681,-8.3902525447810312],[117.96370586495969,-8.3903325847539509],[117.96401195998089,-8.3903887856318118],[117.9644123253394,-8.3904622958929895],[117.96521170694729,-8.3909526114726933],[117.96548502999904,-8.3910956852715568],[117.96568427190475,-8.3911999799801009],[117.96605423490514,-8.3913936392444359],[117.96646443430843,-8.3915015379178204],[117.96691863173214,-8.3916210087269416],[117.96692014943294,-8.3916214083728793],[117.96692195681767,-8.3916214265500848],[117.9679131579331,-8.391631253418721],[117.96886551859114,-8.3914301248017225],[117.96925110351894,-8.3912637579988161],[117.96930848184724,-8.3912390015118312],[117.96974921372525,-8.3910488401281036],[117.97057148082253,-8.391605735634851],[117.97113288103361,-8.3915616014551393],[117.97114201440226,-8.3915646919437155],[117.97184203538697,-8.3918015209963244],[117.97236655365697,-8.3918758988135966],[117.97282513815071,-8.3919409260235671],[117.97364686728885,-8.392155594366189],[117.97390360112794,-8.3922062683405372],[117.97448977429083,-8.392321967213336],[117.97511442103641,-8.3926086575397818],[117.9751250015649,-8.3926100612395924],[117.97606273498774,-8.3927344944299485],[117.97654551540587,-8.3927751755758369],[117.97690216236353,-8.39280522809403],[117.97692034114051,-8.3928088712268334],[117.97770203878925,-8.3929655314135339],[117.97845738281929,-8.393116910333978],[117.97983077971813,-8.3935443315410705],[117.98040792775311,-8.3935889452203689],[117.9809170566207,-8.3936282999719598],[117.98164814460569,-8.3936044853621379],[117.98165005987143,-8.3936044245183137],[117.98205109488562,-8.3941594294091573],[117.98236057592935,-8.3944203833813074],[117.98283028005726,-8.3948164370234561],[117.9828569991673,-8.3948389661492762],[117.98297792252173,-8.394982691732265],[117.98316217991835,-8.3952016951348565],[117.98341186947125,-8.3954984698882473],[117.98387876228948,-8.3963518434941307],[117.98428231385881,-8.396564405406842],[117.98440885760172,-8.396631058923143],[117.98445890405631,-8.396650525180684],[117.98531189994524,-8.3969823050716492],[117.98545891494341,-8.3970394875979117],[117.98548667637124,-8.3970444909830668],[117.98651551868019,-8.3972299063611544],[117.98757569777837,-8.3971465244487806],[117.98842864024314,-8.3975299426003556],[117.9884816666344,-8.3975812766887703],[117.9889897053487,-8.3980730955272787],[117.98962706417292,-8.3980192924194377],[117.98969186361028,-8.3980138225577772],[117.98970031900164,-8.3980144859506911],[117.99028285986999,-8.3980601885733908],[117.99111627722509,-8.3982600918736026],[117.99119501092515,-8.398256195642384],[117.9921492193905,-8.3982089700948794],[117.99229245750247,-8.3982143586068805],[117.99288938830442,-8.3982368121699071],[117.99413670453038,-8.3982837278093179],[117.99508267747431,-8.3983625096886509],[117.99508439487921,-8.398363564409669],[117.9953599649706,-8.3985328684601939],[117.99590442448253,-8.3988673705064176],[117.99771886574922,-8.3991334372972872],[117.99776423654389,-8.3991400900298583],[117.99799417557259,-8.3992425906815225],[117.99835763997982,-8.3994046135159532],[117.99863925057096,-8.3995301491070915],[117.99877822411617,-8.3996897181298742],[117.99935579976425,-8.400352886577414],[117.99968511182306,-8.4005765891489048],[117.99995161303713,-8.4007576237186594],[118.00042345186851,-8.400690775482401],[118.00135764591187,-8.4005584219132281],[118.00176788992015,-8.4005002988710302],[118.00233672650488,-8.4008009196942943],[118.00237740923419,-8.4008224196402885],[118.00267015257565,-8.4009771287479769],[118.00326585909779,-8.4013596620366471],[118.00336550948685,-8.4014236524494503],[118.00348945246988,-8.4014718524393537],[118.00433581944623,-8.4018009920594565],[118.00435635724713,-8.4018148059870335],[118.00448498192655,-8.4019013223102927],[118.00509905891123,-8.4023143644539964],[118.00531951316664,-8.4022853300970262],[118.00538485328246,-8.4022767251728805],[118.00524062938263,-8.4020060175479117],[118.00509479916533,-8.4018313190664351],[118.00505691017005,-8.4017859297225854],[118.00505988939248,-8.4017768518572549],[118.0050804717899,-8.4017141332145915],[118.00515340588379,-8.4014918879944904],[118.00527088131462,-8.401289521797862],[118.00527118874639,-8.4012889919371005],[118.00527599160347,-8.4012735369898799],[118.00535038451626,-8.4010341550112724],[118.00551968613252,-8.4007029010823011],[118.00563444097446,-8.4006556812815223],[118.00567734984973,-8.4006380244729986],[118.00573132931817,-8.4006088408050523],[118.0062028777043,-8.40035390143046],[118.00621509580179,-8.4003555867696189],[118.00631635936597,-8.4003695515678629],[118.00711736442547,-8.4004800161544466],[118.00748910639837,-8.4006732315048041],[118.00795549522539,-8.400915638853748],[118.0083064993223,-8.4012086258299075],[118.00884543639269,-8.4016584806928876],[118.00921901445348,-8.4019703090467797],[118.00921956470377,-8.4019706088023298],[118.00952242946485,-8.402135449215189],[118.00981280150307,-8.4022934895525445],[118.01004572666793,-8.4024202635296863],[118.01063053014023,-8.4025551303450428],[118.01091605307607,-8.4026209775673326],[118.01125531358622,-8.4028360511839235],[118.01169444445613,-8.4031144364001875],[118.01216332335312,-8.4035361979914782],[118.01244424661392,-8.4037888915447727],[118.0130275431622,-8.403961915011692],[118.01329486505877,-8.4040412103990025],[118.01419473076331,-8.4043324895049949],[118.01468869927609,-8.4046129010875266],[118.01508181613359,-8.4046594028853505],[118.01573163747499,-8.4047362682854434],[118.01573783622558,-8.404737001132716],[118.01643512299783,-8.4048649237559481],[118.01720547206118,-8.4050062494068758],[118.01733596770922,-8.4050294111579795],[118.01753314277889,-8.4050644082051722],[118.01812349960699,-8.4051691910259141],[118.0184446647154,-8.4052965515222837],[118.01902571372234,-8.4055269699384514],[118.01998176633815,-8.4056543199074074],[118.02064926008546,-8.4058444694434638],[118.0209751296548,-8.405937299126256],[118.021449235891,-8.4059620341882972],[118.0214513199771,-8.4059615720578282],[118.02258318343971,-8.4057107687927033],[118.02324840425852,-8.4056374838352106],[118.0243823725326,-8.4059099954989041],[118.02551783098211,-8.4062178979425557],[118.02645194353587,-8.4065316490202733],[118.02744915346285,-8.406756230341939],[118.02832233842798,-8.4071501314179162],[118.02885555427945,-8.4073926072692959],[118.03012717698782,-8.4078258233451635],[118.03048474812856,-8.407946286850434],[118.03051311020441,-8.4079558416748377],[118.03105922237573,-8.4078697613284508],[118.03146766375312,-8.4078053803944925],[118.03266266339622,-8.4079641933373708],[118.03271019787846,-8.4079705105875853],[118.03271292143205,-8.4079697365117365],[118.03281402411142,-8.4079409826782801],[118.03387099628671,-8.4076403785844054],[118.03412076810211,-8.4076000581658619],[118.03428416507758,-8.4075736807008852],[118.03483880164138,-8.4074841433935887],[118.03496307508259,-8.4074640817411534],[118.03507986827483,-8.4074275670789884],[118.03569421523508,-8.4072354949561401],[118.03582717312958,-8.4071939262905691],[118.03611996505514,-8.4071589910371127],[118.03644938504429,-8.4071196849296204],[118.03652085903799,-8.4071111563403189],[118.03699920451099,-8.4074674944921899],[118.03720732136844,-8.4076225280143255],[118.03775499906722,-8.4077205202885139],[118.03811424949673,-8.4077847984363814],[118.03845732662519,-8.407741729378122],[118.03885961945923,-8.4076912260341512],[118.03916764468283,-8.4077267828566491],[118.03987276357481,-8.4078081766641031],[118.04021518684313,-8.4078477033651353],[118.04080506650884,-8.4079244431134974],[118.04085155945297,-8.4079304917060735],[118.04112021819225,-8.4078923878748348],[118.04302018607295,-8.4076229078816436],[118.04369423801634,-8.4077050210424726],[118.04454059064972,-8.4077941631110669],[118.04456855872897,-8.407801329428171],[118.04482276082354,-8.4078664644082561],[118.0448227862731,-8.4078664715758009],[118.04525075817409,-8.4079761319695283],[118.0455563190426,-8.4082659971270548],[118.04594511146405,-8.4086348184261084],[118.04646243014481,-8.4085337236500841],[118.04692567275205,-8.4084431961400075],[118.04695726526252,-8.4084370218996582],[118.04728589191332,-8.4078661002627157],[118.04801380826804,-8.407558269823026],[118.04814507756839,-8.4074780443328052],[118.04895253424635,-8.406984564091216],[118.04896378157943,-8.4069818164143051],[118.04992989871296,-8.4067457623296846],[118.05038453350764,-8.4066346791659292],[118.05145040241099,-8.4065655318581722],[118.05196391968106,-8.4065179822063456],[118.0523931747408,-8.4064782342262809],[118.05321113398276,-8.4062109149991162],[118.05419276369292,-8.4062221166253952],[118.05424397715157,-8.4062227011375708],[118.05455903028984,-8.40620027195971],[118.0555038188144,-8.4061330083512971],[118.05628321327535,-8.4058797954901827],[118.05708177479306,-8.4053902943008048],[118.0581728207566,-8.4052842449493337],[118.05950013856254,-8.4048653926234209],[118.05955342793897,-8.4048485767781944],[118.05956443486201,-8.4048469943135373],[118.06071931317899,-8.4046809736231047],[118.06145693698247,-8.4045934562998532],[118.06211985087459,-8.4045060732137298],[118.06284882141865,-8.4044099814104314],[118.06330106656199,-8.404199484813212],[118.06363854864065,-8.4040424034767955],[118.06402707728142,-8.4042310902300379],[118.06443473497283,-8.4044290653311702],[118.06471340284899,-8.4044262469412452],[118.0654417532249,-8.4044188805701268],[118.06645103732072,-8.4048724591017834],[118.06648987486668,-8.4048899125300558],[118.06754405381139,-8.4046962030729429],[118.06801951996775,-8.4046088328801272],[118.06858195618406,-8.4048408504148107],[118.0690686203971,-8.4050416084020405],[118.0696194955633,-8.4050010196844624],[118.07007782404702,-8.4049672485696991],[118.07049444423151,-8.4051217911056479],[118.07098062753948,-8.4053021377089738],[118.07190411537337,-8.4057379608848848],[118.07254446804835,-8.4061001840331642],[118.07256485195064,-8.4061117145492013],[118.0734117173576,-8.4064087124615376],[118.07412058256,-8.4067771344016595],[118.07427121154676,-8.4068554209060871],[118.07512746903737,-8.4072573781142541],[118.07539474498029,-8.407563882244494],[118.07569709231717,-8.4079106040557807],[118.07575660993591,-8.4079788579460626],[118.0758622334948,-8.4080689052975757],[118.07623366148528,-8.4083855568551922],[118.07655421445268,-8.4086588346074898],[118.0772356298952,-8.4092397357686579],[118.07774561871584,-8.4096419306620707],[118.07779607143874,-8.4096817191279527],[118.07784891301847,-8.409735063165412],[118.07834955033707,-8.4102404583226704],[118.07908678009649,-8.4108398689885426],[118.07975188141461,-8.411325369192026],[118.08028885307672,-8.4119844824388803],[118.08066050770998,-8.4121984275220925],[118.0811911993728,-8.4125039223693907],[118.08132560625324,-8.4126002049912483],[118.08214393671163,-8.4131864159739873],[118.0826700604554,-8.4135259031966836],[118.08357904253107,-8.414112429898104],[118.08373452909225,-8.4142127584363049],[118.08451047655157,-8.4146962251892656],[118.08540709497456,-8.4152936544189085],[118.08606160036685,-8.4159183824204149],[118.08609559002484,-8.4159375680879975],[118.08667221574756,-8.416263048948796],[118.08680682649445,-8.416339030882046],[118.08684254262523,-8.4163451343680542],[118.08753912364973,-8.4164641793813555],[118.08787369656663,-8.4165529291273717],[118.0882296071515,-8.4166473378864985],[118.08839154478535,-8.4166902934008174],[118.08855177818069,-8.4167717955018482],[118.08916614137145,-8.4170842884978345],[118.08921363064732,-8.4171084440015509],[118.08936670603087,-8.4172817130208095],[118.08981025806051,-8.4177837766520245],[118.08984814435837,-8.4178266612491672],[118.09019280708711,-8.4179915611795426],[118.09063813329179,-8.4182046226623104],[118.09169490691971,-8.4187102195750665],[118.09184139348667,-8.4187803034692372],[118.09197180870726,-8.4188153565514874],[118.09277039565825,-8.4190299974591039],[118.09366455729655,-8.41950860270682],[118.09463005013401,-8.4200827072401392],[118.09522465966678,-8.4205161823409025],[118.09599914770004,-8.4206202344543843],[118.09674894984688,-8.420759747594424],[118.09756536874089,-8.4209255053483361],[118.09776928974168,-8.420966906811195],[118.0978493654162,-8.4209831644102149],[118.09788544877162,-8.4209904903154094],[118.09868281702703,-8.4212943844595554],[118.09884420367078,-8.4214727101751059],[118.09916121296941,-8.4218229925794486],[118.09929363479161,-8.4219693127376676],[118.0993516537075,-8.4220334225684841],[118.09994084224945,-8.422374595883527],[118.10060416644123,-8.4228391705213177],[118.10075309444409,-8.4230094947807501],[118.10091722493317,-8.4231972054796582],[118.10109895348437,-8.4234050424652978],[118.10187289254318,-8.4244074800120217],[118.10243416579884,-8.4245814078104519],[118.10310098153637,-8.4248046070672942],[118.10378401420485,-8.425346380637821],[118.10485251128972,-8.425904194442202],[118.10594577062305,-8.4265203514102041],[118.10599874670618,-8.4265502084023751],[118.10614615351093,-8.4266332858286006],[118.10740885554293,-8.4275023734004009],[118.10748556642896,-8.4275954440225558],[118.10759088173036,-8.4277232197385405],[118.10821803114726,-8.4284841140154363],[118.10827873630168,-8.4285577647946095],[118.10830074905581,-8.4285702788546644],[118.10841238122288,-8.4286337409384782],[118.10891608598205,-8.4289200915205615],[118.10921146878714,-8.4290092727390373],[118.109497100415,-8.4290955095128677],[118.1097975804345,-8.4293400524991995],[118.11009357450236,-8.4295809442794702],[118.11062338929902,-8.4302102568898984],[118.11066461790736,-8.43025922773551],[118.11155562875976,-8.4304269250849888],[118.11233739266682,-8.430628628689206],[118.11329059597169,-8.4308169407230853],[118.11383712997562,-8.4309249128325767],[118.11400812705196,-8.4309586949710997],[118.11477951621326,-8.4311110885082172],[118.11559427720853,-8.4312898018551437],[118.1160916369721,-8.4312470668442927],[118.11691604646792,-8.4316517963829458],[118.11771298390158,-8.4319235964931387],[118.11878625513192,-8.4328282808709734],[118.11893283068768,-8.4329516620458236],[118.11917824973796,-8.4331582462752621],[118.11951923853034,-8.433445276206589],[118.12025944053093,-8.4336568114048234],[118.12083808177668,-8.4339764981289278],[118.12152332390654,-8.4340783376648485],[118.12184637213306,-8.4341263475170258],[118.12196554333295,-8.4340955737674186],[118.12266110678385,-8.4339159566724344],[118.12370143725518,-8.4345738451487193],[118.12371773356148,-8.4346050235883308],[118.12390947179497,-8.4349718629979265],[118.12392817108139,-8.4350076395813804],[118.12411239403821,-8.4353601010193273],[118.12415747662696,-8.4353769784503125],[118.12424773456171,-8.4354107692040294],[118.12455920664513,-8.4355273780938838],[118.12484582533017,-8.4356346815058512],[118.12508184471218,-8.4360980356711863],[118.12515852758338,-8.4365384924066511],[118.12519039819681,-8.4367215562420803],[118.12521429540344,-8.4367528231130695],[118.12545905621631,-8.4370730582221007],[118.1254650745195,-8.4370809324615728],[118.12547462187352,-8.4370898899527038],[118.12580645715533,-8.4374012309075255],[118.12594703933658,-8.4375331308054431],[118.12601274347466,-8.4375947764522667],[118.12612770206262,-8.4381005764643913],[118.12614336141054,-8.4381694750358438],[118.12614388856802,-8.4381717932242299],[118.12662467853451,-8.4379101360145743],[118.12669656066767,-8.4378779962594788],[118.12733227029436,-8.4375937523805362],[118.12766434292688,-8.4372573723240016],[118.12769810049907,-8.4372231769905088],[118.12776428774305,-8.4371914233297289],[118.12812148442737,-8.4370200592767493],[118.12827946787905,-8.4369444880420978],[118.12844020007553,-8.4368699877511943],[118.12864091953153,-8.4367769539841131],[118.12871142388668,-8.436714319912193],[118.12894475984116,-8.4365070294028772],[118.12930400847419,-8.4354655312380391],[118.12954993545372,-8.4349358047997196],[118.12959660987529,-8.4348352685149433],[118.12961398181125,-8.434819159648848],[118.12977279209991,-8.4346718928255555],[118.12987394014027,-8.4346093476039545],[118.13031209650262,-8.4343384104364105],[118.13078818774434,-8.4339840894607381],[118.13118219534047,-8.4335900036928813],[118.13136941036743,-8.4334027520103998],[118.13167511446395,-8.43292554069407],[118.13152407079798,-8.4321075431490247],[118.13191481802349,-8.4314084906251132],[118.13199568068764,-8.4312638264915929],[118.13201809965923,-8.4312237182997141],[118.13208466930175,-8.4308628415888709],[118.132182086169,-8.4303347427211968],[118.13224019601309,-8.4301679664444436],[118.13249569454968,-8.4294346810956036],[118.13264045741838,-8.428519145460724],[118.13288388710235,-8.4276799420668436],[118.13288922760047,-8.4276615309484981],[118.13289285761989,-8.4276539563564761],[118.13334546629265,-8.426709562830764],[118.13373425607575,-8.4258509026783202],[118.13405884950029,-8.4248926671556639],[118.13438250858968,-8.4241560037941845],[118.13444694776906,-8.4240093375641134],[118.13491241512759,-8.423153647726247],[118.13513608575667,-8.4227410819055795],[118.13537500857835,-8.4223003814327946],[118.13551132153658,-8.421495563478345],[118.13569520684035,-8.4213070622962611],[118.1361715402235,-8.4208187729452764],[118.13619083784499,-8.4207989911232666],[118.13624116310474,-8.4207131072387504],[118.13664691484475,-8.4200206595027716],[118.13686991889104,-8.4191993419292181],[118.13689305169163,-8.4191141444057678],[118.13663722629697,-8.4186827969125968],[118.13654779286314,-8.4177376349259099],[118.1365400326453,-8.4176556169726737],[118.13653997361561,-8.4176549958444689],[118.13653916688122,-8.4176542936769216],[118.135900548498,-8.4170979013975948],[118.13603098069763,-8.4168771730788006],[118.13623192433997,-8.4165371197137873],[118.13644633641235,-8.4161742744203565],[118.1366278752331,-8.4160892763865807],[118.13691221485757,-8.4159561454750182],[118.13693286474039,-8.4157443141737378],[118.13703300466142,-8.4147170373890532],[118.13706895622704,-8.4146347673116306],[118.13741918758876,-8.4138333060930357],[118.13780523251636,-8.4129031213917376],[118.13795793179638,-8.4119426417978733],[118.13835961469889,-8.4110433798021251],[118.13871487241073,-8.4102216746741778],[118.13872654695798,-8.4101938379876344],[118.13908549717364,-8.4093379867539682],[118.13957979664811,-8.4082061897471547],[118.13974884208689,-8.4080051119991328],[118.14005888574606,-8.4076363182308356],[118.14007567811288,-8.4076163437102753],[118.14077334547346,-8.4069020360682387],[118.14106666690361,-8.406173416497662],[118.14178064920749,-8.4057222962811107],[118.14207394647509,-8.4052519573090958],[118.14247713161983,-8.4046053950269908],[118.14314373492641,-8.4039066590293725],[118.14391954701144,-8.4033314809799347],[118.14380190168109,-8.4031072430970006],[118.14350484573283,-8.4026814218185102],[118.14347501196245,-8.4026371421928712],[118.14313819687844,-8.4022381644805382],[118.14142253025702,-8.3997499358887069],[118.1414530066251,-8.3996712004020981],[118.14143034265078,-8.3996356657793818],[118.14160837637567,-8.3992698091071265],[118.1417392691088,-8.3989316495539672],[118.14174445443628,-8.3988780871024051],[118.14175646088773,-8.3982593331471023],[118.1416390367565,-8.397857721444554],[118.14145456789981,-8.3976833437741334],[118.14077990150275,-8.3971868249259565],[118.14047199799323,-8.3969645851823405],[118.14019402458608,-8.3968235528056496],[118.13979885919373,-8.3965391701206418],[118.13957193016645,-8.3958629001492007],[118.13942858024791,-8.3950773606740423],[118.13940494667392,-8.394894453293924],[118.13933938395965,-8.3946184523911533],[118.13933053960204,-8.3943185931103841],[118.13931144313094,-8.394170801758909],[118.13926139382779,-8.3927628828901764],[118.13919424606684,-8.3919870445291025],[118.13925019191809,-8.3915945057642922],[118.13924326278034,-8.3913595906105432],[118.13842903938659,-8.3897260300311718],[118.13644124919223,-8.3889574449281668],[118.13360862822844,-8.3881162500675739],[118.13019753224968,-8.3868517258895476],[118.12660891880671,-8.3858654289831751],[118.12438625394856,-8.3853455104989134],[118.1230250989406,-8.3850230094507765],[118.12276872871452,-8.384980998613246],[118.12173374095737,-8.3850287399861578],[118.1209577507007,-8.3848391402931508],[118.11901946980295,-8.3848134493632482],[118.11598068892376,-8.384166444667235],[118.11384652987847,-8.3831322723290818],[118.11115719370621,-8.3818209123956287],[118.10997455226243,-8.3810361221580649],[118.10987595202614,-8.3809791072976925],[118.10892762307917,-8.3804577743631672],[118.10799953463804,-8.3799605668065258],[118.10711663743511,-8.3794983035122872],[118.10615034137787,-8.3790217139163392],[118.10546497507219,-8.3787490976447891],[118.10468997893595,-8.3783755076245754],[118.10430218623607,-8.3781759990691853],[118.10270182316737,-8.3775049955632905],[118.09999780959014,-8.3749406906582351],[118.09993406103321,-8.3748504023637285],[118.09991298319552,-8.3748329324081556],[118.09892015564381,-8.3736042863671347],[118.09864040087542,-8.3730181572901135],[118.09778737064929,-8.3718099743378698],[118.09539899889745,-8.368810673558114],[118.09372532689314,-8.3668632592399845],[118.09111294562295,-8.3640427165827482],[118.0888077155731,-8.3620724652049407],[118.08794261454148,-8.3614207883153231],[118.08756323086335,-8.3611227107350903],[118.08648442135978,-8.3604255328993204],[118.0843611547737,-8.3589634022773289],[118.08275198540494,-8.3581456073069571],[118.08235629689742,-8.3578121744382603],[118.08067579288755,-8.3569311169479743],[118.0778252401991,-8.3555573962755947],[118.07526197803058,-8.3549648026765482],[118.07302442394214,-8.3546015620919345],[118.07105398901116,-8.3536946504999285],[118.0696046683498,-8.3529603284835972],[118.06932628314958,-8.3528525701040923],[118.0688306737202,-8.3525681677072612],[118.06818627306849,-8.3522416660630139],[118.06507202285785,-8.3505595728674287],[118.06177583235007,-8.348489375460229],[118.06022457284141,-8.3475298429110882],[118.06022094221362,-8.3475277824758916],[118.0574335023617,-8.3459150249592184],[118.05515774884391,-8.343527930804159],[118.05493102725283,-8.3433717071802498],[118.05243003414149,-8.3418003907511764],[118.04945091832954,-8.3395284856450989],[118.04787417227271,-8.3383243440804655],[118.04766503227107,-8.3381699529517448],[118.04764306725016,-8.3381478505869993],[118.04738446298445,-8.3379503562452335],[118.04585234197522,-8.3366097604956639],[118.04550637720725,-8.3359978153029264],[118.04548486585603,-8.3359761692154333],[118.04415877380953,-8.3336571778848541],[118.04262419028285,-8.3312281787427693],[118.04173369213915,-8.3293864548020835],[118.03867750823821,-8.3230170179810052],[118.03509175919186,-8.3159727541442727],[118.03274831975949,-8.3108435954768414],[118.02928973148633,-8.3050366980798387],[118.02830995511101,-8.3035517126728227],[118.02688798162697,-8.3019628566876751],[118.02598528210495,-8.3008198823034167],[118.02294087177877,-8.2979722266595424],[118.01929782980415,-8.2953455404089098],[118.01892605273785,-8.2933481100043984],[118.01884727563593,-8.2930573173787572],[118.01828582255014,-8.2904971620613246],[118.01816034884216,-8.2892341573961854],[118.01795951220844,-8.2881550909245938],[118.01749353044912,-8.2870559704705631],[118.017075367887,-8.2861950343900919],[118.01625371389191,-8.284631299706767],[118.01547663054463,-8.2829806858167032],[118.01450885779816,-8.2809108616824325],[118.01446420219972,-8.2808189183448189],[118.01029898524729,-8.2714167092292215],[118.00780322483372,-8.2612156224062456],[118.00721186631961,-8.2593576814133627],[118.00652528769561,-8.2576862420793855],[118.0045266801453,-8.2534214433075181],[118.00429562627187,-8.253608138419354],[117.99059047047162,-8.2505900306996054]]]},"properties":{"FID":0,"Nama":"TN Tambora","NAME":"Resort Doro Ncanga","Ar_Ha":20232.231616500001,"SK_Ha":71645.639999999999,"TN_Ha":78686.830000000002,"Konv_Ha":18421.776335300001,"Kode":4}},{"type":"Feature","id":1,"geometry":{"type":"Polygon","coordinates":[[[117.96441156764782,-8.2103464188490989],[117.96440456128659,-8.2103392707957426],[117.96440048317801,-8.2103128135469046],[117.96229592307684,-8.2081865776471528],[117.96216876583975,-8.208026151891298],[117.96155864195514,-8.2073754998848116],[117.96093786272458,-8.2067940062514371],[117.96033235078643,-8.2062027497805037],[117.96028686926496,-8.2061567986143586],[117.95962106698838,-8.2053522170018578],[117.95988921418882,-8.2035139844964551],[117.96007127890888,-8.2018133850793777],[117.96041631748399,-8.1991505887664502],[117.96054565897205,-8.1982925268812537],[117.96072499994283,-8.1967683543559904],[117.9608145749763,-8.1960770589224641],[117.96080795441344,-8.1960633392073845],[117.96080172500372,-8.1960582811325544],[117.96078794816887,-8.1960799649535137],[117.95886839379574,-8.1966997376636161],[117.95848669366246,-8.1971091499677033],[117.9582017818781,-8.1974147464829521],[117.95799661752856,-8.1976348055720223],[117.95791033054624,-8.1977273568125959],[117.95704156967955,-8.1985377654177185],[117.95653692149914,-8.1990085149216085],[117.95640429400477,-8.1991322328842422],[117.95622032767362,-8.1993753734540995],[117.95582829642296,-8.1998935020814034],[117.95554937724614,-8.2002621367272077],[117.95469527222892,-8.2017338187030031],[117.95468766141579,-8.2017387631333722],[117.95364480675197,-8.2024162225915482],[117.95355421987368,-8.2024750690130563],[117.95342795525937,-8.2025570934182195],[117.95227628914245,-8.2035025316910772],[117.9519384225606,-8.2037798952083918],[117.95171605510599,-8.2039624424715409],[117.95113287447528,-8.2039638193706299],[117.95113169528955,-8.2039645936292338],[117.95088921589455,-8.2041236900636747],[117.9501395758035,-8.2046155470073234],[117.95013522058207,-8.2046577225329269],[117.95007250743836,-8.2052650895264083],[117.950062936444,-8.2052707394349849],[117.94980867131446,-8.2054208279174468],[117.94965137341397,-8.2055136790085275],[117.94815410461085,-8.2063974883795243],[117.94795737589497,-8.2066047819797987],[117.94755647258357,-8.2070272142826912],[117.94751200016215,-8.207074075043753],[117.94750392826253,-8.2070825811712957],[117.94723325451773,-8.207207817923301],[117.94691662945567,-8.2073543143677377],[117.94616748401299,-8.207700928280266],[117.94500248051504,-8.2082846935844458],[117.94491671727442,-8.208326860231125],[117.94387535750589,-8.2088388520110396],[117.94357259459927,-8.2089877067215671],[117.94318639724,-8.2091775825116802],[117.94261289379003,-8.2094726906861837],[117.94191862968873,-8.2098299362600748],[117.94146061597694,-8.210092109404858],[117.94108958606957,-8.2103044908149005],[117.94095936414116,-8.2103790315178404],[117.94082206214644,-8.2103451730927794],[117.94046098545668,-8.2105501388347495],[117.93979426448729,-8.2109286025380399],[117.93948695572765,-8.2112149961509449],[117.9388015704703,-8.2118537305554522],[117.93746761923339,-8.2120206030136043],[117.9373027601756,-8.2120412261855229],[117.9350698942569,-8.2123205385147706],[117.93406874876717,-8.2124457692545754],[117.9330393380378,-8.2123456230070193],[117.93280640588372,-8.2123461628028576],[117.93259560412713,-8.2123466511976524],[117.93218169329565,-8.2123476098433663],[117.9316487142414,-8.2124189975957833],[117.93067381279688,-8.2125495741230718],[117.93036404710837,-8.2125910627867391],[117.92961349428569,-8.2125180373287456],[117.92934357707395,-8.212491775417627],[117.92933463494985,-8.2124909051961605],[117.92909582798993,-8.2128931586085283],[117.92873063980632,-8.2135082909964741],[117.92859467724908,-8.2137373100153201],[117.92858284666733,-8.2137572384134465],[117.9283329455502,-8.2138695392548993],[117.92775784664627,-8.2141279761182613],[117.92758900803543,-8.214203848209479],[117.92732747828971,-8.2144656117911818],[117.92717828797502,-8.214614934377499],[117.92660258234419,-8.214812634971528],[117.92587569082693,-8.2150622515453247],[117.92568085636545,-8.2151170859423903],[117.92524208916689,-8.2152405713086729],[117.92502884872063,-8.2153005848994507],[117.92501859254257,-8.2153034710014641],[117.92496392594533,-8.215348674450512],[117.92423105723709,-8.215954670002489],[117.92406926577213,-8.216066034399546],[117.92380420451946,-8.2162484818300499],[117.92368302842395,-8.216331890001177],[117.9227513843302,-8.2181020737219868],[117.92269249278168,-8.2182139722328262],[117.92217230911334,-8.2196494123610488],[117.92187434990744,-8.2204716213578344],[117.92108395815215,-8.2217027363780009],[117.9209513864417,-8.2219092289767097],[117.92084110109231,-8.222181476132862],[117.9205285265122,-8.2229530842387959],[117.92052190885784,-8.2229694198798331],[117.92050792070467,-8.2230039514947357],[117.91936850861208,-8.2232379007177432],[117.91870951262479,-8.2233732071255154],[117.91865622060266,-8.2233841495369759],[117.91793585599815,-8.2234199725106052],[117.91734310266997,-8.2235986079640497],[117.91693620413432,-8.2237212322591962],[117.91690735851508,-8.2237299254403649],[117.91653049683622,-8.223772512622789],[117.91616417320793,-8.2238139087262123],[117.9161248649546,-8.2238183504375364],[117.91598130768332,-8.2238345729688227],[117.91563918054948,-8.2242454923243624],[117.91541624553356,-8.2245605676037137],[117.91505784378046,-8.2250670988058587],[117.91491750483254,-8.2250895018207881],[117.9143992782076,-8.2251722293281251],[117.91296585545935,-8.2254010508201549],[117.91152350695317,-8.2256312922011325],[117.91114824977014,-8.225691193590448],[117.91113871521625,-8.2256894352759193],[117.91004995356968,-8.2254886101390383],[117.90871283487047,-8.2258675982790859],[117.90844680601417,-8.226460140995588],[117.90840562711951,-8.2265518615393933],[117.90792711583744,-8.2273390493947538],[117.9077234505132,-8.2282965064799587],[117.90751916127087,-8.2289805395456916],[117.90714318066527,-8.2295966003002405],[117.90683550240919,-8.2300757939210119],[117.90676870252136,-8.2301304948470619],[117.90645881774142,-8.2303842508328522],[117.90649213616994,-8.2311098081771448],[117.90649491280219,-8.2311702752063187],[117.90653100817244,-8.2319562986263399],[117.90645083814677,-8.2324833857916619],[117.90639579859496,-8.2328452454502372],[117.90636594729281,-8.2329291124186152],[117.90605489629205,-8.233803012777642],[117.90564428991516,-8.2342824372102932],[117.90526791207138,-8.23472760731687],[117.90507811865967,-8.234934811879711],[117.90489145669052,-8.2351385977810985],[117.90448108034664,-8.2357205575997465],[117.90442177911386,-8.2360396161891867],[117.90436172889645,-8.2363627075342247],[117.9042777156986,-8.2368147277741031],[117.90414280903867,-8.2378403864138132],[117.90405546095259,-8.238314056399286],[117.90389914054565,-8.2391617457871025],[117.90387167757272,-8.2393106733110351],[117.9037492678263,-8.2397287822321328],[117.90370145557107,-8.2398920917986356],[117.90358806892563,-8.2399220904306887],[117.90304998406468,-8.2400644507946499],[117.90298703760897,-8.2403560778055756],[117.90288022470307,-8.2408509390177596],[117.90270342980418,-8.2414056396287148],[117.90266342262345,-8.2415311650149228],[117.90260769378568,-8.2417060148379857],[117.90267739511781,-8.2421843563742172],[117.90256853246233,-8.2424353382002877],[117.9023360915256,-8.2429712313669263],[117.90223095114025,-8.2431819003659648],[117.90189209155717,-8.2438608712687031],[117.90158447481829,-8.2443742408839569],[117.90121033845607,-8.2448649164709717],[117.9011149220846,-8.2449900534673528],[117.90062415356992,-8.2456336876307414],[117.90059245873597,-8.2456752543683862],[117.90027801138605,-8.2460893603944072],[117.90009114184049,-8.2463354547805139],[117.89992956700651,-8.2466225447128938],[117.89950215218151,-8.2470469213565423],[117.89984809137897,-8.2470908830433007],[117.90041525285474,-8.2471629576979559],[117.90122716046864,-8.2471525919564712],[117.90197775081036,-8.2471868173778091],[117.90274705436613,-8.2472429254873809],[117.9046716507832,-8.2472699693856111],[117.90516256377963,-8.2472832418661834],[117.90726106794405,-8.2473591777489386],[117.90812424298163,-8.247413623119856],[117.90895220968366,-8.2475144462469423],[117.91046530491445,-8.2476113580064645],[117.91177788979613,-8.2476946072669666],[117.91279864493356,-8.247912264386434],[117.91428200997376,-8.2481958996628872],[117.91479044642983,-8.2482901104018325],[117.91631193509265,-8.2485926611239169],[117.91634207065999,-8.2485776130215474],[117.91635373208872,-8.2485797732820991],[117.9167365941603,-8.2483806046450194],[117.91974027322584,-8.2468806781265087],[117.92001898725978,-8.2467468583550048],[117.92087225254355,-8.2463217837507887],[117.92099886525587,-8.2462521745881148],[117.92187079767785,-8.2458167537246112],[117.92265432013284,-8.2455928522496844],[117.92325381216243,-8.2454459666400268],[117.92484274015044,-8.2449674754342652],[117.92627517586928,-8.2445581262613903],[117.92638978891696,-8.2445468781256803],[117.9272542924521,-8.2444637962696117],[117.92836386647537,-8.2443843093662466],[117.92892802736951,-8.2443133800354804],[117.92955783280397,-8.2442974734257497],[117.93075974553409,-8.2442912716501855],[117.93101370029595,-8.2442744268932113],[117.9316477007755,-8.2442656016198281],[117.93341062798891,-8.2441939163695999],[117.93377447136361,-8.2441333897879208],[117.93438860636137,-8.2441132160898469],[117.93529680353616,-8.2438420182063581],[117.93618326464411,-8.2436287100186618],[117.93634673098335,-8.243598305950016],[117.93796554762376,-8.2434053073438829],[117.93910007918726,-8.2433232005181942],[117.94084545128003,-8.2432505800550047],[117.94106079410024,-8.2432126099056457],[117.94196479826324,-8.2431234812089631],[117.94345631366409,-8.2428565055655145],[117.9443614932933,-8.2429154369550197],[117.94559867423943,-8.2428921492561251],[117.94562530537148,-8.2428934928575224],[117.94663173281123,-8.2430612531813487],[117.94771146125338,-8.2430236778916903],[117.94881733822051,-8.2431062892956035],[117.94929358674139,-8.2431576344757058],[117.9498319903565,-8.2432010719329423],[117.95081244147892,-8.2434103418031679],[117.95122127901905,-8.2435662041263686],[117.95170826992434,-8.243601547829579],[117.95215769177395,-8.2436974716169136],[117.95270375203708,-8.2440484932431861],[117.95302583420269,-8.2441637637968093],[117.9540912634945,-8.2447777354530203],[117.95451456942529,-8.2450755116467747],[117.95468813910408,-8.2451216925552977],[117.95494082555257,-8.2452673063072712],[117.95660604458917,-8.2454975946643856],[117.95737907637887,-8.2457266651801682],[117.95798898805567,-8.2456888407889526],[117.96028663226473,-8.2460065690862514],[117.96033532738527,-8.2460175687130821],[117.96037464216454,-8.2460070619433292],[117.96108192694143,-8.2458361834705141],[117.96147846151109,-8.2457694660299286],[117.96291821461472,-8.2453925331971263],[117.96401132549194,-8.245128431519797],[117.96471244569717,-8.2449628246283186],[117.96663001616729,-8.244496729344398],[117.96893165853764,-8.2448395096779983],[117.97078234935437,-8.244711426046619],[117.97097102075377,-8.2447052054230205],[117.97192174966882,-8.2446325648617389],[117.97425004558585,-8.2444714079499182],[117.97506724935933,-8.244466964601191],[117.97610300894482,-8.2445384164417419],[117.97775009471265,-8.2445357155985537],[117.97944709961725,-8.2445547232260417],[117.98028588338272,-8.2444655640161368],[117.98090347704806,-8.244399915427989],[117.98104065902986,-8.2443853335085073],[117.98013289646509,-8.2416053261691946],[117.9790886107257,-8.2387019680741194],[117.97849957837624,-8.2368526001509696],[117.97786322412217,-8.2345206679870699],[117.97713723064186,-8.2323684507551036],[117.9765936211176,-8.2311132818524495],[117.97629415873766,-8.2305624574933027],[117.97623150928328,-8.2303961669132075],[117.97550271095591,-8.2290421785263614],[117.97514540354913,-8.2283345676312916],[117.97469211340244,-8.2271689245039479],[117.97396856470682,-8.2260039355007581],[117.97369633162275,-8.2251968491841829],[117.97342475671486,-8.2246590102108392],[117.97324348799575,-8.2242107015033543],[117.97297278987952,-8.2240318575189981],[117.97279195961704,-8.2237630467001726],[117.97270056054781,-8.2232247709625685],[117.97261003585692,-8.2230454906902946],[117.97233955750781,-8.2229563957109413],[117.9722752551701,-8.2225344223172954],[117.97206041577101,-8.2224710598704824],[117.97190883145102,-8.2223651641977202],[117.97188828073799,-8.2223269831366306],[117.96986714938222,-8.2189808613618816],[117.96982338690361,-8.2189055626160048],[117.96925004061629,-8.2179225214020892],[117.9687107256802,-8.2170251949645703],[117.96843875300105,-8.2165447492421499],[117.96809820853956,-8.2160240749712479],[117.96771313499333,-8.2154039694870136],[117.96733994025168,-8.2147822928894687],[117.96689220047442,-8.214539723091459],[117.96604252709133,-8.2140427984948623],[117.96559031507364,-8.2137660099422956],[117.96490236629879,-8.2133759780223556],[117.96486968284982,-8.2133568636262204],[117.9647405837201,-8.2125193082316237],[117.96473584290707,-8.2124808400467142],[117.96461981772512,-8.2116485404381372],[117.96441156764782,-8.2103464188490989]]]},"properties":{"FID":1,"Nama":"TN Tambora","NAME":"Resort Pancasila","Ar_Ha":2722.8274623900002,"SK_Ha":71645.639999999999,"TN_Ha":78686.830000000002,"Konv_Ha":2479.1787412499998,"Kode":6}},{"type":"Feature","id":2,"geometry":{"type":"Polygon","coordinates":[[[117.94345631366409,-8.2428565055655145],[117.94196479826324,-8.2431234812089631],[117.94106079410024,-8.2432126099056457],[117.94084545128003,-8.2432505800550047],[117.93910007918726,-8.2433232005181942],[117.93796554762376,-8.2434053073438829],[117.93634673098335,-8.243598305950016],[117.93618326464411,-8.2436287100186618],[117.93529680353616,-8.2438420182063581],[117.93438860636137,-8.2441132160898469],[117.93377447136361,-8.2441333897879208],[117.93341062798891,-8.2441939163695999],[117.9316477007755,-8.2442656016198281],[117.93101370029595,-8.2442744268932113],[117.93075974553409,-8.2442912716501855],[117.92955783280397,-8.2442974734257497],[117.92892802736951,-8.2443133800354804],[117.92836386647537,-8.2443843093662466],[117.9272542924521,-8.2444637962696117],[117.92638978891696,-8.2445468781256803],[117.92627517586928,-8.2445581262613903],[117.92484274015044,-8.2449674754342652],[117.92325381216243,-8.2454459666400268],[117.92265432013284,-8.2455928522496844],[117.92187079767785,-8.2458167537246112],[117.92099886525587,-8.2462521745881148],[117.92087225254355,-8.2463217837507887],[117.92001898725978,-8.2467468583550048],[117.91974027322584,-8.2468806781265087],[117.9167365941603,-8.2483806046450194],[117.91635373208872,-8.2485797732820991],[117.91634207065999,-8.2485776130215474],[117.91631193509265,-8.2485926611239169],[117.91479044642983,-8.2482901104018325],[117.91428200997376,-8.2481958996628872],[117.91279864493356,-8.247912264386434],[117.91177788979613,-8.2476946072669666],[117.91046530491445,-8.2476113580064645],[117.90895220968366,-8.2475144462469423],[117.90812424298163,-8.247413623119856],[117.90726106794405,-8.2473591777489386],[117.90516256377963,-8.2472832418661834],[117.9046716507832,-8.2472699693856111],[117.90274705436613,-8.2472429254873809],[117.90197775081036,-8.2471868173778091],[117.90122716046864,-8.2471525919564712],[117.90041525285474,-8.2471629576979559],[117.89984809137897,-8.2470908830433007],[117.89950215218151,-8.2470469213565423],[117.89992956700651,-8.2466225447128938],[117.90009114184049,-8.2463354547805139],[117.89994252209267,-8.2465311765663643],[117.89949766432156,-8.2470448530293279],[117.89922736354512,-8.2488911002798151],[117.89922875431424,-8.2495063113638523],[117.89921030632658,-8.2498511240606049],[117.89919583575394,-8.2501215985020995],[117.89916352320787,-8.2505527599369195],[117.89915078554274,-8.2507227204274223],[117.89912922588458,-8.2510103896403191],[117.89865028473483,-8.2516266781688099],[117.89864086602874,-8.2516290463049469],[117.89820396132318,-8.2517388965641718],[117.89810164306527,-8.2517646219799961],[117.89786224859016,-8.2521069434043586],[117.89758243587467,-8.2524180626510422],[117.89755423441954,-8.2524494193489275],[117.89728957031855,-8.252913698060155],[117.89708836972409,-8.2532666466638087],[117.89670762988736,-8.2535207351151083],[117.89654321426235,-8.253861175117386],[117.89642511171066,-8.2541057197770051],[117.89623320347881,-8.2545030868063698],[117.89612896386582,-8.2547224199542981],[117.89593748880691,-8.2551253075130813],[117.89591694210119,-8.2551685394498566],[117.89569636347601,-8.2559920499803123],[117.89553906242074,-8.2564304090086473],[117.89548349274033,-8.2565852671277451],[117.89541216157049,-8.2567840483084325],[117.89541401693936,-8.2576070613717718],[117.8953950846462,-8.2581705781252506],[117.89539455626483,-8.2581863038543997],[117.89538423716255,-8.2584934548557598],[117.8953544574635,-8.2593798474086082],[117.89531850482784,-8.2595793743263108],[117.89522892262566,-8.2600765285892006],[117.89519988882584,-8.2611412346750299],[117.89519957180009,-8.2611528465495443],[117.8950743200037,-8.2619761455773357],[117.89501283588785,-8.2628942633632629],[117.89484607375827,-8.2633122828063161],[117.89476099795351,-8.2635255385647923],[117.89469685158406,-8.2636863326634238],[117.894502566303,-8.2640755909509309],[117.89447541449432,-8.2641299911463886],[117.89425095958953,-8.2647774884294467],[117.89422283920054,-8.2648586096668435],[117.89421128094666,-8.2648617368155737],[117.89420971752486,-8.2648621599687697],[117.8934650908235,-8.2650636490482867],[117.89339713859019,-8.2650820360633315],[117.89339040606819,-8.2652748165767118],[117.89337135904589,-8.2658201489985004],[117.89336728610115,-8.2659367735497895],[117.89311086247157,-8.266065208255565],[117.89279594242439,-8.2662229405803309],[117.8927972319913,-8.2667962742572811],[117.89279758000499,-8.2669509919985966],[117.89277113145299,-8.2670284012466446],[117.89260816353521,-8.2675053682996875],[117.89260130638947,-8.2676634593958127],[117.89257795283139,-8.2682018354748195],[117.89242020589703,-8.2687086598966033],[117.89166075513158,-8.2701348071819432],[117.89131255752064,-8.270737019262743],[117.89070999503167,-8.271276490896442],[117.89068794322979,-8.2712900767479098],[117.89029745805374,-8.2715306460953482],[117.89025815609445,-8.2716417642322018],[117.88995010769577,-8.2725127103229514],[117.88993006132534,-8.2725407988623445],[117.88915815452468,-8.2736223814342811],[117.88913022549627,-8.2738490613959321],[117.88909573507772,-8.2741289929906294],[117.88897399553584,-8.2746010748150631],[117.88887520744682,-8.2749841567919695],[117.88886600435842,-8.2751461729875366],[117.88884858349502,-8.2754528678191477],[117.88884463617994,-8.2755223519189638],[117.88894076991468,-8.276019061682403],[117.88897323711414,-8.2761868124560127],[117.88897444377221,-8.2767249359447046],[117.88891287673098,-8.2776113995977791],[117.8888291245854,-8.278012112711556],[117.8887884544713,-8.2782066980765805],[117.88878711326609,-8.2782131162396073],[117.88834321502395,-8.2786572674704839],[117.88819653561143,-8.278905793184018],[117.88793166106343,-8.2793545818552818],[117.88812124357798,-8.2797925161813968],[117.88831498481549,-8.2802400570998902],[117.88860418223034,-8.2816638682273691],[117.88870639311958,-8.2821471586724655],[117.88876316097561,-8.2824155798114028],[117.88876477706479,-8.2824232196182326],[117.88866113063288,-8.2825269243442268],[117.88835258271251,-8.2828356462586026],[117.88824011423426,-8.2831742548672587],[117.88820030383452,-8.2832941109196465],[117.88816319007412,-8.2834058490666145],[117.88813311434991,-8.2841656257515357],[117.88813451044632,-8.2847878035673244],[117.88813453491056,-8.2847987128427008],[117.88781721840293,-8.2852751305095325],[117.88769112594815,-8.2854644439272214],[117.88794296276686,-8.2863041806974405],[117.88794727069319,-8.2863185462479478],[117.88801260063312,-8.2864939685516692],[117.88817107010394,-8.2869194849052068],[117.88823590452716,-8.2874891219158631],[117.8881315748858,-8.2879352600438772],[117.88810999735767,-8.2880275299715809],[117.88811148956945,-8.288692271202267],[117.88819426481207,-8.2888868756834722],[117.88836706876236,-8.289293138767615],[117.88834141898823,-8.2897447074288557],[117.88833649867556,-8.2898313336631997],[117.88840097989018,-8.290242698319723],[117.88842124422628,-8.2903424651102497],[117.88849403928458,-8.2907008446304005],[117.88852951643402,-8.2908755029351671],[117.88857913125226,-8.2910324127103348],[117.88857914771594,-8.291032466035464],[117.8886895489489,-8.291381618738102],[117.889072533202,-8.2921088191955619],[117.88926484314477,-8.2928364443570644],[117.88942523254019,-8.293500831733807],[117.88953136425656,-8.293770876087045],[117.88963192726004,-8.2940267521487403],[117.88964896904898,-8.2940701135400285],[117.88969082214136,-8.294194251825294],[117.88983338303376,-8.2946170935635291],[117.88984092622833,-8.2946394669717431],[117.88993775923066,-8.2953039948601326],[117.89028854343874,-8.2958413380406792],[117.8902894390707,-8.2958483445219198],[117.89035324208498,-8.2963476655248591],[117.8903825530119,-8.2965204469794926],[117.89044986283236,-8.2969172313284876],[117.89054648484901,-8.2974867961567789],[117.89077036658074,-8.2981193861607743],[117.89096247056725,-8.2987520460899766],[117.89101327703378,-8.2990515352535628],[117.89108446239347,-8.2994711522149949],[117.89112214455562,-8.2996932735299378],[117.89112350928531,-8.2997013208673067],[117.89156877040882,-8.3000223494082945],[117.89182380345147,-8.3002062257865017],[117.8918288759201,-8.3002139962028956],[117.89193894496533,-8.3003825990301063],[117.89217459510617,-8.3007435664451901],[117.89252488559026,-8.301059327284845],[117.89260598739205,-8.3012865768964144],[117.89271678154408,-8.3015970223267459],[117.8927711212973,-8.3020396491260442],[117.8928139083109,-8.302388167186697],[117.89282017894134,-8.3025247410564269],[117.89284012927452,-8.3029592570260071],[117.89284726516493,-8.3031146629245427],[117.89284733298372,-8.3031161451430702],[117.89292888747637,-8.3032239483517944],[117.89324246291328,-8.3036384500237954],[117.89332303857286,-8.3037449583610403],[117.89332546298499,-8.3037481636702086],[117.89332667964457,-8.3042862857772519],[117.89326469347377,-8.3049828222927626],[117.89317092812459,-8.3056794309882793],[117.89333133233927,-8.3063438151225384],[117.89342810448879,-8.3069766884792902],[117.89342300081083,-8.3069929128461037],[117.89323878316546,-8.3075785467463046],[117.89323973418993,-8.3075822980204279],[117.89346021765735,-8.3084524020936517],[117.8934632503328,-8.3084643682047474],[117.89349837933021,-8.3085304868009473],[117.89378241563111,-8.3090650859048587],[117.8937747390537,-8.3090959660993136],[117.89359345149832,-8.3098252170228619],[117.89346790611047,-8.3105218961378444],[117.89349361134636,-8.3108209795541406],[117.89356582846432,-8.3116612377970505],[117.89377056633749,-8.3122885610143111],[117.89388585453402,-8.3126418068863224],[117.8938572466114,-8.3135587939806719],[117.89385622559722,-8.3135915069849133],[117.89403902186373,-8.3144318998720852],[117.89404891827068,-8.3144773978511015],[117.89402641973135,-8.3151472079842055],[117.89402139654646,-8.3152967640093642],[117.8940191447991,-8.3153637895239552],[117.89414906660983,-8.316598021508586],[117.89421335259111,-8.3173155769036207],[117.89421427956808,-8.3173259260777268],[117.89420341838678,-8.3175230504060682],[117.8941532273455,-8.3184339682062394],[117.89416557941429,-8.3185115563227594],[117.89431443114574,-8.3194465474145982],[117.89422167102006,-8.3205863160025597],[117.89435037625506,-8.3212824240606],[117.89429778861056,-8.3216957026801381],[117.89428377808106,-8.3218058120608411],[117.89422547602304,-8.3222639915367012],[117.89432254437683,-8.323023480208013],[117.8940728638496,-8.323724783650313],[117.89400673888107,-8.3239105152150561],[117.89399684952707,-8.3239623651962198],[117.89384969714395,-8.3247338824813539],[117.8937238622281,-8.3253039459190692],[117.89356603098084,-8.3257791174695548],[117.89333487385984,-8.326311934349059],[117.89326297923434,-8.3264776510184078],[117.89324986428056,-8.3265078804949297],[117.89313835017796,-8.3266976646202799],[117.89309421797032,-8.3267727722527294],[117.89275556809908,-8.3273491186545243],[117.89234258280351,-8.328369345873778],[117.89182550442499,-8.3292716268225089],[117.89169902417099,-8.3295249962219593],[117.89144588965431,-8.3300320853479572],[117.89142684532793,-8.3300702346698223],[117.89113181001666,-8.330779973218128],[117.89103109366873,-8.3310174841679778],[117.890630498024,-8.3319621756958817],[117.8906301927189,-8.3319628963113086],[117.89039625441696,-8.3328920237740149],[117.89033619041368,-8.3331305803000362],[117.89030260570561,-8.3332166321535563],[117.89019113450681,-8.3335022495937707],[117.89000261075849,-8.3339852917219268],[117.88993802598127,-8.3341507727491901],[117.88966822787776,-8.33502036183984],[117.88965825062903,-8.3350525196995964],[117.8895120645488,-8.3359982835045425],[117.88935153974774,-8.3363327526105166],[117.88914299416003,-8.3367672784477147],[117.88874452445307,-8.337654519797896],[117.88836095095802,-8.3385712709160948],[117.88777001918901,-8.3399126518066531],[117.88763786489977,-8.3402126323340138],[117.88711737002539,-8.3409302438839852],[117.88697247244455,-8.3411300150691545],[117.88693968764478,-8.3412379088908981],[117.88670745055549,-8.3420021826310542],[117.8864731955955,-8.3433617730509777],[117.88623813851629,-8.3443668255059862],[117.88584201953861,-8.3463029031760101],[117.88564001054861,-8.3467865648449262],[117.88557646297434,-8.3469387144739109],[117.88553539816596,-8.3470543126366632],[117.88530624754985,-8.3476993708183844],[117.88511954381188,-8.348224938627089],[117.88502730612599,-8.3484040809662208],[117.88463219036682,-8.3491714655453375],[117.88462702631298,-8.3491841916359348],[117.88427816643029,-8.3500438300692927],[117.883864741788,-8.3508867835562661],[117.883570111635,-8.3517885621698245],[117.88342396607564,-8.3520762356559484],[117.8833921919709,-8.3521387786422991],[117.88314185135637,-8.3526315482728535],[117.88272188070619,-8.3532122906104451],[117.88269824075516,-8.3532449807906044],[117.88274087202289,-8.3534132094584486],[117.88288512247431,-8.3539824392843602],[117.88344251520031,-8.3547454244511847],[117.88363205536848,-8.3548455575420633],[117.88423728467161,-8.3551652935810807],[117.88509613337082,-8.3557844275989446],[117.88511191174776,-8.3557958017733842],[117.88598790940486,-8.3570324173390969],[117.88641289012826,-8.3577429875996074],[117.88686486730781,-8.358690671213111],[117.88714699639988,-8.3592262592526509],[117.88717455002072,-8.359278566966811],[117.88718376830747,-8.3592960661056885],[117.88750350474604,-8.3602703984649942],[117.88758404873964,-8.3603789751510078],[117.888092288888,-8.3610641069205709],[117.88816705695473,-8.3611648983821034],[117.88840692411716,-8.361797573332554],[117.88842105504399,-8.3618348449940285],[117.88842106418495,-8.3618348712021024],[117.88856636156976,-8.3622181064276138],[117.88884135619654,-8.3628892924359075],[117.88896548670715,-8.363192258508807],[117.88910218130346,-8.3634929614176965],[117.88928364127578,-8.3638921387772704],[117.88944417755201,-8.364245287579017],[117.88946287140395,-8.3643342590296239],[117.88958929337922,-8.364935931574097],[117.88960467854517,-8.3650091515938136],[117.88963323784829,-8.3650844782465761],[117.89008385319373,-8.3662730000183245],[117.89011204834421,-8.3670371613919077],[117.89019400780955,-8.3681701409691467],[117.89021992698189,-8.3688039657999251],[117.89022202416523,-8.3688552442745241],[117.89022761849506,-8.3688768214107387],[117.8903585264971,-8.3693816952368945],[117.89038355354818,-8.3694782187994292],[117.89057473156112,-8.3697804440898391],[117.8907827790823,-8.3701093364371122],[117.8910326834033,-8.3707950435773864],[117.89110102814226,-8.370982573862678],[117.89134349768418,-8.3715773204858532],[117.89143602746162,-8.3718042827695953],[117.89145109089374,-8.372209615761701],[117.89153584688241,-8.3725958517477022],[117.89155556184782,-8.3726856907337108],[117.89159157062268,-8.372849780374013],[117.89159305913238,-8.37285656207243],[117.89208855822643,-8.3736750769276327],[117.89276142016499,-8.3745096688549712],[117.89284712464783,-8.3745995204693315],[117.89332398088365,-8.3750994527746592],[117.89363341787171,-8.3752869670183632],[117.89390540219888,-8.3754517849099948],[117.89423003753406,-8.3756485084299328],[117.89461717737743,-8.3758017523838024],[117.89474280221951,-8.3758514792873058],[117.89474941166139,-8.3758540953069414],[117.89540259141236,-8.3762981291795331],[117.8954533146463,-8.376323040711485],[117.89595495654554,-8.3765694088959766],[117.89673504817313,-8.3768227323462483],[117.89721421348931,-8.3771380403745077],[117.89724221265855,-8.3771564651475003],[117.89729127971151,-8.3771834269106336],[117.89782111407411,-8.3774745619878122],[117.8979007386974,-8.3775183145962657],[117.89878709338336,-8.3777069340852428],[117.89892190367523,-8.3777356223599],[117.89910874243866,-8.377883652097184],[117.8994749932555,-8.3781738276701709],[117.89991777589648,-8.3783835004719993],[117.90019344038191,-8.3785140371416862],[117.90101441949838,-8.3788908902497301],[117.90123005368386,-8.3789898718682441],[117.90182473657799,-8.3792001822702495],[117.90183414227501,-8.3792035080813783],[117.90184185098524,-8.3792062345137399],[117.90206919804564,-8.3794114223633205],[117.90216463297175,-8.3794975556736269],[117.90348484049008,-8.3796887455835449],[117.90375023107509,-8.3797010714491389],[117.90413400083554,-8.3797188953830535],[117.90437186151335,-8.3797117074947369],[117.90496469047764,-8.3796937933338072],[117.90506485406674,-8.3797115455734179],[117.90616684022524,-8.3799068496939935],[117.9063317378086,-8.3799360740084179],[117.90633198948306,-8.3799361186520578],[117.90696256858907,-8.3805630505651916],[117.90696786833833,-8.3805683193495994],[117.90772480414796,-8.3807821681161716],[117.90801798353988,-8.3807600470569117],[117.90851628485939,-8.3807224483285232],[117.90864218931007,-8.3807129487161252],[117.90889318558271,-8.3807292565217857],[117.9096620249102,-8.380779209664043],[117.90981591531053,-8.3808595010512796],[117.91045019370632,-8.3811904303770213],[117.91052492852917,-8.3812294224341493],[117.91053758422981,-8.3812360254105922],[117.91073916019137,-8.3812496269032284],[117.91121710422637,-8.3812818772690925],[117.91194195605327,-8.3813307868906701],[117.91194273510416,-8.381330707309834],[117.91250639061853,-8.3812729619305752],[117.9125892849862,-8.3812644694354557],[117.91282436600196,-8.3812238307298017],[117.91295498429042,-8.3812012498535502],[117.91328297837823,-8.381144548577101],[117.91426456526487,-8.3812043641030947],[117.91520362779269,-8.3812165066350932],[117.91534483756101,-8.3812068608631645],[117.91582936727838,-8.3811737644780191],[117.91589223188089,-8.3811694699984312],[117.91631203691821,-8.3811147003029127],[117.91677335908562,-8.3809156310362543],[117.91694832288593,-8.3808401309671936],[117.91711055432164,-8.3807722729705301],[117.91717383458895,-8.3807458035004903],[117.91741056141184,-8.380646784817154],[117.91754369719686,-8.3805977195297192],[117.91786030559159,-8.3804810368587024],[117.91810827163191,-8.3803896521482102],[117.91874034863983,-8.3803122648437753],[117.91904336190237,-8.3803365388128483],[117.9191841352681,-8.3803478166259815],[117.91958073403661,-8.3803795869932465],[117.92025441017292,-8.380473623857112],[117.92027539770675,-8.3804771067099164],[117.92062855069672,-8.3805357075949516],[117.92069885894971,-8.38054737439988],[117.92118286799852,-8.3806276886745348],[117.92236199858912,-8.380697298168112],[117.92237592040226,-8.3806992526582853],[117.92271040732732,-8.3807462046420671],[117.92317053407577,-8.3808107954434288],[117.92384531749491,-8.380946064291118],[117.9245619964223,-8.3812013061448543],[117.92541845888623,-8.3816598229337842],[117.92542118511594,-8.3816612826136332],[117.92564429604739,-8.3817746626299883],[117.92568252447478,-8.3817940895447833],[117.92571208646692,-8.381835999070951],[117.92601797841003,-8.3822696475792604],[117.92606454451918,-8.3823356616845555],[117.92613597386139,-8.3824317537595743],[117.92625860104702,-8.3819836375123291],[117.92641007872709,-8.3814173402269923],[117.92658850316246,-8.3807935025844369],[117.92691533463575,-8.3802323358264612],[117.92703982814406,-8.3800091363509122],[117.92711129787639,-8.3799429238238616],[117.9271562519655,-8.3798004012663281],[117.92716176490738,-8.379790518336133],[117.92738555803913,-8.3791064170638876],[117.92766978487694,-8.3786295934749582],[117.92770724438536,-8.3785702973266769],[117.92820619071364,-8.3778113827464509],[117.92859046554867,-8.3766360520466492],[117.92860532499076,-8.3765800061235751],[117.92874009940459,-8.3762263723178076],[117.92889506524293,-8.3757413821951019],[117.9291337973882,-8.3750080825524336],[117.92948294344949,-8.3747222065519011],[117.92970365369379,-8.3746171556149527],[117.929817692371,-8.3742946979448032],[117.92995953761718,-8.3740652490521832],[117.93020379264885,-8.3736418956244787],[117.93032136375354,-8.3733872351048699],[117.93051092738942,-8.3728811850278966],[117.93064112836829,-8.3724973900246003],[117.93104027562426,-8.3719857695273276],[117.93106588436594,-8.3719009321270246],[117.93109915428116,-8.3718599764919013],[117.93131372751648,-8.3712423735198236],[117.93146348414722,-8.3711104965422383],[117.93166799553978,-8.3709489347691992],[117.93189341145235,-8.3706615020216368],[117.93189627026916,-8.3701519322191782],[117.93189934603801,-8.3696365627293901],[117.9331724461663,-8.3679130472910401],[117.93362650090658,-8.3665105849328647],[117.93367771878688,-8.3664268102580603],[117.9339514332555,-8.3661089038784677],[117.93399997222618,-8.3660294405556286],[117.93487292139328,-8.3651908106252044],[117.93547633274594,-8.3645723265898866],[117.93574275906334,-8.3644111639093044],[117.93668692657356,-8.3631728778046561],[117.93692725457903,-8.3627317833190791],[117.94129354229524,-8.3568077435037349],[117.94152030850788,-8.3565070582377796],[117.94260313103858,-8.3555487237591262],[117.94303294974337,-8.3548424159809045],[117.94343481700363,-8.3541835408393084],[117.94376049777495,-8.3536843091486404],[117.94394482055323,-8.3531760625525013],[117.94797828019585,-8.3468890908712563],[117.94835101579014,-8.3467882614530389],[117.94856497168699,-8.3462720669284813],[117.9487074855338,-8.3455140494003786],[117.94896904636738,-8.3450047147884696],[117.94913330044727,-8.344653068142474],[117.94927334290722,-8.3440071448836228],[117.94941268807108,-8.3433347138107781],[117.94957897810013,-8.3428710090407971],[117.94990512466693,-8.3423675256247911],[117.95024275803628,-8.341966702359084],[117.95039410711586,-8.3413667904330744],[117.95060204890734,-8.3407975021520979],[117.95084414204504,-8.3402234099532659],[117.9509563061645,-8.3399547154547164],[117.95116222919731,-8.3396620215964266],[117.95127313802057,-8.3395022502626208],[117.9518758648003,-8.3390294277310169],[117.95216442549879,-8.3388559294141409],[117.95246367293515,-8.3387051776372321],[117.95296672054839,-8.3383662753258623],[117.9534450756869,-8.3379911501227806],[117.95392780458606,-8.337804617027583],[117.95454515196303,-8.337374108026653],[117.954824794085,-8.3370290177396438],[117.95522542144546,-8.3365198601850317],[117.95533272943587,-8.3363872002729451],[117.95582030991915,-8.3359837955144993],[117.95582434565117,-8.3359319046984801],[117.95582786775766,-8.3359291413532812],[117.95588014572414,-8.3352144022702088],[117.95606037744702,-8.3328968916368904],[117.95607459973911,-8.3325558298698752],[117.95630817284732,-8.3293624243465736],[117.95540490441455,-8.3256025879531208],[117.95523729711539,-8.3200044101514106],[117.95663378784037,-8.3146751578260609],[117.95883241180115,-8.3089355133440055],[117.96014303670447,-8.3074353204121429],[117.96060132179205,-8.3068556289929134],[117.96220600744938,-8.305058551110946],[117.96316491840835,-8.3036187708096296],[117.96404105920298,-8.3023730096924311],[117.96481883535343,-8.3011354307381282],[117.96540402240505,-8.3002567708969224],[117.96502504670971,-8.2961782882853647],[117.96565400683468,-8.2950448865089275],[117.96582184850642,-8.2947719678432588],[117.96591542845825,-8.2945737956240695],[117.96763468026261,-8.2914756202162767],[117.96785780894868,-8.2911192346714966],[117.96822601686517,-8.2904099918941103],[117.97023410191835,-8.2867912422682259],[117.97022544575137,-8.2867113697833634],[117.97024911016074,-8.2866691473986265],[117.97005800382958,-8.284616491758662],[117.96985444306287,-8.2832879156005461],[117.96957505723371,-8.2807098048688648],[117.96963480281248,-8.2788809492588413],[117.96960053231057,-8.2775425950187387],[117.96962978666572,-8.276037104688502],[117.96962857852394,-8.2758902273994561],[117.96966634239143,-8.2748758705769223],[117.96961275082585,-8.2735530538016224],[117.96973493639375,-8.2722176469887252],[117.96974263271618,-8.2719538737161216],[117.96990651872503,-8.2702041583942822],[117.9698996824377,-8.2699298657996767],[117.96992236311291,-8.2696842394962822],[117.96988006148409,-8.2685118025553912],[117.96981344481318,-8.2656446454651746],[117.96995351930352,-8.2654866159742415],[117.97106397631346,-8.264679381438425],[117.97146236293169,-8.264560962955608],[117.97218192248926,-8.2641105370233241],[117.97299090246662,-8.2633906844391447],[117.97363503335676,-8.2628103563953772],[117.97867951115232,-8.2591431905624368],[117.97910563295747,-8.2589787296572776],[117.98021390760776,-8.2580277111884435],[117.98182916511024,-8.2568534351304805],[117.98216283441212,-8.2567278545756011],[117.982455861809,-8.2563978290149276],[117.98429087827206,-8.2550637694851812],[117.98459055365133,-8.2549271852743082],[117.98575958805641,-8.2541166909903332],[117.98619990112843,-8.2536758898022615],[117.98647844286032,-8.2533970385883961],[117.98791725941713,-8.2524064043912855],[117.99025484599332,-8.2506059285983504],[117.98962273243178,-8.2499793428140986],[117.98890076582219,-8.2494427134676247],[117.98844948212549,-8.2490848853655034],[117.98790834314323,-8.2488170132305498],[117.98665940286122,-8.2482874306380065],[117.98664591125983,-8.2482817099572436],[117.98644868977851,-8.248200416316724],[117.98356809077603,-8.2463536239112436],[117.98104176516513,-8.2448340769774031],[117.98104065902986,-8.2443853335085073],[117.98090347704806,-8.244399915427989],[117.98028588338272,-8.2444655640161368],[117.97944709961725,-8.2445547232260417],[117.97775009471265,-8.2445357155985537],[117.97610300894482,-8.2445384164417419],[117.97506724935933,-8.244466964601191],[117.97425004558585,-8.2444714079499182],[117.97192174966882,-8.2446325648617389],[117.97097102075377,-8.2447052054230205],[117.97078234935437,-8.244711426046619],[117.96893165853764,-8.2448395096779983],[117.96663001616729,-8.244496729344398],[117.96471244569717,-8.2449628246283186],[117.96401132549194,-8.245128431519797],[117.96291821461472,-8.2453925331971263],[117.96147846151109,-8.2457694660299286],[117.96108192694143,-8.2458361834705141],[117.96037464216454,-8.2460070619433292],[117.96033532738527,-8.2460175687130821],[117.96028663226473,-8.2460065690862514],[117.95798898805567,-8.2456888407889526],[117.95737907637887,-8.2457266651801682],[117.95660604458917,-8.2454975946643856],[117.95494082555257,-8.2452673063072712],[117.95468813910408,-8.2451216925552977],[117.95451456942529,-8.2450755116467747],[117.9540912634945,-8.2447777354530203],[117.95302583420269,-8.2441637637968093],[117.95270375203708,-8.2440484932431861],[117.95215769177395,-8.2436974716169136],[117.95170826992434,-8.243601547829579],[117.95122127901905,-8.2435662041263686],[117.95081244147892,-8.2434103418031679],[117.9498319903565,-8.2432010719329423],[117.94929358674139,-8.2431576344757058],[117.94881733822051,-8.2431062892956035],[117.94771146125338,-8.2430236778916903],[117.94663173281123,-8.2430612531813487],[117.94562530537148,-8.2428934928575224],[117.94559867423943,-8.2428921492561251],[117.9443614932933,-8.2429154369550197],[117.94345631366409,-8.2428565055655145]]]},"properties":{"FID":2,"Nama":"TN Tambora","NAME":"Resort Doropeti","Ar_Ha":11047.742978599999,"SK_Ha":71645.639999999999,"TN_Ha":78686.830000000002,"Konv_Ha":10059.1498763,"Kode":5}},{"type":"Feature","id":3,"geometry":{"type":"Polygon","coordinates":[[[118.00976626670302,-8.1142958284974558],[118.00928504245164,-8.1139517428448364],[118.00927988084689,-8.1139501756222021],[118.00918278674324,-8.1139206980340539],[118.00793848425283,-8.1135429253426814],[118.00696125336077,-8.1145540937297493],[118.00581696455474,-8.1157381124480352],[118.00516745049431,-8.1165941584299919],[118.00513536163409,-8.1174828586460439],[118.00506923158932,-8.1184741764885668],[118.00507212264201,-8.1196362123209855],[118.00507406424258,-8.1204173820373473],[118.00507433144156,-8.1205248286626901],[118.00445902072703,-8.121346612986585],[118.0039414526299,-8.1222399561744929],[118.00384430286719,-8.1224076403062053],[118.0038484350015,-8.1224269601916443],[118.00398310536116,-8.1230566747148032],[118.00402003591179,-8.1241160939582251],[118.00398760706479,-8.1248680835030154],[118.00366379272322,-8.1258114339376792],[118.00364709498534,-8.1258600784425425],[118.00363364220468,-8.1259362417374454],[118.00347798396523,-8.1268174724912452],[118.00337797963644,-8.1279797623251433],[118.00350157824434,-8.1287375186397171],[118.00350612471375,-8.1287653914576765],[118.00351729320086,-8.1288338625250152],[118.00279950049658,-8.1298267882185957],[118.00235557798109,-8.1306139705291454],[118.00202023917738,-8.1313145773561484],[118.00194612270529,-8.131469424232451],[118.00192039622553,-8.1315573896442359],[118.00185779892674,-8.1317714256565843],[118.00160602504644,-8.1326323058883219],[118.00180216382132,-8.1330559681949222],[118.0018519025802,-8.1331634032395943],[118.00198534364132,-8.1334516362642759],[118.0018608359137,-8.1341012695291663],[118.00178218370677,-8.1345116477004513],[118.00151830733658,-8.135113286209954],[118.00140702187636,-8.1353670158507239],[118.00164712181831,-8.1365480794346396],[118.00165008140955,-8.1365626377534994],[118.00126355641341,-8.1370312415237382],[118.00100035996235,-8.1373503278422614],[118.00084749250459,-8.1377253290231533],[118.0006935377272,-8.1381029954533446],[118.0006954875132,-8.1388890773667821],[118.00050218146808,-8.1391124487915132],[118.00025087541756,-8.1394028391577589],[117.99993736085277,-8.1398167684769813],[117.9994987593041,-8.1403958453608745],[117.99940106555034,-8.1405154271777214],[117.99900736177378,-8.1409973420626507],[117.99888324148428,-8.1411492719532532],[117.99881528072203,-8.1412173273608701],[117.99850688435805,-8.1415261528127321],[117.99835764017973,-8.1415801047241185],[117.99765017156351,-8.1418358592702429],[117.99737537583212,-8.1425883824309047],[117.99727541842324,-8.1428621136846395],[117.99693420206285,-8.1435806852727595],[117.99680988174326,-8.1436927304079383],[117.99624973894561,-8.1441975656910515],[117.9959250779098,-8.144848588599471],[117.99590492293855,-8.1448890030966012],[117.99587430482772,-8.1449503995162935],[117.99608221393545,-8.1458043335030155],[117.99659915600806,-8.1467942189978206],[117.99636919330682,-8.1477873251223336],[117.99636159579333,-8.147820136124496],[117.99623748579059,-8.1480236281058041],[117.9959858221703,-8.1484362585826151],[117.9953703720562,-8.149223858631121],[117.99505027934973,-8.150188627744555],[117.99502990818398,-8.1502500279474717],[117.99462058953786,-8.1511738313611399],[117.99455429258389,-8.1512681998583325],[117.99421583024518,-8.1517499726550611],[117.99401406432375,-8.1520371693807565],[117.99397117043137,-8.1520982250174914],[117.99390388807942,-8.1524148880348726],[117.99384815481781,-8.1526771989198181],[117.99376773326159,-8.1530557020091887],[117.99378984131522,-8.1533947545165386],[117.99380338449077,-8.1536024587043663],[117.99377093991218,-8.1543544498601683],[117.99348147002266,-8.1546748274977876],[117.99312100836325,-8.1550737765315269],[117.99284837728584,-8.1557921773828355],[117.99240567702145,-8.1570920204253969],[117.99206385341705,-8.157571345812844],[117.99203123757415,-8.1582549816569347],[117.99197704900911,-8.1586676788154371],[117.99192734090904,-8.1590462512807083],[117.9918965643308,-8.1592806458138831],[117.99169345764206,-8.1603748315634785],[117.99179661129845,-8.1618296300845845],[117.99180006911544,-8.1618783950346128],[117.99179656730028,-8.1619026845025413],[117.99166627876217,-8.1628052385407592],[117.9916403456088,-8.1629848912925151],[117.99159772039758,-8.1632801794033032],[117.99136409772082,-8.1640729677016228],[117.99132558840451,-8.1642036462911136],[117.99133043446491,-8.1642227601395394],[117.99159589362043,-8.1652698385912412],[117.99163733154926,-8.1654332855696996],[117.99139874128116,-8.166049069046478],[117.99139876238974,-8.1660576256864648],[117.99139997147981,-8.1665473628558818],[117.99140228458398,-8.1674845278758603],[117.9914437027919,-8.1679264313685334],[117.99147274198008,-8.1682362669028752],[117.99146799156371,-8.1683677581835532],[117.99144063344515,-8.1691249679606059],[117.99129767877815,-8.1695847404022608],[117.99111607313515,-8.1701688210615337],[117.9911003180068,-8.1702194925464617],[117.99109937430542,-8.1702361695973202],[117.99109381484872,-8.170334466228411],[117.99103458196696,-8.1713816975638807],[117.99109271223536,-8.1716028642067791],[117.99127697121384,-8.1723039038990866],[117.99131192091559,-8.1725232352385451],[117.99137108944301,-8.1728945514576914],[117.99145117994784,-8.1733971657360591],[117.99100846244919,-8.1746970071950109],[117.99069856338916,-8.1749958135822496],[117.99008450238712,-8.1755878929908157],[117.98997693134422,-8.1757560026560157],[117.98923023776609,-8.1769229178994944],[117.98926664627511,-8.1777772743677524],[117.98926713714498,-8.1779763914899721],[117.98926882423005,-8.1786607047543782],[117.98926883701799,-8.1786658915561468],[117.98856796538004,-8.1790347012966258],[117.9878985122612,-8.1793869772881624],[117.9870858172586,-8.1797943321334667],[117.98707626439518,-8.1797991199393181],[117.98639147797167,-8.180313458556963],[117.9863826220878,-8.1803159790804187],[117.98463766573659,-8.1808126370816581],[117.9845864152074,-8.1808272245178735],[117.98457470559563,-8.1808305577945308],[117.98436086381616,-8.1814029778471777],[117.98426799549989,-8.1816515727707344],[117.9837213333911,-8.1825415288321395],[117.98341267980888,-8.1827517490631507],[117.98327109743769,-8.1828481791285768],[117.9826026448071,-8.1833034520968688],[117.98228247469137,-8.1835215146896978],[117.98207727795626,-8.1836612706178666],[117.98200904605687,-8.1837077418462112],[117.98171745839684,-8.1837995807798016],[117.98156448581038,-8.1838477610293499],[117.98086078070097,-8.1840693989658941],[117.98082620493939,-8.1841123297882046],[117.98020764638758,-8.1848803656680094],[117.98000579910259,-8.1851309889641559],[117.97863501697796,-8.1856811585345604],[117.97854153859242,-8.1857466922969095],[117.97800699505484,-8.1861214393484047],[117.97669757497529,-8.1870394159483837],[117.97658033559449,-8.1871216065289918],[117.97637547994754,-8.1872267750252732],[117.97527287081701,-8.1877928277627738],[117.97517565155476,-8.1878427369860152],[117.97414665495421,-8.1882146290264455],[117.97346198589591,-8.1884620749757904],[117.9732850526084,-8.1885833186542083],[117.97281130149047,-8.1889079565944893],[117.97277694799561,-8.1889192089788256],[117.97203398138181,-8.1891625758955211],[117.97123459038022,-8.1894244225932926],[117.97111362146671,-8.189456637901996],[117.97069549842507,-8.1895679893538453],[117.97006902092203,-8.1897348264011676],[117.9699419930382,-8.1897728587111587],[117.96911616641698,-8.190020109769236],[117.96849056371705,-8.1902074131092988],[117.96845791657718,-8.1902171877537242],[117.96840577595847,-8.1902353976819295],[117.96766959750596,-8.1904925016287695],[117.96764425007063,-8.1904976154064446],[117.96739232899185,-8.190548443681946],[117.96710014242872,-8.1906073959447099],[117.96664098657749,-8.1907000352075325],[117.96575057680943,-8.1913173705717544],[117.96434758474084,-8.1927562015093187],[117.96417566581066,-8.1929541392713521],[117.96377574639629,-8.1934145833225323],[117.96366340047089,-8.1935439318614325],[117.96359706749111,-8.1935750604554247],[117.96205292836271,-8.1942996913057282],[117.96203984140773,-8.1943167826570864],[117.9612663997866,-8.1953269078358524],[117.9610862876754,-8.1956103954429906],[117.96098774740101,-8.195765492003444],[117.96080172500372,-8.1960582811325544],[117.96080795441344,-8.1960633392073845],[117.9608145749763,-8.1960770589224641],[117.96072499994283,-8.1967683543559904],[117.96054565897205,-8.1982925268812537],[117.96041631748399,-8.1991505887664502],[117.96007127890888,-8.2018133850793777],[117.95988921418882,-8.2035139844964551],[117.95962106698838,-8.2053522170018578],[117.96028686926496,-8.2061567986143586],[117.96033235078643,-8.2062027497805037],[117.96093786272458,-8.2067940062514371],[117.96155864195514,-8.2073754998848116],[117.96216876583975,-8.208026151891298],[117.96229592307684,-8.2081865776471528],[117.96440048317801,-8.2103128135469046],[117.96440456128659,-8.2103392707957426],[117.96441156764782,-8.2103464188490989],[117.96461981772512,-8.2116485404381372],[117.96473584290707,-8.2124808400467142],[117.9647405837201,-8.2125193082316237],[117.96486968284982,-8.2133568636262204],[117.96490236629879,-8.2133759780223556],[117.96559031507364,-8.2137660099422956],[117.96604252709133,-8.2140427984948623],[117.96689220047442,-8.214539723091459],[117.96733994025168,-8.2147822928894687],[117.96771313499333,-8.2154039694870136],[117.96809820853956,-8.2160240749712479],[117.96843875300105,-8.2165447492421499],[117.9687107256802,-8.2170251949645703],[117.96925004061629,-8.2179225214020892],[117.96982338690361,-8.2189055626160048],[117.96986714938222,-8.2189808613618816],[117.97188828073799,-8.2223269831366306],[117.97190883145102,-8.2223651641977202],[117.97206041577101,-8.2224710598704824],[117.9722752551701,-8.2225344223172954],[117.97233955750781,-8.2229563957109413],[117.97261003585692,-8.2230454906902946],[117.97270056054781,-8.2232247709625685],[117.97279195961704,-8.2237630467001726],[117.97297278987952,-8.2240318575189981],[117.97324348799575,-8.2242107015033543],[117.97342475671486,-8.2246590102108392],[117.97369633162275,-8.2251968491841829],[117.97396856470682,-8.2260039355007581],[117.97469211340244,-8.2271689245039479],[117.97514540354913,-8.2283345676312916],[117.97550271095591,-8.2290421785263614],[117.97623150928328,-8.2303961669132075],[117.97629415873766,-8.2305624574933027],[117.9765936211176,-8.2311132818524495],[117.97713723064186,-8.2323684507551036],[117.97786322412217,-8.2345206679870699],[117.97849957837624,-8.2368526001509696],[117.9790886107257,-8.2387019680741194],[117.98013289646509,-8.2416053261691946],[117.98104065902986,-8.2443853335085073],[117.98104176516513,-8.2448340769774031],[117.98356809077603,-8.2463536239112436],[117.98644868977851,-8.248200416316724],[117.98664591125983,-8.2482817099572436],[117.98665940286122,-8.2482874306380065],[117.98900707111945,-8.2449493531751425],[117.9901982208435,-8.2432556693371879],[117.9936247938266,-8.2387326893539505],[117.99748582281131,-8.2348670640585642],[117.99871836409248,-8.2338338436082577],[118.00420469014257,-8.2294898950197251],[118.00553266413473,-8.2284421544886737],[118.0072360072386,-8.2272573902592079],[118.01009347630725,-8.2254681909179652],[118.01376968634808,-8.2228826160778858],[118.01826684187705,-8.2196395001712776],[118.02276438116768,-8.216575882216052],[118.02654100305595,-8.2135140619408453],[118.03013920675292,-8.2111708336599509],[118.03409731947829,-8.2086471127174008],[118.03733594732911,-8.2066638345818497],[118.03763151383767,-8.2063431570750076],[118.0376954310837,-8.2063038272646462],[118.03819894691455,-8.2057275115093482],[118.0395179735666,-8.2042964032229833],[118.04049499409497,-8.2034170444769359],[118.04140301214322,-8.2025378567259466],[118.04210791036499,-8.2018627707516938],[118.04282861012794,-8.2010323218709278],[118.04343817830224,-8.200093951641815],[118.04571867878107,-8.1964319532214169],[118.04662232982628,-8.1937751370920768],[118.04726787166491,-8.1926533252055176],[118.04762352721727,-8.1918437852931767],[118.04815798787459,-8.190875404017202],[118.0485856201182,-8.1888575863423245],[118.04889488023605,-8.1883257776248666],[118.04910204336325,-8.1880133576822356],[118.04958057136359,-8.1877606553103135],[118.04977531726462,-8.1876192036063031],[118.04990131000362,-8.1875510296827123],[118.05057861924456,-8.187067672004039],[118.05091448760622,-8.1869210936712644],[118.05112327749046,-8.1868467122619499],[118.05151223423613,-8.1866887255490255],[118.05190223065254,-8.1864012817933283],[118.05197623418455,-8.1863490842054212],[118.05197796386948,-8.1863454639085109],[118.05197958645122,-8.1863442676823492],[118.05246380972773,-8.1853813169183507],[118.0525534802896,-8.1850743542226603],[118.05294040471058,-8.1844914548711607],[118.05294795492941,-8.1844717020905531],[118.05297649625169,-8.1844302712931594],[118.05327102808086,-8.1836431106570764],[118.05348819810455,-8.1835751629365454],[118.05379246474526,-8.1835044953779086],[118.05469291917767,-8.1823917238489248],[118.05538137959647,-8.1818642864437443],[118.05541166389909,-8.181778243291598],[118.05561563977007,-8.1813422558087865],[118.05625293921227,-8.1807562961248763],[118.05668204533555,-8.1800920735025002],[118.05713391726364,-8.1794014070059582],[118.05743908601964,-8.179193090747523],[118.0577061364006,-8.1788645492453913],[118.05806580425219,-8.1785480821766079],[118.05841069212269,-8.1780904136494748],[118.0585043541786,-8.1780107694360442],[118.05866177877661,-8.1779399416000285],[118.05911282085226,-8.1775976662206808],[118.05966708220723,-8.1772580709176435],[118.05990833224894,-8.1768169142760687],[118.06118660698255,-8.1757299403991563],[118.06118899173636,-8.1757255722295419],[118.06122986688356,-8.1757324532260327],[118.06136414956154,-8.1755408631315341],[118.06151528688808,-8.1752133068271053],[118.06169559570596,-8.1749226339186691],[118.06183217860779,-8.1741468474480978],[118.06197710703785,-8.1736389632407569],[118.06202558897236,-8.1730489769317156],[118.06205264272209,-8.17292689722143],[118.06216580903767,-8.1726935449122298],[118.06237249658521,-8.1724111664647303],[118.06250926581146,-8.1722961106100254],[118.06256912905339,-8.1718078916018033],[118.06275949429075,-8.1708368553853497],[118.06282589791965,-8.1706748299555922],[118.06283307864705,-8.1704615080282146],[118.06298972595809,-8.1696624573993031],[118.06322643584234,-8.1692793196296503],[118.06335246242612,-8.169115233729741],[118.06339923476723,-8.1689996273990975],[118.06382420088988,-8.168311774330439],[118.06393450190274,-8.1682150095752721],[118.0641266252895,-8.1678222673206395],[118.06568592455673,-8.1652983516787305],[118.06592222218381,-8.1649498153054498],[118.0661082795615,-8.1646147130114297],[118.06649291393181,-8.163992128861425],[118.06676558187682,-8.1636285023655919],[118.06680798153684,-8.1634821442809606],[118.06683130445167,-8.1634443930028784],[118.06693416043196,-8.1630465926173876],[118.06694401988086,-8.163012560418732],[118.06691931321772,-8.1629246023952255],[118.06680132832867,-8.1624084213062869],[118.0666587839393,-8.1618256797133455],[118.06672653935267,-8.1614718052241741],[118.06682100303019,-8.1611633081325632],[118.06679345671694,-8.161122302081159],[118.06679653369841,-8.1611062327935091],[118.0667317903181,-8.1610305027179564],[118.06642512635078,-8.1605739847840919],[118.06625319892281,-8.1601452259635181],[118.0668652603065,-8.1592407812211274],[118.06743782236829,-8.1583994781934539],[118.06811129059736,-8.1573694097810616],[118.06817412051136,-8.1569594819555107],[118.0683822975145,-8.1560616342805936],[118.06854781616197,-8.1553482421973644],[118.06857548698225,-8.1546678559133827],[118.06861876481551,-8.1543936083608095],[118.06860303718835,-8.1539823591900848],[118.0686154923891,-8.1536708087514125],[118.06858947001743,-8.1536275902120341],[118.0685833974885,-8.1534687995966362],[118.06811163324156,-8.1524975911200865],[118.06817512401116,-8.1514962927495525],[118.06821519410852,-8.1510340937658352],[118.06826458920111,-8.1504932166297746],[118.06830231533644,-8.1500715751618458],[118.06834506431247,-8.1496684235166139],[118.06839634464079,-8.1492778087564428],[118.06814315168933,-8.1483647932237027],[118.06803675485664,-8.1480107658988086],[118.06801385829277,-8.1476075844814471],[118.06816064788492,-8.1471049230289285],[118.06823998813894,-8.1468836089529706],[118.06837135426336,-8.1464296175105027],[118.06837577258365,-8.1462790382455932],[118.06838616355083,-8.1458397850489934],[118.06840814624523,-8.145441783432231],[118.06838290591423,-8.1451685184919658],[118.06835394413955,-8.1449136379749394],[118.06835783808506,-8.144283870711547],[118.06837021617419,-8.1439747450425681],[118.06837402093366,-8.1439566127175826],[118.06842612656494,-8.1437335190553437],[118.06847909746949,-8.1434260057841019],[118.06853776051339,-8.1432114649226452],[118.06868589275902,-8.142757082972798],[118.06872185135806,-8.1426139533811011],[118.06876651710665,-8.1424877601168184],[118.06882619192591,-8.142302318265159],[118.06886873230634,-8.1421279859202027],[118.06893542983366,-8.1418982770417738],[118.06899750571246,-8.1416353591135113],[118.06906313436413,-8.1413921160283227],[118.06910495789582,-8.1411159197102467],[118.06919032610941,-8.1406892807535911],[118.06928253455307,-8.1401701383326959],[118.06942312334056,-8.1393476739215753],[118.069531276212,-8.1390512967424051],[118.06962780603452,-8.1387538431825845],[118.06979433024387,-8.138341477966188],[118.06994760514532,-8.1379743312909874],[118.07014053027837,-8.1375046020042259],[118.07026938471107,-8.1371952499765268],[118.07091951644585,-8.135778735253071],[118.0710228953493,-8.1351780870996357],[118.07110482871336,-8.1347412654455322],[118.07123238998577,-8.1344201902793447],[118.07127365773434,-8.1343150430352988],[118.07216539750691,-8.1322921724332602],[118.07253583553806,-8.13080519657648],[118.07257215461442,-8.1307919589601969],[118.07251680685057,-8.1307917830335334],[118.07049377441746,-8.1296676413631825],[118.07008368972484,-8.1293922711587214],[118.07005874032747,-8.1293755177507308],[118.06831105034691,-8.1288699178133825],[118.0681027350324,-8.1288096525023157],[118.06716326971693,-8.128397858942769],[118.0670592590169,-8.128371413278165],[118.06615604061204,-8.1281417591829008],[118.06594432217564,-8.128087926444536],[118.06491030786253,-8.1277547239761727],[118.06488141133765,-8.1277454119905972],[118.06483772597652,-8.1277196542526724],[118.06380030042969,-8.1271079814053486],[118.06267913071733,-8.1268090377478366],[118.06264933030926,-8.1268010917843636],[118.06260776758711,-8.1267900093450205],[118.06165659865837,-8.1270799732397254],[118.06149611002925,-8.1271288978546217],[118.06118403146654,-8.1270968898519769],[118.06028775835388,-8.1270049638311459],[118.06000028535006,-8.1269871567514738],[118.0596666561766,-8.1269664897371854],[118.05887323358233,-8.1269173401671466],[118.05880039111111,-8.1269128278431104],[118.05863018887518,-8.126893107323351],[118.05815564409082,-8.1268381247884793],[118.05800001661052,-8.1268200925753256],[118.05609183614271,-8.1263018543229411],[118.05597069343143,-8.1262689529247609],[118.05586581986816,-8.1262526574728611],[118.05586025050609,-8.1262517910445329],[118.05541339435241,-8.1261823551059518],[118.05497332053953,-8.1261104492312626],[118.05441240331632,-8.1259415045401173],[118.05376719213331,-8.1257558035953412],[118.05153187025488,-8.1251640227496811],[118.05089603855856,-8.1250192693575585],[118.05078900520412,-8.1249949017907745],[118.05043666327178,-8.124914686873101],[118.04973384721498,-8.1246835947493317],[118.04926112420948,-8.1245281581358739],[118.04907821898252,-8.1244680167540082],[118.04825231615379,-8.1240649802219718],[118.04792188001305,-8.1239037280114772],[118.04731646277483,-8.1236580835926357],[118.04714724500457,-8.1235894236143427],[118.04694757239264,-8.1235084081834685],[118.0467667627811,-8.1234350460178675],[118.04624716798378,-8.1233193942300392],[118.04520983428633,-8.1230885016168344],[118.04498304243333,-8.1229957152456667],[118.04424843689318,-8.1226951674340597],[118.04344414858721,-8.1223661082219039],[118.04297686020655,-8.1222898900745655],[118.04250610863505,-8.1222010095225201],[118.04217381061245,-8.1222071994432543],[118.04213786057414,-8.1222078694318274],[118.04198664588239,-8.1222106868183825],[118.04061934202196,-8.1220915366391822],[118.04028433441873,-8.1220623425337859],[118.03955324896027,-8.1217109589080465],[118.03941823443543,-8.12162517900172],[118.03836880903016,-8.1209584327306086],[118.03815969343164,-8.1208627509345526],[118.03738910919347,-8.1205101640217023],[118.0371069439617,-8.1203810564365728],[118.03592120248507,-8.1200450419682948],[118.03494590658364,-8.1200269568650629],[118.03355671408552,-8.119786396242116],[118.03329346176385,-8.1197362631283916],[118.03232481643805,-8.1195517942837263],[118.03228657545584,-8.1195445112966542],[118.03224309978013,-8.1195362322612752],[118.03146919247214,-8.1191759604507574],[118.03063258578139,-8.1190726182298114],[118.03013495942662,-8.1190111471511095],[118.02849244629478,-8.1186684865974801],[118.02763250630551,-8.1184227605659505],[118.02698910348748,-8.1181917157516192],[118.02662492833487,-8.1180609413494125],[118.02552453200082,-8.1176980264532208],[118.02488348700952,-8.1174264354974834],[118.02464808585268,-8.1173267026489864],[118.02314747845197,-8.1165741845048078],[118.02299066783509,-8.1164955474538427],[118.02287477407624,-8.1164280484768145],[118.0218277872263,-8.1158182596221415],[118.02064473050451,-8.1156066548532433],[118.01998744245428,-8.1156125659808769],[118.01961602755694,-8.1156159063448161],[118.01896691743971,-8.1155627788481617],[118.01858551750674,-8.1155315621479449],[118.01796191412112,-8.1154796797107718],[118.01776710320202,-8.1154634711737348],[118.0163434821859,-8.1153034535755442],[118.01628565778604,-8.1152934585083756],[118.01520347494775,-8.1151064054531723],[118.01506600975519,-8.1150826445859661],[118.01414854291801,-8.1148084239741305],[118.01404068498096,-8.1147725612206205],[118.01328451903319,-8.1145211350685962],[118.01302973795863,-8.1144873676724707],[118.01258582463653,-8.1144285333389732],[118.01201421196116,-8.1143194798833296],[118.01172352408427,-8.1143208993585194],[118.01103318178389,-8.1143242686609405],[118.01043712758485,-8.1143422976920991],[118.00976626670302,-8.1142958284974558]]]},"properties":{"FID":3,"Nama":"TN Tambora","NAME":"Resort Kawinda Toi","Ar_Ha":9447.1261995000004,"SK_Ha":71645.639999999999,"TN_Ha":78686.830000000002,"Konv_Ha":8601.7622354800005,"Kode":3}},{"type":"Feature","id":4,"geometry":{"type":"Polygon","coordinates":[[[118.151332614279,-8.2111262044273818],[118.15213117923612,-8.2107266540205615],[118.15322543871821,-8.2107808583156778],[118.1525043711589,-8.2101442482747231],[118.15214632424238,-8.2097420787705513],[118.15131252210665,-8.2090327923828568],[118.15131247296937,-8.2090327509223417],[118.15067003212506,-8.2085070056448828],[118.14971859962303,-8.2079845722066125],[118.14921339146987,-8.2076344843258706],[118.14917559291302,-8.2076153960023337],[118.14899212268961,-8.2075227430234392],[118.14860095161418,-8.2073252010074444],[118.14787949935747,-8.2071323928338451],[118.14729575875708,-8.2066967526759615],[118.14728975211891,-8.2066922696327609],[118.14715623764278,-8.2065776446084424],[118.14652355295449,-8.2060344680145416],[118.14644268002007,-8.2059843717082082],[118.14585473931504,-8.2056201754577955],[118.14579571086961,-8.2055836104782429],[118.14491335201625,-8.2049664342755406],[118.14467599481999,-8.204840272319986],[118.14416515992842,-8.2045687475774063],[118.14378917896953,-8.2041483223885123],[118.14339286239283,-8.2037051561100025],[118.14286386805166,-8.2029024705113827],[118.14266862912974,-8.2026637162580229],[118.14248397337953,-8.2024379041988524],[118.14199565256922,-8.2020499465722239],[118.14140002647389,-8.2013204480898576],[118.14128314223818,-8.201088718695809],[118.14104604674854,-8.2006186618097612],[118.14034447382916,-8.1994674794419122],[118.14001276888439,-8.1989495964217518],[118.13960086652774,-8.1984018972718182],[118.13926642572244,-8.1982150047791205],[118.1388370767138,-8.1979750734961936],[118.13880064552916,-8.1977827074870238],[118.13864469200826,-8.1969592367795574],[118.13841372810121,-8.1959360647767845],[118.13797079458914,-8.1951771436566219],[118.13759414435981,-8.1944580100554276],[118.13755305091854,-8.1943795502491543],[118.1375015569937,-8.1942039573671153],[118.13730751577704,-8.1935422841897303],[118.13685682573099,-8.1925016340251773],[118.13654063344781,-8.1917008415102259],[118.13626934606509,-8.191111700558281],[118.13588410201577,-8.1903118440570761],[118.13586162026139,-8.1902651664976798],[118.13587015605763,-8.1900063798954577],[118.13588756453953,-8.1894785944353501],[118.13556383807986,-8.188589428905054],[118.13533882954631,-8.1879680684425082],[118.13502829073138,-8.187090313502047],[118.13481767001463,-8.1866965334766597],[118.13470332227904,-8.1864316294360631],[118.13441521574271,-8.1858493877757059],[118.1342079720672,-8.1855406136227806],[118.13398602024813,-8.1852099241726179],[118.13352763995294,-8.1847167161562915],[118.13320573221904,-8.1840823584019518],[118.13289872768985,-8.1833926268743156],[118.13274461383776,-8.1830463862154463],[118.13273434741926,-8.1830433202268953],[118.13233589218316,-8.1829243198299011],[118.13192782170107,-8.1827068005283685],[118.13181221380387,-8.1826451764360364],[118.13164387004487,-8.1826477823745432],[118.13139763846719,-8.1826515930621362],[118.13031922850804,-8.182634653166188],[118.12994244418563,-8.182628733567924],[118.12951389692648,-8.1826926424475399],[118.12905496828544,-8.1823854502551399],[118.12882106528231,-8.1822849401912148],[118.12847083378313,-8.1819458273296863],[118.12788464964272,-8.1816516330988041],[118.12727026679612,-8.1810481830213959],[118.12712013541717,-8.1806503145210154],[118.12679049249834,-8.1802305613393802],[118.12659047441743,-8.1799582318451574],[118.1259360014618,-8.1793732859048234],[118.12530393086536,-8.1787394271335039],[118.12529896005367,-8.1787344424707857],[118.12522031065033,-8.1785069125783085],[118.12507460373617,-8.1780853909908089],[118.12506420911949,-8.1780553194746499],[118.12490430025103,-8.1773126099612909],[118.12463927820875,-8.1755485750965153],[118.12463302758829,-8.1755069675199454],[118.12459743701082,-8.1746769629284532],[118.12493647289523,-8.1737808561999916],[118.12494455529338,-8.1737470316358625],[118.12515358215887,-8.1728722635602935],[118.12517484020258,-8.1720147054312005],[118.12517799776857,-8.1718873274818353],[118.12518691017715,-8.1714966696051174],[118.12519717342218,-8.1710467973455803],[118.12479024562937,-8.1703254392091367],[118.12469074639203,-8.1702224365868137],[118.12433700764404,-8.169856240756987],[118.12433546106809,-8.1698559429920667],[118.12359219141204,-8.1697129307991059],[118.12322457522146,-8.1696103710680763],[118.12262240894961,-8.1694423733364321],[118.12231566827882,-8.1692453920061894],[118.12162882010567,-8.1688043119934903],[118.12162004049662,-8.1687692581223192],[118.12151973829522,-8.1683687834026912],[118.12153666635653,-8.1679185584475178],[118.12153764987717,-8.1678924109835922],[118.12154135577157,-8.1677938675443293],[118.12154346470572,-8.1677377774420776],[118.12152860976721,-8.1675685972434238],[118.12144293130815,-8.1665928026588936],[118.1213969593756,-8.1658937261841569],[118.12138454853323,-8.1647702764118399],[118.12105955507877,-8.1638587005074967],[118.12034914783692,-8.1632425685229428],[118.12016202322592,-8.1631477744039653],[118.11972391486506,-8.1629258363873838],[118.11899288042048,-8.1624756754790084],[118.11825915616474,-8.1620407873205654],[118.11823233447284,-8.1620150268124192],[118.11756477104392,-8.1613738765639763],[118.11748069872773,-8.1612931310782031],[118.11679159322354,-8.160607926497228],[118.11652905015319,-8.1600913896986622],[118.11640936782851,-8.159855919940016],[118.11543946799644,-8.1589568860820876],[118.11444844807293,-8.1581744461911452],[118.11365473591842,-8.1572585257835595],[118.11321422677372,-8.1565407422882537],[118.11271111947121,-8.1553071066846794],[118.11239707145434,-8.1542336783006721],[118.11193848350818,-8.1537180991580858],[118.11132232060402,-8.153407725619676],[118.11121529798358,-8.1533538165324995],[118.11078548373553,-8.153031785568146],[118.10954319378959,-8.1511533353793819],[118.10939507192461,-8.1509293609463533],[118.10911302794796,-8.1506466448494184],[118.10898471200949,-8.1505180232332961],[118.10840228194672,-8.14993420338606],[118.1082933292671,-8.1498394312581492],[118.1077873657065,-8.149399317958677],[118.10726996077358,-8.1489492506902348],[118.10721340808868,-8.1489000581727904],[118.10688171154401,-8.148118063872456],[118.10652867249939,-8.1472972206344672],[118.10652648114035,-8.1472921258750315],[118.10599060539688,-8.1465406857311056],[118.10548986399351,-8.1461162111216883],[118.10509025567467,-8.1456648677465733],[118.10476747385599,-8.1453002967813326],[118.10481185783475,-8.145226186271433],[118.10521728488847,-8.1445492179914201],[118.10506645437205,-8.1442375294913649],[118.10426077789305,-8.1425725985928921],[118.10417265855777,-8.142436709098547],[118.10378101682988,-8.1418327583687571],[118.10314011980368,-8.1415330863194466],[118.10255229159429,-8.1413172431818452],[118.10216632991944,-8.1411755227869662],[118.10147579215163,-8.1411393592449599],[118.10129193225691,-8.1411297307013246],[118.1012309590933,-8.1411265371995576],[118.09987400350883,-8.1413820705844824],[118.09915358068973,-8.141374943493128],[118.09860642179397,-8.1413695303828604],[118.0984995525222,-8.1413298781541314],[118.09625153249247,-8.1404957771351327],[118.0962201641172,-8.1404841382318374],[118.0961452169031,-8.1404563307389051],[118.09545263250881,-8.1406691840661036],[118.09525563613408,-8.14076583947997],[118.09517045146924,-8.1408076350129424],[118.09440861425936,-8.1411814269719702],[118.09437151459042,-8.141199630149579],[118.09433485810405,-8.1411791531888404],[118.09283487561595,-8.1403412181368839],[118.09244348635595,-8.1401225750859663],[118.09178265478444,-8.1395903289059177],[118.09099764981124,-8.1389580701625164],[118.09097204427951,-8.1389277478040221],[118.09003397597802,-8.1378168546701222],[118.0897776546184,-8.1375133080224504],[118.08891788156757,-8.1369159029454163],[118.08874101503091,-8.1368496971679196],[118.08775094328098,-8.1364790872918249],[118.087220395592,-8.1359969364640339],[118.0871542442851,-8.1359368194922528],[118.0862287782668,-8.1353221748778477],[118.08452401055526,-8.1345003710787829],[118.08405221197519,-8.1342729326591368],[118.08362629792998,-8.1338910401792575],[118.08335019651211,-8.1336294119153596],[118.08296738248008,-8.1330977265499147],[118.08229536495048,-8.1325314482726885],[118.0821974062427,-8.1324586305119517],[118.08209011622478,-8.1323788764501064],[118.08154554764326,-8.1319740686986997],[118.08101192589436,-8.1318048708152517],[118.08089850481929,-8.1317689080752835],[118.08049501463437,-8.1316409709099826],[118.08047093711969,-8.1316361557102912],[118.0784293542041,-8.131227869641922],[118.07821980703523,-8.1311859624079847],[118.07772574837792,-8.1310478701349247],[118.07722297339556,-8.1309073412656492],[118.07621637248907,-8.1306259876639029],[118.07495466490288,-8.1307827270345552],[118.07482276474002,-8.1307991125685177],[118.07479805915898,-8.1307990340945917],[118.07257215461448,-8.1307919589601791],[118.07253583553813,-8.1308051965764943],[118.07216539750699,-8.1322921724332602],[118.07127365773431,-8.1343150430353166],[118.07123238998577,-8.1344201902792932],[118.07110482871349,-8.1347412654454825],[118.07102289534943,-8.1351780870996357],[118.07091951644588,-8.1357787352530373],[118.0702693847111,-8.137195249976509],[118.07014053027841,-8.1375046020041903],[118.06994760514533,-8.1379743312909891],[118.06979433024389,-8.138341477966204],[118.06962780603452,-8.1387538431824833],[118.06953127621205,-8.1390512967424229],[118.0694231233407,-8.1393476739215753],[118.06928253455304,-8.1401701383326266],[118.06919032610938,-8.1406892807535733],[118.0691049578959,-8.1411159197102805],[118.06906313436423,-8.1413921160282712],[118.06899750571256,-8.1416353591134794],[118.06893542983369,-8.1418982770417223],[118.06886873230644,-8.1421279859201316],[118.06882619192596,-8.1423023182651413],[118.06876651710672,-8.1424877601168006],[118.06872185135806,-8.1426139533811011],[118.06868589275915,-8.1427570829727127],[118.06853776051355,-8.1432114649226772],[118.06847909746968,-8.1434260057840859],[118.06842612656497,-8.1437335190552744],[118.06837402093379,-8.1439566127175986],[118.06837021617423,-8.1439747450425521],[118.06835783808503,-8.144283870711547],[118.06835394413963,-8.1449136379748683],[118.06838290591418,-8.145168518491916],[118.06840814624523,-8.1454417834321973],[118.06838616355083,-8.1458397850490254],[118.06837577258375,-8.1462790382455594],[118.06837135426349,-8.1464296175104689],[118.0682399881389,-8.1468836089529209],[118.06816064788495,-8.1471049230289108],[118.06801385829272,-8.1476075844814133],[118.06803675485662,-8.1480107658987428],[118.06814315168947,-8.1483647932236671],[118.06839634464076,-8.1492778087564428],[118.06834506431245,-8.1496684235165819],[118.06830231533648,-8.150071575161796],[118.06826458920125,-8.1504932166297905],[118.06821519410846,-8.1510340937657517],[118.06817512401119,-8.1514962927495187],[118.06811163324177,-8.1524975911201008],[118.06858339748862,-8.1534687995965704],[118.06858947001741,-8.1536275902119488],[118.0686154923892,-8.1536708087513787],[118.06860303718837,-8.1539823591900848],[118.06861876481561,-8.1543936083608095],[118.06857548698223,-8.1546678559133667],[118.06854781616209,-8.1553482421973147],[118.06838229751463,-8.1560616342806096],[118.06817412051133,-8.1569594819554787],[118.06811129059736,-8.1573694097809781],[118.06743782236833,-8.1583994781933509],[118.0668652603066,-8.1592407812211096],[118.06625319892294,-8.1601452259635021],[118.06642512635074,-8.1605739847840422],[118.06673179031804,-8.1610305027178889],[118.06679653369848,-8.1611062327934238],[118.06679345671694,-8.1611223020811412],[118.06682100303034,-8.161163308132581],[118.06672653935277,-8.1614718052240889],[118.06665878393937,-8.1618256797132762],[118.06680132832879,-8.1624084213062869],[118.06691931321768,-8.1629246023952096],[118.06694401988092,-8.163012560418732],[118.06693416043196,-8.1630465926173699],[118.06683130445175,-8.1634443930028127],[118.06680798153697,-8.1634821442809251],[118.06676558187677,-8.1636285023654906],[118.06649291393182,-8.163992128861425],[118.0661082795616,-8.164614713011364],[118.065922222184,-8.1649498153054818],[118.06568592455676,-8.1652983516786986],[118.06412662528966,-8.1678222673206236],[118.06393450190274,-8.1682150095752544],[118.06382420089005,-8.168311774330391],[118.06339923476732,-8.1689996273990459],[118.06335246242622,-8.1691152337296575],[118.06322643584237,-8.1692793196296503],[118.06298972595825,-8.1696624573992871],[118.06283307864705,-8.1704615080282146],[118.06282589791975,-8.1706748299555407],[118.06275949429084,-8.1708368553853479],[118.06256912905349,-8.1718078916018175],[118.0625092658115,-8.1722961106099739],[118.06237249658534,-8.1724111664647143],[118.06216580903777,-8.1726935449122458],[118.06205264272226,-8.1729268972213767],[118.06202558897247,-8.1730489769316783],[118.06197710703795,-8.1736389632407569],[118.06183217860782,-8.1741468474480641],[118.06169559570596,-8.1749226339185856],[118.06151528688817,-8.1752133068271213],[118.06136414956164,-8.1755408631315163],[118.06122986688355,-8.1757324532260327],[118.06118899173633,-8.1757255722294531],[118.06118660698257,-8.1757299403990871],[118.05990833224894,-8.1768169142760545],[118.05966708220728,-8.1772580709176257],[118.05911282085242,-8.1775976662206631],[118.05866177877658,-8.1779399416000125],[118.05850435417858,-8.1780107694359589],[118.05841069212272,-8.1780904136493913],[118.05806580425225,-8.1785480821765741],[118.0577061364006,-8.1788645492453576],[118.05743908601961,-8.1791930907474413],[118.05713391726374,-8.1794014070059085],[118.05668204533572,-8.1800920735024665],[118.0562529392123,-8.1807562961247928],[118.05561563977005,-8.1813422558087687],[118.05541166389925,-8.181778243291598],[118.0553813795965,-8.181864286443675],[118.0546929191777,-8.1823917238488733],[118.05379246474523,-8.1835044953779086],[118.05348819810457,-8.1835751629365614],[118.05327102808099,-8.1836431106571084],[118.05297649625163,-8.1844302712931434],[118.05294795492944,-8.1844717020905531],[118.05294040471063,-8.184491454871079],[118.05255348028959,-8.1850743542226425],[118.05246380972767,-8.1853813169183169],[118.05197958645122,-8.1863442676822817],[118.0519779638695,-8.1863454639084772],[118.05197623418451,-8.1863490842053537],[118.05190223065267,-8.1864012817932768],[118.05151223423616,-8.186688725548942],[118.05112327749045,-8.186846712261918],[118.05091448760616,-8.1869210936712804],[118.05057861924466,-8.1870676720040549],[118.04990131000375,-8.1875510296827123],[118.04977531726466,-8.1876192036062836],[118.04958057136368,-8.18776065531023],[118.04910204336329,-8.1880133576821681],[118.04889488023615,-8.1883257776248666],[118.04858562011815,-8.1888575863422925],[118.04815798787456,-8.1908754040172198],[118.04762352721743,-8.1918437852930932],[118.04726787166487,-8.1926533252055354],[118.04662232982628,-8.1937751370920111],[118.0457186787812,-8.1964319532214009],[118.04343817830227,-8.2000939516417475],[118.04282861012804,-8.20103232187091],[118.04210791036508,-8.201862770751692],[118.04140301214329,-8.2025378567259466],[118.04049499409497,-8.2034170444769696],[118.03951797356673,-8.2042964032229335],[118.03819894691469,-8.2057275115093322],[118.03769543108376,-8.2063038272645947],[118.03763151383782,-8.2063431570749721],[118.03733594732911,-8.2066638345818337],[118.03409731947829,-8.2086471127174168],[118.03013920675289,-8.2111708336599367],[118.02654100305608,-8.2135140619407778],[118.0227643811678,-8.2165758822159827],[118.01826684187709,-8.2196395001712936],[118.01376968634825,-8.2228826160778663],[118.01009347630738,-8.2254681909179812],[118.00723600723872,-8.2272573902591883],[118.00553266413476,-8.2284421544886737],[118.00420469014273,-8.2294898950196931],[117.9987183640925,-8.2338338436081919],[117.99748582281143,-8.2348670640585642],[117.99362479382673,-8.2387326893538653],[117.99019822084347,-8.2432556693372039],[117.98900707111954,-8.2449493531751088],[117.98665940286141,-8.2482874306380243],[117.9879083431432,-8.2488170132304468],[117.98844948212559,-8.2490848853655034],[117.98890076582234,-8.2494427134676087],[117.98962273243181,-8.2499793428140649],[117.99025484599338,-8.2506059285983682],[117.99051711738356,-8.2505371627107138],[117.9905904704716,-8.2505900306995237],[118.00429562627187,-8.2536081384192865],[118.00452668014533,-8.2534214433075004],[118.0047645013907,-8.2533515944414724],[118.00510562351998,-8.2529536458671426],[118.00556624087655,-8.2525814568494962],[118.00646477939118,-8.2516368412699439],[118.00727390315035,-8.2509616942639408],[118.00823275848256,-8.2501216319223438],[118.00997164749981,-8.2489804390366483],[118.01086982517961,-8.2479011934975119],[118.01383734333318,-8.245739739406762],[118.01741584311104,-8.2436327365197695],[118.01876828798061,-8.2433943983830815],[118.01979061409259,-8.2431763907058606],[118.02131247690362,-8.2429500545805983],[118.02184342169598,-8.2428057465395455],[118.0219304979978,-8.2427910605444481],[118.02290789505923,-8.242567147275615],[118.02363680650866,-8.2424535151116629],[118.02418716249451,-8.2423422006696629],[118.02445859081435,-8.2422118900455015],[118.02589312504212,-8.2418832396822328],[118.03126766077673,-8.2394551946270038],[118.03646610080737,-8.2426648460919356],[118.03967236199833,-8.244726797250328],[118.04582928570414,-8.2485473816150883],[118.04991660699602,-8.251208454068431],[118.05317238761097,-8.2529984317856737],[118.05473047222404,-8.2539407365662765],[118.05542728229138,-8.254370896006149],[118.05546736326185,-8.2543863930380876],[118.05577313411642,-8.2545713157918996],[118.05923590981638,-8.2558434310221251],[118.06219286783562,-8.2569866499030091],[118.06719463252976,-8.2590868543117093],[118.07285368713156,-8.2613083473219646],[118.07475647539968,-8.2618436589214621],[118.0793897762976,-8.2636347273216408],[118.08008287798022,-8.2640006935663468],[118.08327437743263,-8.2659901382130609],[118.08532030662523,-8.2674438199599027],[118.08986188878681,-8.2683921292208424],[118.09402324018255,-8.2694045542031613],[118.09526514051991,-8.2697668357328151],[118.09788207380905,-8.2708846489967502],[118.0998861596663,-8.2716327850259237],[118.10160473747101,-8.2723749050428594],[118.10257088811602,-8.2728953337713076],[118.10347367411805,-8.2731602525944865],[118.10768394078148,-8.2748094625013024],[118.11154408184575,-8.2744056816746934],[118.11317448059241,-8.2743568126093674],[118.11461396100208,-8.275230868147279],[118.11462032849532,-8.275219700309032],[118.1146272095642,-8.2752242518411663],[118.11477343188223,-8.2749511622185477],[118.11479223528829,-8.2749181804552379],[118.11479297893595,-8.2749146558285247],[118.11481308593841,-8.2748771015104623],[118.11491536523772,-8.2743342355123612],[118.11495593214227,-8.2741418434412726],[118.11516056960441,-8.2733753177325244],[118.11571400202162,-8.272527941185448],[118.11615550267811,-8.2717789781551154],[118.11643879578604,-8.2714359615187014],[118.1164058462905,-8.2709310011234649],[118.11668827563118,-8.2703704053216214],[118.11675994694734,-8.269741383252434],[118.1171626386009,-8.2690396406948725],[118.11783738688939,-8.2683721794329621],[118.11859934921232,-8.2675786437729979],[118.11965215610735,-8.2663876034359376],[118.12006186475162,-8.2656594559313117],[118.12022435781682,-8.2654188834744069],[118.12072642320946,-8.2642840672256117],[118.12079518344979,-8.2640594634955242],[118.12135304642038,-8.2629426567514717],[118.12204601128225,-8.2619236300328183],[118.12183292060274,-8.2612794359353643],[118.1218619550242,-8.2607538883104876],[118.12186710498246,-8.2607119732093093],[118.12190343464658,-8.2602030085805609],[118.12174076692668,-8.2597956277150502],[118.12155803265637,-8.2591990078768163],[118.12157243637921,-8.2585663017951596],[118.12160260503913,-8.2581705723871419],[118.12162871864086,-8.2579859430877569],[118.12176513399709,-8.2573840790093325],[118.12257928266673,-8.2563462122079692],[118.12285664239344,-8.2560479662498079],[118.12281970200081,-8.2553413982275341],[118.12278243451271,-8.2545266369023675],[118.12274933027777,-8.2538907341545347],[118.12293390144703,-8.2534349274628713],[118.12294158554903,-8.2534069896306619],[118.12296116868971,-8.2533815751165225],[118.12303791581871,-8.2530567675107118],[118.12321222440254,-8.2524230417125715],[118.12359370159186,-8.251360292134736],[118.12355208029338,-8.250500328793013],[118.12354931616426,-8.2503021469706184],[118.12367465717433,-8.2490655898546379],[118.12377228783306,-8.2479787205049959],[118.12448057655091,-8.2465527314334359],[118.12456796223819,-8.2464166915242387],[118.12492272847295,-8.2457365088774335],[118.12491603096089,-8.245502882973831],[118.12489624057423,-8.2448124924442769],[118.12494993838936,-8.244154317642602],[118.12533507793933,-8.2438301125684568],[118.125509824338,-8.243683012894115],[118.12595248971525,-8.2429161256771994],[118.12605495199796,-8.2427061765509411],[118.12620070154163,-8.2424075303920343],[118.12677638411378,-8.2413600935006421],[118.12691703240715,-8.2411800559444348],[118.12728003308872,-8.2407153970647826],[118.1276348075446,-8.2402659202218107],[118.12838881416995,-8.2397763420710888],[118.12899656156185,-8.2393930304854202],[118.12912695027397,-8.2393107932334733],[118.12915708667585,-8.2392917870948814],[118.12936993206654,-8.239165356063614],[118.12968944004535,-8.2389755662226243],[118.13020626718253,-8.2382111802531863],[118.13069162032548,-8.2375842570583071],[118.13095830796919,-8.2373569869192274],[118.13112791035689,-8.2372124520405787],[118.13113700366524,-8.2372047021498229],[118.13189590086529,-8.2361875371047422],[118.13203015350292,-8.2360075958770338],[118.13221508185734,-8.2358053943157792],[118.13263161297141,-8.2353499566174762],[118.13292767302504,-8.2349136614172327],[118.13313026824416,-8.2346151019827438],[118.13388301730437,-8.2340691884876946],[118.13389605366422,-8.2340597335224253],[118.1342792632089,-8.2329635818462705],[118.13444083767592,-8.2325014054705985],[118.13491716610611,-8.2319717488945727],[118.13503248237328,-8.2318435210489174],[118.13533595176115,-8.2313949078914579],[118.13581049008836,-8.2310244904868508],[118.13618714494329,-8.2306140144547673],[118.13642651255996,-8.2303531509007772],[118.13666035832989,-8.2300940754388954],[118.13709145536892,-8.2296164659439306],[118.13738645885191,-8.2291469837593318],[118.13774066568409,-8.2285832808015069],[118.13876678233282,-8.2274651338159472],[118.13879676757927,-8.2274324588602283],[118.1388820359597,-8.2273113920919538],[118.13918698410328,-8.2268784193262299],[118.14010916401276,-8.2259443909022156],[118.14019895266699,-8.2258630989858794],[118.14082862391241,-8.225293009130775],[118.14123363776741,-8.2248852210778427],[118.14154941193773,-8.224567284109412],[118.14227945732158,-8.2237466641057608],[118.14292378208154,-8.2230444864168746],[118.14325436027173,-8.2226711407389441],[118.14356296553899,-8.2223226091057917],[118.1443522339307,-8.2214545174966229],[118.14495353336018,-8.2205621847014143],[118.14501715843859,-8.2204677644564335],[118.14561148920507,-8.2195875667324021],[118.14601511280658,-8.219008090638793],[118.14624386402704,-8.2186796758199936],[118.14688704262471,-8.2180260625250501],[118.14759921538905,-8.2170904497886017],[118.14843899219943,-8.2158345292863189],[118.14849892861616,-8.2157448924759198],[118.14879539308299,-8.2152685644763395],[118.14938009750621,-8.2143291172809025],[118.14992873267352,-8.2132534297850821],[118.15022525765607,-8.2126397127114004],[118.15052429763352,-8.2120207891139732],[118.15063084385871,-8.2118623717993184],[118.15079422567261,-8.2116194495683814],[118.15102115775177,-8.2112820370251214],[118.15112721008758,-8.2112289755956436],[118.151332614279,-8.2111262044273818]]]},"properties":{"FID":4,"Nama":"TN Tambora","NAME":"Resort Oi Katupa","Ar_Ha":13496.8966378,"SK_Ha":71645.639999999999,"TN_Ha":78686.830000000002,"Konv_Ha":12289.1441634,"Kode":2}},{"type":"Feature","id":5,"geometry":{"type":"Polygon","coordinates":[[[118.14391954701144,-8.4033314809799347],[118.14460210397402,-8.4027720573327933],[118.14523769061127,-8.4021043769137549],[118.14590433103207,-8.4014211226630362],[118.146464779772,-8.4008154283374825],[118.14649335494538,-8.4007845461569577],[118.14649951186306,-8.4007809550929942],[118.14734713171926,-8.4002865564193652],[118.14795156649787,-8.3996034807507876],[118.14858723423445,-8.3989667659033174],[118.14923803950869,-8.3981906466119529],[118.14985774305525,-8.3974146164364551],[118.15057110553683,-8.3967621888414818],[118.15116066238882,-8.3963114193543706],[118.15163609530209,-8.395940057408847],[118.15207598172526,-8.3955964597387585],[118.15268464828335,-8.3952303648562054],[118.15292969360866,-8.3950829777269877],[118.15335154190656,-8.3947745362567776],[118.15350378874803,-8.3946632186627248],[118.15376040324783,-8.3945031723555079],[118.15420223156792,-8.3942276102701125],[118.15422426215024,-8.3941985148564786],[118.15488374968348,-8.3933275192302119],[118.15560437141141,-8.3925319933800591],[118.15564319475442,-8.3924891349542463],[118.15606092028543,-8.3917756285024545],[118.15694539503573,-8.3911536580910671],[118.15761195034561,-8.3904549037200056],[118.15799847935914,-8.3900386664953182],[118.15823194546296,-8.3897872550937098],[118.15889872472648,-8.3891659197829593],[118.15960008172702,-8.3884972083455818],[118.16018567527962,-8.3879388699347146],[118.16064952918654,-8.3870548956902589],[118.16077119690085,-8.386800554684033],[118.16102040836071,-8.3862795858765971],[118.16162479714106,-8.3855964949323418],[118.16218285872397,-8.3850219290151777],[118.1629276909385,-8.3845087497285835],[118.16345554195853,-8.3841279109153959],[118.16370348001732,-8.3839490265123278],[118.16384940079335,-8.3837662774496202],[118.16438509846343,-8.3830953759522657],[118.16450919373972,-8.3829212771028967],[118.16492705035374,-8.3823350425078686],[118.16499414566478,-8.381827310537453],[118.16503349497113,-8.381529542092137],[118.16590198917548,-8.3806327383347359],[118.16604107806894,-8.3804891151564131],[118.16614756740806,-8.3796990990251281],[118.16656470631919,-8.3787997741514602],[118.16686913670611,-8.3781025534158768],[118.16705889583309,-8.3776679569445847],[118.16732216058162,-8.3773110390635459],[118.16783305039796,-8.3765662794819775],[118.16820367640561,-8.3757135444682653],[118.16849166530282,-8.3750574602914707],[118.1686052125205,-8.3747987811156115],[118.16881998129269,-8.3738226317291033],[118.16915964483114,-8.3730164411606882],[118.16921888257933,-8.3720252676058919],[118.16993184386989,-8.3712644250289614],[118.17036474776036,-8.3704424743740127],[118.17051121944749,-8.370171256189197],[118.17076678359486,-8.3696980350833314],[118.17126201652746,-8.3689223514983873],[118.17138984815195,-8.3688500980008467],[118.1721157367277,-8.3684398053731499],[118.17240355895755,-8.3682058330817917],[118.17293780302585,-8.3677715416674339],[118.17355871141797,-8.3674290440984969],[118.17436517832969,-8.3667453390302065],[118.17451217233098,-8.3666207198247076],[118.17517164054877,-8.3660616326873463],[118.17571663931795,-8.3655410190450503],[118.17583830824751,-8.3654247939280548],[118.17655129125329,-8.3646794268223026],[118.1772490032141,-8.3640270104359775],[118.1776988740661,-8.3636850158165821],[118.17803149777419,-8.3635205548632161],[118.17877010563818,-8.3631553578684059],[118.17931454510388,-8.362876674962239],[118.17953079469697,-8.3627659828292327],[118.18018297189222,-8.3624853198803404],[118.18018350082875,-8.3624851618488076],[118.18102181580687,-8.3622350682664539],[118.18193811951046,-8.3618916775032606],[118.18274642564035,-8.3618273231546567],[118.18377287953584,-8.3616035678805858],[118.18373104446908,-8.3615479342764587],[118.18311013276752,-8.360722228944498],[118.18286944180204,-8.3604021510003577],[118.18260875086835,-8.3599362368914782],[118.18252724343624,-8.3597905648709201],[118.18253658053646,-8.3597617260671875],[118.18262222128782,-8.3594972252134898],[118.18274733626467,-8.3591108098323517],[118.18277683157476,-8.3591021284984617],[118.18373752953011,-8.3588193691313748],[118.18447395838082,-8.3586966675879442],[118.18468822827883,-8.3586609661887703],[118.18531842742513,-8.3583957621654683],[118.18545223598039,-8.3583394515356684],[118.18649771209705,-8.3581669049783063],[118.18757328983135,-8.3571601100600006],[118.18801323577966,-8.3560843742893383],[118.18790421627925,-8.3558719155815169],[118.18777126179288,-8.3556128125282871],[118.18816174738291,-8.3548791209297644],[118.188328242743,-8.3545662878512577],[118.18832666489986,-8.3545508064637808],[118.1882430248919,-8.3537302621728795],[118.1881865960183,-8.3527811512092889],[118.18826200256821,-8.3527471229633061],[118.18909469284566,-8.3523713575100427],[118.18956377322571,-8.3519808341595869],[118.19006288535604,-8.3515791318748729],[118.19020417353917,-8.3514606025862079],[118.19052485454678,-8.3511915762817903],[118.1905636318059,-8.3511995898338895],[118.19156524162179,-8.3514065869225345],[118.19180599483991,-8.3514563415543623],[118.19253146710716,-8.3515017084524032],[118.19289746361646,-8.3515846484072203],[118.19334836898605,-8.3516868290463453],[118.19355906289876,-8.351632795822189],[118.19421014763341,-8.3514658225567739],[118.19501989642083,-8.3510848181651642],[118.19530397944835,-8.3509729528368268],[118.19534922153683,-8.3509551371559461],[118.19574611153945,-8.3507988503351829],[118.19580876038174,-8.3507832492595249],[118.19685711244171,-8.3505221820869853],[118.19813349116558,-8.3503633185644492],[118.19867558998521,-8.3500904903605466],[118.19916344120492,-8.3497135181584028],[118.19920159531675,-8.3496792417816454],[118.19990555842062,-8.3490468197285939],[118.1999599110426,-8.3490211759768123],[118.20028345600289,-8.3488685248062993],[118.20029156586315,-8.3488646983536317],[118.20033164474526,-8.3488595207055667],[118.20131323872333,-8.3487327065674872],[118.20193130341001,-8.3484106863613246],[118.2020032691518,-8.3483731907998777],[118.20205780100679,-8.3483447789427316],[118.20284579023611,-8.3477630169477592],[118.2039351976467,-8.3478056851002158],[118.20424170897141,-8.3477886191270123],[118.20487977091847,-8.3477530927007901],[118.20498168230704,-8.3477164388712559],[118.20565038248638,-8.3474759274294268],[118.20650311863743,-8.3470636256526802],[118.20718889175497,-8.3464294983247971],[118.20780909545894,-8.346052829299774],[118.20834973107277,-8.3453325154639693],[118.20878421233385,-8.3448706342727093],[118.20882530094002,-8.344769390422627],[118.20888006529223,-8.3446344487225819],[118.2090700378897,-8.3441663432534288],[118.20908850003916,-8.3440963882379471],[118.20927923456929,-8.3433736618416088],[118.20928280887071,-8.3433681498021954],[118.2094827780886,-8.3430597971914526],[118.20969474778106,-8.3427329402567629],[118.21097651471,-8.3425016754485135],[118.21107638883012,-8.3424823194239295],[118.21239845100516,-8.3422260965494068],[118.21300699317845,-8.341932350635421],[118.21354640527905,-8.3412117993972554],[118.21385373065056,-8.3407695159770228],[118.21402014273863,-8.3405300289856381],[118.21452671583607,-8.339891358180564],[118.21446146550996,-8.3395886931056271],[118.21440366458148,-8.3392580482898744],[118.21437569960753,-8.3390980794389495],[118.21397726497659,-8.3387036892066355],[118.21339053669728,-8.3384290834348853],[118.21303251324514,-8.3382615182400528],[118.21290043978696,-8.3381799821583638],[118.21234821377919,-8.3378390602081893],[118.21210330569816,-8.3376215060791061],[118.2116531600998,-8.33722163778884],[118.21132902827283,-8.3369904062551896],[118.21088723335151,-8.336675235894548],[118.21031615845007,-8.3359158214713407],[118.209922271119,-8.3349788525653956],[118.2096474440864,-8.3344243143843215],[118.20949305714943,-8.3341127955124019],[118.20933452220783,-8.3338401281386183],[118.20908210769389,-8.3334059944109864],[118.20849332278102,-8.3326643317211708],[118.20807744702905,-8.3323486613460851],[118.20777810942423,-8.3321214481313479],[118.20696852658749,-8.331671881904807],[118.2067859779864,-8.3315385148746994],[118.20637295850906,-8.3312367705507686],[118.20612127493524,-8.3304828664975208],[118.20605762774092,-8.3302922145196341],[118.20595588570087,-8.3301170431005254],[118.20570217547419,-8.3296802243138632],[118.20542139854852,-8.3290802554086749],[118.2052839397259,-8.3287865299719019],[118.20522317625475,-8.3287389340980837],[118.20468235923278,-8.3283153128389902],[118.20426781602747,-8.3276061469165636],[118.20419809888111,-8.3274868794629988],[118.20352361157106,-8.3268649345386248],[118.20292414933728,-8.326215093303361],[118.20211412121115,-8.3257082534611211],[118.20186646015324,-8.3254875504292958],[118.20139589160181,-8.3250682019595619],[118.20103863541527,-8.3243505796001092],[118.20101708315232,-8.324307287536671],[118.20047506136612,-8.3236340287015249],[118.19970344912592,-8.3231996407028177],[118.19899062356049,-8.3225991045552981],[118.19830656868216,-8.322195724269605],[118.19811353592313,-8.3220818942380017],[118.1980782807765,-8.321932519559784],[118.19791876199295,-8.3212566503540213],[118.19738755397616,-8.3205672685161183],[118.19659596452099,-8.3200724964245172],[118.19579822887442,-8.3194079074275766],[118.19517264779071,-8.3191704169387428],[118.19466693970412,-8.3188368169176599],[118.19426750583891,-8.3183404798524485],[118.19410002885174,-8.3181323733792265],[118.1934962383379,-8.3171293952753569],[118.19345993488862,-8.317069090814913],[118.19284546891897,-8.3165323476870299],[118.19202672746786,-8.3159962157314506],[118.19116115215266,-8.3157078437878287],[118.1911366104414,-8.3156996677886177],[118.19107986977092,-8.3156227543146688],[118.19058158288865,-8.3149473064958492],[118.19002701597967,-8.3142629555183181],[118.18941829794511,-8.3135948122469276],[118.18862952331796,-8.3131578530399253],[118.18785491630815,-8.3126720055577827],[118.18730201906541,-8.3121165829218349],[118.18714973833885,-8.3119636064097993],[118.18699148422377,-8.3117082702165348],[118.18667697934252,-8.311200829161173],[118.18605004899835,-8.3105085194179455],[118.18580368460491,-8.3098240638601091],[118.18533174499275,-8.3089376917336821],[118.18465118117935,-8.3084216934269701],[118.18408278773374,-8.3076419050432158],[118.18373172324456,-8.307034464422161],[118.18367094656499,-8.3069293039965544],[118.18359315838357,-8.3064732462926205],[118.18352534610808,-8.3060756706928061],[118.18343256579232,-8.3059379436229097],[118.18342052547835,-8.3059200704560308],[118.18304255031288,-8.3053589865028865],[118.18239397156955,-8.3047327545761718],[118.18158287555512,-8.3040383746415127],[118.18157967190834,-8.3040361124038906],[118.1812142027001,-8.3037780876355463],[118.18090011134613,-8.3035563366992307],[118.18082424855226,-8.3035027768410732],[118.17956427588551,-8.3031845251965688],[118.17952427796178,-8.3031744226139601],[118.17926049131634,-8.3023541035797894],[118.17907164391944,-8.3017191319607626],[118.17897822660025,-8.3014050285620922],[118.17895613308826,-8.3013534008890471],[118.17872957629382,-8.3008240103097055],[118.17860329437198,-8.3005289285611656],[118.17857333581223,-8.300351346225936],[118.17844720952112,-8.2996037189171066],[118.1781455401465,-8.2991117831745296],[118.17793906629484,-8.2987750835684899],[118.17775937456665,-8.2978630625638665],[118.17758644902902,-8.2970449696472599],[118.17750552769594,-8.2966686937852661],[118.17735494086364,-8.2959684719150566],[118.17717597524033,-8.2949966238290536],[118.17677690225575,-8.2941605164415098],[118.17666395055315,-8.2939238681477914],[118.1765690450225,-8.2936069716685914],[118.17655269710551,-8.2935523858123776],[118.17644549441756,-8.2931944242783668],[118.17646322465708,-8.2929692057166662],[118.17652654375745,-8.2921648796842486],[118.17613074865264,-8.2914014201688495],[118.17606343744225,-8.2899759768733468],[118.17594143023396,-8.2893539650505055],[118.17555469036955,-8.2886010794292861],[118.17527778246162,-8.2877342089501678],[118.17476643342361,-8.2869311698016102],[118.17421385724469,-8.2862112892712894],[118.17361762559254,-8.2854880542701874],[118.17316244224263,-8.2844847745463319],[118.17256074483461,-8.2838583162561257],[118.17222218599612,-8.2835197098222384],[118.17168883757191,-8.282986283210688],[118.1712746609271,-8.2824114752385984],[118.17078185622401,-8.2815049444092548],[118.17075816291523,-8.2814613585831491],[118.1706487737388,-8.2813590009075249],[118.17004042134872,-8.2807897542536875],[118.16934066625861,-8.2798223378533304],[118.16866580852025,-8.2788408428303786],[118.16819384303956,-8.2780064495908086],[118.16775889320378,-8.2771938473147308],[118.16756347912141,-8.2768579009176211],[118.16728790799654,-8.2763841485763958],[118.1669684708196,-8.2759124223236213],[118.16687392653714,-8.2757728053850066],[118.16646308645842,-8.2749690873079924],[118.16635089085672,-8.2747005433614831],[118.16607950694517,-8.2740509784985132],[118.16539270490051,-8.2733947008253352],[118.16472979500364,-8.2726904777593777],[118.16374265346612,-8.2720470417487579],[118.1630028695872,-8.2715629664899222],[118.16228025943472,-8.2709268966153147],[118.16171856623114,-8.2701618664340319],[118.16151891274242,-8.2699764685577701],[118.16115649909851,-8.2696399320307368],[118.16046458246312,-8.2686574433588849],[118.16004449735931,-8.2681214814148767],[118.15987924957959,-8.2679106514017526],[118.15935271467487,-8.2673308415820355],[118.15887226554021,-8.2664957162653323],[118.15849028270659,-8.2656567471448383],[118.15819418666331,-8.2647023641863697],[118.157578806259,-8.2638064873761525],[118.15723938093259,-8.2634588100429465],[118.15694541864886,-8.2631576996260474],[118.15651709736156,-8.2623014931168655],[118.15607197598439,-8.2615162520679579],[118.15599226991375,-8.2613756426469305],[118.15563816852284,-8.2610858228711894],[118.15548003648594,-8.2609563970443691],[118.15522697738848,-8.2607492769920299],[118.15478243985871,-8.2604602870460937],[118.15445542072412,-8.2602476940164546],[118.15432496579365,-8.2599141102297367],[118.15396027082981,-8.2589815494733188],[118.15312923394838,-8.2582897554230641],[118.15240685363274,-8.2577771761138017],[118.1518203672875,-8.2570183909236086],[118.15176319027118,-8.2569605085489268],[118.15122545069406,-8.2564161314353068],[118.1506637175744,-8.2556300838543955],[118.15044689680414,-8.2552888456511404],[118.15008985959287,-8.2547269298700616],[118.14940000058992,-8.2540119276758634],[118.14895530043088,-8.2535143980177406],[118.14821457666064,-8.25287705250628],[118.14734443457527,-8.2521783400542148],[118.14685052443798,-8.2517249386332505],[118.14626193225246,-8.2510629359193377],[118.14613934825773,-8.2509250627064805],[118.14536934588175,-8.2505562302954392],[118.14511354559468,-8.2502370359384081],[118.144766446468,-8.2498039163914143],[118.14421119198036,-8.2489078403881901],[118.14332184028075,-8.2488146261664639],[118.14222738255603,-8.2484227761078106],[118.14156034684854,-8.2482418423169985],[118.1415319095877,-8.2482341285259047],[118.14139772570518,-8.2481977307562264],[118.1404115715173,-8.2478654100241382],[118.13898235564977,-8.2480490065560979],[118.13830957570606,-8.2480628860426624],[118.13744404848826,-8.2478977780862799],[118.13732297825,-8.2479241512440584],[118.13726713596377,-8.2479363161211765],[118.13716981976609,-8.2479575148531268],[118.13560695044437,-8.248297959646111],[118.13464554500926,-8.2482169001107781],[118.13361167853283,-8.2480043853483966],[118.13331953700467,-8.2479850049741188],[118.13296466958337,-8.247961463388684],[118.13274645782107,-8.247946986964358],[118.13191192013018,-8.2480491410489662],[118.13184567132247,-8.2480572504261023],[118.13118512405805,-8.2480387656296745],[118.1306801564758,-8.2480246341215118],[118.12967154224916,-8.2482429178959134],[118.12877010803304,-8.2481257686712421],[118.12817976419903,-8.2475529226385547],[118.12728878576429,-8.2468851710854008],[118.12619474903332,-8.2466368971270967],[118.12531727910175,-8.2464957342649949],[118.12456796223809,-8.2464166915242405],[118.12448057655087,-8.2465527314334182],[118.12377228783308,-8.2479787205049959],[118.12367465717412,-8.2490655898546557],[118.12354931616417,-8.2503021469706184],[118.12355208029344,-8.250500328793045],[118.1235937015918,-8.2513602921347697],[118.12321222440256,-8.2524230417125715],[118.12303791581877,-8.253056767510726],[118.12296116868976,-8.2533815751165562],[118.12294158554903,-8.2534069896306956],[118.12293390144696,-8.2534349274629051],[118.12274933027777,-8.2538907341545187],[118.12278243451262,-8.2545266369023853],[118.12281970200081,-8.2553413982275643],[118.12285664239332,-8.2560479662498896],[118.12257928266673,-8.2563462122080207],[118.12176513399706,-8.2573840790094195],[118.12162871864076,-8.2579859430877409],[118.12160260503916,-8.2581705723872094],[118.12157243637908,-8.2585663017952111],[118.12155803265631,-8.259199007876866],[118.12174076692664,-8.2597956277151159],[118.12190343464658,-8.2602030085806266],[118.12186710498236,-8.2607119732093768],[118.1218619550241,-8.2607538883104716],[118.12183292060267,-8.261279435935398],[118.12204601128209,-8.2619236300327845],[118.12135304642028,-8.2629426567514912],[118.1207951834497,-8.2640594634956077],[118.12072642320949,-8.2642840672256792],[118.12022435781685,-8.2654188834744406],[118.12006186475149,-8.265659455931381],[118.11965215610722,-8.2663876034359554],[118.11859934921216,-8.2675786437730654],[118.11783738688929,-8.2683721794329461],[118.11716263860076,-8.2690396406948725],[118.11675994694734,-8.269741383252537],[118.1166882756312,-8.2703704053216551],[118.11640584629042,-8.2709310011235662],[118.11643879578594,-8.2714359615187192],[118.11615550267796,-8.2717789781551332],[118.11571400202163,-8.2725279411854995],[118.11516056960447,-8.2733753177325067],[118.11495593214229,-8.2741418434413401],[118.11491536523759,-8.274334235512395],[118.11481308593828,-8.2748771015104641],[118.1147929789359,-8.2749146558285247],[118.11479223528812,-8.2749181804553231],[118.1147734318822,-8.2749511622185832],[118.11462720956406,-8.2752242518411503],[118.11462032849528,-8.2752197003091172],[118.11461396100201,-8.2752308681472968],[118.11317448059225,-8.2743568126094171],[118.11154408184569,-8.2744056816747431],[118.10768394078147,-8.2748094625013024],[118.10347367411808,-8.2731602525944865],[118.10257088811584,-8.2728953337713076],[118.10160473747085,-8.2723749050428772],[118.09988615966623,-8.271632785025977],[118.09788207380892,-8.2708846489967165],[118.09526514051979,-8.2697668357328311],[118.09402324018237,-8.2694045542031951],[118.08986188878684,-8.2683921292208424],[118.08532030662522,-8.2674438199599365],[118.08327437743253,-8.2659901382130769],[118.08008287798023,-8.2640006935663468],[118.07938977629766,-8.2636347273216408],[118.07475647539971,-8.2618436589214959],[118.07285368713146,-8.2613083473219984],[118.06719463252976,-8.2590868543117448],[118.06219286783556,-8.2569866499029931],[118.05923590981628,-8.2558434310221411],[118.05577313411627,-8.2545713157919494],[118.05546736326191,-8.2543863930381534],[118.05542728229135,-8.2543708960062201],[118.05473047222404,-8.2539407365663262],[118.05317238761087,-8.2529984317856737],[118.04991660699599,-8.2512084540684825],[118.04582928570407,-8.2485473816151238],[118.03967236199817,-8.2447267972503617],[118.03646610080737,-8.2426648460919871],[118.03126766077673,-8.2394551946269718],[118.02589312504203,-8.2418832396822665],[118.02445859081426,-8.2422118900454677],[118.02418716249434,-8.2423422006697304],[118.02363680650855,-8.2424535151117304],[118.02290789505918,-8.2425671472756967],[118.02193049799777,-8.2427910605445334],[118.02184342169588,-8.2428057465395952],[118.02131247690347,-8.242950054580632],[118.01979061409249,-8.2431763907058286],[118.01876828798045,-8.2433943983830815],[118.01741584311102,-8.2436327365197535],[118.01383734333305,-8.2457397394067442],[118.01086982517961,-8.2479011934975954],[118.00997164749977,-8.2489804390367159],[118.00823275848262,-8.2501216319223953],[118.00727390315028,-8.2509616942639425],[118.00646477939121,-8.2516368412699439],[118.00556624087655,-8.2525814568495992],[118.00510562351998,-8.2529536458671426],[118.0047645013906,-8.2533515944415612],[118.0045266801453,-8.2534214433075181],[118.00652528769561,-8.2576862420793855],[118.00721186631961,-8.2593576814133627],[118.00780322483372,-8.2612156224062456],[118.01029898524729,-8.2714167092292215],[118.01446420219972,-8.2808189183448189],[118.01450885779816,-8.2809108616824325],[118.01547663054463,-8.2829806858167032],[118.01625371389191,-8.284631299706767],[118.017075367887,-8.2861950343900919],[118.01749353044912,-8.2870559704705631],[118.01795951220844,-8.2881550909245938],[118.01816034884216,-8.2892341573961854],[118.01828582255014,-8.2904971620613246],[118.01884727563593,-8.2930573173787572],[118.01892605273785,-8.2933481100043984],[118.01929782980415,-8.2953455404089098],[118.02294087177877,-8.2979722266595424],[118.02598528210495,-8.3008198823034167],[118.02688798162697,-8.3019628566876751],[118.02830995511101,-8.3035517126728227],[118.02928973148633,-8.3050366980798387],[118.03274831975949,-8.3108435954768414],[118.03509175919186,-8.3159727541442727],[118.03867750823821,-8.3230170179810052],[118.04173369213915,-8.3293864548020835],[118.04262419028285,-8.3312281787427693],[118.04415877380953,-8.3336571778848541],[118.04548486585603,-8.3359761692154333],[118.04550637720725,-8.3359978153029264],[118.04585234197522,-8.3366097604956639],[118.04738446298445,-8.3379503562452335],[118.04764306725016,-8.3381478505869993],[118.04766503227107,-8.3381699529517448],[118.04787417227271,-8.3383243440804655],[118.04945091832954,-8.3395284856450989],[118.05243003414149,-8.3418003907511764],[118.05493102725283,-8.3433717071802498],[118.05515774884391,-8.343527930804159],[118.0574335023617,-8.3459150249592184],[118.06022094221362,-8.3475277824758916],[118.06022457284141,-8.3475298429110882],[118.06177583235007,-8.348489375460229],[118.06507202285785,-8.3505595728674287],[118.06818627306849,-8.3522416660630139],[118.0688306737202,-8.3525681677072612],[118.06932628314958,-8.3528525701040923],[118.0696046683498,-8.3529603284835972],[118.07105398901116,-8.3536946504999285],[118.07302442394214,-8.3546015620919345],[118.07526197803058,-8.3549648026765482],[118.0778252401991,-8.3555573962755947],[118.08067579288755,-8.3569311169479743],[118.08235629689742,-8.3578121744382603],[118.08275198540494,-8.3581456073069571],[118.0843611547737,-8.3589634022773289],[118.08648442135978,-8.3604255328993204],[118.08756323086335,-8.3611227107350903],[118.08794261454148,-8.3614207883153231],[118.0888077155731,-8.3620724652049407],[118.09111294562295,-8.3640427165827482],[118.09372532689314,-8.3668632592399845],[118.09539899889745,-8.368810673558114],[118.09778737064929,-8.3718099743378698],[118.09864040087542,-8.3730181572901135],[118.09892015564381,-8.3736042863671347],[118.09991298319552,-8.3748329324081556],[118.09993406103321,-8.3748504023637285],[118.09999780959014,-8.3749406906582351],[118.10270182316737,-8.3775049955632905],[118.10430218623607,-8.3781759990691853],[118.10468997893595,-8.3783755076245754],[118.10546497507219,-8.3787490976447891],[118.10615034137787,-8.3790217139163392],[118.10711663743511,-8.3794983035122872],[118.10799953463804,-8.3799605668065258],[118.10892762307917,-8.3804577743631672],[118.10987595202614,-8.3809791072976925],[118.10997455226243,-8.3810361221580649],[118.11115719370621,-8.3818209123956287],[118.11384652987847,-8.3831322723290818],[118.11598068892376,-8.384166444667235],[118.11901946980295,-8.3848134493632482],[118.1209577507007,-8.3848391402931508],[118.12173374095737,-8.3850287399861578],[118.12276872871452,-8.384980998613246],[118.1230250989406,-8.3850230094507765],[118.12438625394856,-8.3853455104989134],[118.12660891880671,-8.3858654289831751],[118.13019753224968,-8.3868517258895476],[118.13360862822844,-8.3881162500675739],[118.13644124919223,-8.3889574449281668],[118.13842903938659,-8.3897260300311718],[118.13924326278034,-8.3913595906105432],[118.13925019191809,-8.3915945057642922],[118.13919424606684,-8.3919870445291025],[118.13926139382779,-8.3927628828901764],[118.13931144313094,-8.394170801758909],[118.13933053960204,-8.3943185931103841],[118.13933938395965,-8.3946184523911533],[118.13940494667392,-8.394894453293924],[118.13942858024791,-8.3950773606740423],[118.13957193016645,-8.3958629001492007],[118.13979885919373,-8.3965391701206418],[118.14019402458608,-8.3968235528056496],[118.14047199799323,-8.3969645851823405],[118.14077990150275,-8.3971868249259565],[118.14145456789981,-8.3976833437741334],[118.1416390367565,-8.397857721444554],[118.14175646088773,-8.3982593331471023],[118.14174445443628,-8.3988780871024051],[118.1417392691088,-8.3989316495539672],[118.14160837637567,-8.3992698091071265],[118.14143034265078,-8.3996356657793818],[118.1414530066251,-8.3996712004020981],[118.14142253025702,-8.3997499358887069],[118.14313819687844,-8.4022381644805382],[118.14347501196245,-8.4026371421928712],[118.14350484573283,-8.4026814218185102],[118.14380190168109,-8.4031072430970006],[118.14391954701144,-8.4033314809799347]]]},"properties":{"FID":5,"Nama":"TN Tambora","NAME":"Resort Piong","Ar_Ha":21740.0039211,"SK_Ha":71645.639999999999,"TN_Ha":78686.830000000002,"Konv_Ha":19794.627570199998,"Kode":1}}]}