{"type":"FeatureCollection","features":[{"type":"Feature","id":0,"geometry":{"type":"Polygon","coordinates":[[[118.03921972550226,-8.1446555807362415],[118.03657418306156,-8.1355635304433829],[118.02971885373211,-8.1285761191871728],[118.02181710083681,-8.1264876352402986],[118.01303845261083,-8.1249248844329838],[118.0118494549186,-8.132113150652561],[118.00826157960729,-8.1375628977307439],[118.00122301054022,-8.1435185493402074],[117.9974959293119,-8.1527656399424568],[117.99513277950265,-8.160363121747606],[117.99483947661025,-8.1693771963627242],[117.99958361670629,-8.1726946120939079],[118.00678784391354,-8.1654351284391122],[118.01326057445988,-8.1604327752470631],[118.01429911329218,-8.1492367290716707],[118.02484969950414,-8.162691394406373],[118.01854022303529,-8.170396104185274],[118.01890390123579,-8.1798411262333683],[118.02365517429212,-8.188230805504892],[118.0378899011328,-8.1987065019109124],[118.03945832797254,-8.1903083796311051],[118.03997312545742,-8.1817367871026363],[118.03767571732179,-8.1707202203097662],[118.0397678195074,-8.1602223825383557],[118.03921972550226,-8.1446555807362415]]]},"properties":{"FID":0,"Kode_Zona":"ZI","Zonasi":"Zona Inti","Luas_Ha":2200.80820374,"Luas_SK":2003.87170603,"Lokasi":"Kawinda To'i"}},{"type":"Feature","id":1,"geometry":{"type":"Polygon","coordinates":[[[117.91342577809509,-8.2480800807724002],[117.92244047738787,-8.245142706774784],[117.93074615593946,-8.2407872902947332],[117.92649202754011,-8.2326841890612776],[117.91869279306697,-8.2266068643516466],[117.91058969242083,-8.2342035212702189],[117.90603169853537,-8.2427117772270808],[117.90491752224267,-8.2517264759724132],[117.91342577809509,-8.2480800807724002]]]},"properties":{"FID":1,"Kode_Zona":"ZI","Zonasi":"Zona Inti","Luas_Ha":413.90928106199999,"Luas_SK":376.87114023599997,"Lokasi":"Pancasila"}},{"type":"Feature","id":2,"geometry":{"type":"Polygon","coordinates":[[[117.94614204667521,-8.3074352930541409],[117.95090261822685,-8.2995347699996049],[117.95910700804767,-8.2939638879841322],[117.95414385836165,-8.2859620768371265],[117.94766137777825,-8.2789731523638377],[117.93854538974378,-8.2761370668845036],[117.93034100047629,-8.2715790728551593],[117.92487140757954,-8.2648940149893591],[117.91453995380341,-8.2650965926077564],[117.90643685344313,-8.2680339659280442],[117.89843504129776,-8.274313869907262],[117.89256029347412,-8.2815053712548021],[117.8994479296254,-8.2868736754052854],[117.90734845190124,-8.2896084720471208],[117.91372964387412,-8.2952806427893275],[117.92284563238064,-8.2983193046704571],[117.92851780312742,-8.3036876091123446],[117.93702605880175,-8.3089546247807107],[117.94614204667521,-8.3074352930541409]]]},"properties":{"FID":2,"Kode_Zona":"ZI","Zonasi":"Zona Inti","Luas_Ha":1941.3342416800001,"Luas_SK":1767.61643847,"Lokasi":"Doropeti"}},{"type":"Feature","id":3,"geometry":{"type":"Polygon","coordinates":[[[118.09432750015392,-8.2248849556887027],[118.10283575555083,-8.2202256728743386],[118.10982468061152,-8.2139457696577374],[118.11691489295252,-8.2102993743388897],[118.1126607654919,-8.2031078725788475],[118.11093885624926,-8.194093172903127],[118.10597570753153,-8.1857874946141518],[118.09483394387327,-8.182748831561657],[118.08855404151647,-8.1791024368846248],[118.0828818702708,-8.1821410993643333],[118.07781743306857,-8.1869016708061082],[118.06920788838048,-8.1910545100448982],[118.06049705446053,-8.1976382792954112],[118.05583777178191,-8.2044246258571736],[118.0474308048817,-8.208374887777584],[118.0520900881595,-8.2166805657419335],[118.05735710342316,-8.2203269613245151],[118.06586535949671,-8.2238720675714969],[118.07427232632962,-8.2248849558003574],[118.08480635640724,-8.2272145967566761],[118.09432750015392,-8.2248849556887027]]]},"properties":{"FID":3,"Kode_Zona":"ZI","Zonasi":"Zona Inti","Luas_Ha":2510.7767346999999,"Luas_SK":2286.1031007900001,"Lokasi":"Oi Katupa"}},{"type":"Feature","id":4,"geometry":{"type":"Polygon","coordinates":[[[117.99633209077528,-8.216428652563545],[117.99070053948373,-8.21537778499121],[117.98476193508704,-8.214800468988317],[117.98196215494212,-8.2165960960691127],[117.97708355124665,-8.2183583348919562],[117.97386222151734,-8.2193928956200555],[117.97067999750703,-8.2224529065783489],[117.96812562224622,-8.2249090749398164],[117.96644899016223,-8.2257734989363627],[117.96566118001016,-8.227547141178837],[117.96517375833702,-8.2300173363712013],[117.96402807589463,-8.2364201859575061],[117.96089752083647,-8.2377739123057978],[117.95852217363442,-8.2412276986723256],[117.9587473277973,-8.2425896260491296],[117.95929818053199,-8.2449353498428621],[117.95965133509448,-8.2467857907703888],[117.96022141551455,-8.2497728407226543],[117.96040560736837,-8.250737949090194],[117.96091399380623,-8.2521904965633812],[117.96185030267128,-8.2548656675846654],[117.96307060357694,-8.2583522246750878],[117.96402248780944,-8.2592056476467111],[117.96778338635733,-8.2625774849866289],[117.96859095334341,-8.2633015029306947],[117.97753772668023,-8.2672989978189584],[117.98439057447038,-8.2701543509367248],[117.98699957662083,-8.2720767778545454],[117.98800735531665,-8.2728193468704969],[117.99105393122008,-8.2737567594735104],[117.99295663395826,-8.2743422018900272],[117.99421733537241,-8.2745361596370763],[117.99790591264065,-8.2751036300454004],[117.99964814370972,-8.275109311691569],[118.0017432876582,-8.2751161379140097],[118.00350311816783,-8.2751218662363897],[118.0066979402344,-8.2740045643646951],[118.01161376377978,-8.2718728974430622],[118.0138708803629,-8.2711397947499332],[118.01692624315145,-8.2685896644934118],[118.01877238142205,-8.2652263190587441],[118.02044465102951,-8.261838533243214],[118.02056554394186,-8.2617071052100801],[118.02256328727469,-8.2589882082870076],[118.02314947975296,-8.2556731759081465],[118.02439760405888,-8.2527600095024241],[118.02503182257361,-8.2502369193426741],[118.02558685324685,-8.2459518859309746],[118.02531834927834,-8.2430470873237702],[118.0242514107194,-8.2386386329168246],[118.02250886586495,-8.2358510635380835],[118.02164087102396,-8.2333769016595539],[118.01942993157634,-8.2308986637430586],[118.01786882015676,-8.2293028606900229],[118.01821202509812,-8.227833512906189],[118.01556672147154,-8.2230850051199678],[118.01063534439537,-8.2204864618522784],[118.00711014770377,-8.2187272785837617],[118.00359475980953,-8.2178818899702133],[118.0011970765469,-8.2179068956711827],[117.99839777857875,-8.218163314906036],[117.99633209077528,-8.216428652563545]]]},"properties":{"FID":4,"Kode_Zona":"ZI","Zonasi":"Zona Inti","Luas_Ha":3663.4751728199999,"Luas_SK":3335.6537984900001,"Lokasi":"Kaldera"}},{"type":"Feature","id":5,"geometry":{"type":"Polygon","coordinates":[[[118.09860642179629,-8.1413695312872729],[118.09625153340259,-8.1404957780371312],[118.09614521690062,-8.1404563298345902],[118.09545263341643,-8.1406691840636736],[118.09525563613411,-8.14076583947997],[118.09437151459028,-8.1411996301495968],[118.09244348726359,-8.1401225750835078],[118.09178265478675,-8.1395903298103498],[118.09099765071869,-8.1389580701600615],[118.08977765461822,-8.1375133080225499],[118.08891788156744,-8.1369159029454678],[118.08775094328088,-8.1364790872918249],[118.08715424519272,-8.1359368194898263],[118.08622877826683,-8.1353221748778655],[118.08405221288277,-8.1342729326567831],[118.08362629792988,-8.1338910401792592],[118.08335019741968,-8.1336294119129242],[118.08296738248008,-8.1330977265498969],[118.08229536495051,-8.1325314482726885],[118.08154554855074,-8.1319740686963353],[118.080495015542,-8.1316409709075845],[118.07821980794267,-8.1311859624056275],[118.07621637248907,-8.1306259876639704],[118.07495466490279,-8.1307827270345552],[118.07482276564751,-8.1307991125661836],[118.07251680685057,-8.1307917830335334],[118.07049377532503,-8.1296676413607951],[118.07005874032747,-8.1293755177507308],[118.06810273503001,-8.128809651597928],[118.06716326971693,-8.128397858942769],[118.06594432217564,-8.128087926444536],[118.06488141224523,-8.1277454119882186],[118.06380030133725,-8.1271079814029736],[118.06260776758711,-8.1267900093450205],[118.06149611002925,-8.1271288978546217],[118.06028775835388,-8.1270049638311459],[118.05880039111111,-8.1269128278431104],[118.05800001661052,-8.1268200925753256],[118.05597069343143,-8.1262689529247609],[118.05541339435241,-8.1261823551059518],[118.05497332144711,-8.1261104492289089],[118.05441240331632,-8.1259415045401173],[118.05376719304088,-8.1257558035929911],[118.05153187025488,-8.1251640227496811],[118.05043666327178,-8.124914686873101],[118.04907821898252,-8.1244680167540082],[118.04792188001305,-8.1239037280114772],[118.04714724409935,-8.1235894245210734],[118.0467667627811,-8.1234350460178675],[118.04520983519392,-8.123088501614502],[118.04344414949479,-8.1223661082195768],[118.04297686020655,-8.1222898900745655],[118.04250610863271,-8.1222010086181218],[118.04198664588239,-8.1222106868183825],[118.04028433441873,-8.1220623425337859],[118.03955324986786,-8.1217109589057266],[118.03836880903016,-8.1209584327306086],[118.0371069439617,-8.1203810564365728],[118.03592120248507,-8.1200450419682948],[118.03494590658364,-8.1200269568650629],[118.03355671408552,-8.119786396242116],[118.03224310068768,-8.1195362322589748],[118.03146919247214,-8.1191759604507574],[118.03013496033419,-8.1190111471488127],[118.02849244629478,-8.1186684865974801],[118.02763250630322,-8.1184227596615504],[118.02663883863808,-8.1180659365988852],[118.02662492833718,-8.1180609422538126],[118.0266362673196,-8.1180858826072537],[118.02663625486862,-8.1180859830281449],[118.02560332652222,-8.1220345899888144],[118.03479042531313,-8.1240261987738069],[118.0453909236906,-8.1326993340119689],[118.04935591611175,-8.1405648320811537],[118.05200890681517,-8.1594105851653627],[118.05647039620236,-8.1708617407314303],[118.06509594230518,-8.1753232303547385],[118.07520865111846,-8.1723489034958696],[118.10420833290112,-8.1556926765071101],[118.10599292887022,-8.1562042606846408],[118.1062308739083,-8.1522186644200794],[118.10522305619088,-8.1510030492753938],[118.10171777322689,-8.1467750262611993],[118.10046068203616,-8.145258740978468],[118.09960698594742,-8.1434681664905497],[118.09860642179629,-8.1413695312872729]]]},"properties":{"FID":5,"Kode_Zona":"ZTr","Zonasi":"Zona Tradisional","Luas_Ha":2451.5380435799998,"Luas_SK":2232.1653079299999,"Lokasi":"Kawinda To'i"}},{"type":"Feature","id":6,"geometry":{"type":"Polygon","coordinates":[[[117.92637776319681,-8.3287501509962141],[117.91429961935772,-8.3263088233407636],[117.90408459259802,-8.3232250416526785],[117.90324940221413,-8.3139094517187857],[117.90305666555943,-8.3056217897805773],[117.89739006960951,-8.2996290628208982],[117.88988578788383,-8.2949473376017835],[117.88993775923066,-8.2953039948601326],[117.89028854343874,-8.2958413380406792],[117.89035324299299,-8.2963476655228323],[117.89044986283236,-8.2969172313284876],[117.89054648575703,-8.2974867961547503],[117.89077036748876,-8.2981193861587421],[117.89096247147525,-8.298752046087948],[117.89112350928531,-8.2997013208673067],[117.89182380435948,-8.3002062257844695],[117.89217459510617,-8.3007435664451901],[117.89252488559026,-8.301059327284845],[117.89271678154408,-8.3015970223267459],[117.8928139083109,-8.302388167186697],[117.89284733298372,-8.3031161451430702],[117.89332546298294,-8.3037481627657783],[117.89332667964457,-8.3042862857772519],[117.89326469347377,-8.3049828222927626],[117.89317092812459,-8.3056794309882793],[117.89333133233927,-8.3063438151225384],[117.89342810448676,-8.3069766875748581],[117.89323878316546,-8.3075785467463046],[117.8934632503328,-8.3084643682047474],[117.89378241563111,-8.3090650859048587],[117.89359345240635,-8.3098252170208227],[117.89346790611047,-8.3105218961378444],[117.89356582846432,-8.3116612377970505],[117.89388585544205,-8.3126418068842831],[117.89385622650526,-8.3135915069828741],[117.89404891827068,-8.3144773978511015],[117.89401914570715,-8.3153637895219141],[117.8941490666078,-8.3165980206041556],[117.89421427956808,-8.3173259260777268],[117.89415322825356,-8.3184339682041983],[117.89431443114574,-8.3194465474145982],[117.89422167102006,-8.3205863160025597],[117.89435037625506,-8.3212824240606],[117.89422547602304,-8.3222639915367012],[117.89432254437683,-8.323023480208013],[117.89400673888107,-8.3239105152150561],[117.89384969805201,-8.3247338824793111],[117.89372386313619,-8.3253039459170264],[117.89356603097877,-8.3257791165651245],[117.8932498642785,-8.3265078795905012],[117.8930942188784,-8.3267727722506866],[117.89275556809908,-8.3273491186545243],[117.8923425837116,-8.3283693458717369],[117.89182550442499,-8.3292716268225089],[117.89142684623602,-8.3300702346677831],[117.89113181001666,-8.330779973218128],[117.89063019362699,-8.3319628963092711],[117.89034088396761,-8.3331119375013039],[117.89239616235065,-8.3330140673200503],[117.89440128017542,-8.3329861906939193],[117.89491102136124,-8.3336870851981857],[117.89570749313924,-8.3340056742284645],[117.8980798009526,-8.3330883818121713],[117.89809690885599,-8.3330817669666395],[117.90096420656131,-8.3352086652175466],[117.90127919779235,-8.3363780133262004],[117.90067730863893,-8.3381321026573989],[117.90111538136952,-8.3405719491673285],[117.90356712199595,-8.3409971069540951],[117.9072454014011,-8.3419219698492721],[117.91012482134623,-8.3402642169636074],[117.91409242706146,-8.3416190865779782],[117.91617008785673,-8.3418539017091096],[117.91626800015619,-8.3412009999605878],[117.91797416208594,-8.3415540280438858],[117.91807059767429,-8.3390467043458045],[117.91813044057555,-8.3374907854064588],[117.91813067863366,-8.337484616654093],[117.92072588819036,-8.3380692681548005],[117.9226341907266,-8.3384946080531712],[117.92650210174084,-8.3393566922398286],[117.92676323588091,-8.3394148951625287],[117.92637776319681,-8.3287501509962141]]]},"properties":{"FID":6,"Kode_Zona":"ZTr","Zonasi":"Zona Tradisional","Luas_Ha":833.35568236300003,"Luas_SK":758.78391861199998,"Lokasi":"Karyasari"}},{"type":"Feature","id":7,"geometry":{"type":"Polygon","coordinates":[[[118.13687421958188,-8.4190823905634229],[118.13076885982908,-8.4172003426936453],[118.12607894245897,-8.4193846868735847],[118.11631363433816,-8.4210550689383243],[118.10571313521541,-8.416622133398354],[118.09864637124375,-8.4121621964699607],[118.08937074607448,-8.4069873745015489],[118.07664471905903,-8.4087359894869422],[118.0772356298952,-8.4092397357686579],[118.07779607143874,-8.4096817191279527],[118.07834955124528,-8.41024045832018],[118.07908678009649,-8.4108398689885426],[118.07975188232282,-8.4113253691895338],[118.08028885398494,-8.4119844824363881],[118.08119120028101,-8.4125039223668967],[118.08214393761985,-8.4131864159714898],[118.08373453000047,-8.4142127584338002],[118.08451047745979,-8.414696225186761],[118.08540709497456,-8.4152936544189085],[118.08606160127506,-8.4159183824179049],[118.08680682740267,-8.4163390308795325],[118.08753912455798,-8.4164641793788437],[118.08839154478535,-8.4166902934008174],[118.08921363155554,-8.4171084439990338],[118.08984814435837,-8.4178266612491672],[118.09184139348413,-8.4187803025648655],[118.09277039565571,-8.4190299965547339],[118.09366455729655,-8.41950860270682],[118.09463005013401,-8.4200827072401392],[118.09522466057503,-8.4205161823383712],[118.09599914860573,-8.4206202335474849],[118.09674894984688,-8.420759747594424],[118.09776928974422,-8.4209669077155649],[118.09788544967984,-8.4209904903128745],[118.09868281702448,-8.4212943835551872],[118.09929363479161,-8.4219693127376676],[118.09935165461575,-8.4220334225659439],[118.09994084224945,-8.422374595883527],[118.10060416643866,-8.4228391696169496],[118.10109895348437,-8.4234050424652978],[118.10187289345143,-8.4244074800094726],[118.10243416579884,-8.4245814078104519],[118.10310098244464,-8.4248046070647415],[118.10378401420228,-8.4253463797334547],[118.10485251128972,-8.425904194442202],[118.10614615441916,-8.4266332858260427],[118.10740885645117,-8.4275023733978411],[118.10827873720991,-8.4285577647920444],[118.10891608689028,-8.4289200915179947],[118.10949710041243,-8.4290955086085031],[118.1100935754106,-8.4295809442768999],[118.11066461881303,-8.430259226828575],[118.11155562875976,-8.4304269250849888],[118.11233739266422,-8.430628627784845],[118.11329059688252,-8.4308169416248724],[118.11477951712149,-8.4311110885056362],[118.11559427720853,-8.4312898018551437],[118.11609163788033,-8.4312470668417099],[118.11691604737619,-8.4316517963803612],[118.11771298389898,-8.4319235955887795],[118.11878625604018,-8.4328282808683834],[118.1195192394386,-8.4334452762039973],[118.1195571225867,-8.4334561028272006],[118.1196609784173,-8.4333523546873543],[118.12014610344777,-8.4328677362814446],[118.12064895347216,-8.4324072650018671],[118.12184951221664,-8.4313078781105837],[118.12407519534108,-8.430710382751581],[118.12450205156007,-8.4305957900220729],[118.12475341745896,-8.4305135101160822],[118.12604238597295,-8.4300915887950261],[118.12696487446826,-8.4297896259553102],[118.12833777997383,-8.4289852376411574],[118.12873868893843,-8.428477874505889],[118.12904710419751,-8.4280875652717047],[118.12887631233617,-8.4275465033814996],[118.12880891865184,-8.4273330015569154],[118.12903670061171,-8.4251670610919174],[118.129042181486,-8.4251149411244963],[118.12937154389557,-8.4236988611900614],[118.1294904288217,-8.4230215218611058],[118.12951237434129,-8.4228964914977205],[118.13050725603954,-8.4227533022735699],[118.13065706387636,-8.4228169409329201],[118.13131880144383,-8.423098045259886],[118.13183501835985,-8.4233173310433234],[118.13302030949885,-8.4236928528432031],[118.13334467438817,-8.423770246793282],[118.13381304266929,-8.4238820003277386],[118.13439507094502,-8.4240208715681444],[118.13443736580847,-8.4240311477919789],[118.13444115709186,-8.4240225191408626],[118.13444694776906,-8.4240093375641134],[118.13491241603583,-8.4231536477236233],[118.13537500857835,-8.4223003814327946],[118.13551132244218,-8.4214955625713461],[118.13619083784499,-8.4207989911232666],[118.13664691575299,-8.4200206595001443],[118.13689305169163,-8.4191141444057678],[118.13687421958188,-8.4190823905634229]]]},"properties":{"FID":7,"Kode_Zona":"ZTr","Zonasi":"Zona Tradisional","Luas_Ha":644.12474481200002,"Luas_SK":586.48606865800002,"Lokasi":"So Tompo"}},{"type":"Feature","id":8,"geometry":{"type":"Polygon","coordinates":[[[118.16171856623114,-8.2701618664340319],[118.16115649909851,-8.2696399320307368],[118.16046458337098,-8.2686574433562487],[118.15987924957959,-8.2679106514017526],[118.15935271558273,-8.2673308415794065],[118.15887226644806,-8.2664957162627015],[118.15849028270659,-8.2656567471448383],[118.15819418666331,-8.2647023641863697],[118.157578806259,-8.2638064873761525],[118.15694541864886,-8.2631576996260474],[118.15651709826942,-8.2623014931142418],[118.15599226991375,-8.2613756426469305],[118.15522697738848,-8.2607492769920299],[118.15445542072412,-8.2602476940164546],[118.15396027173765,-8.2589815494707022],[118.15312923394838,-8.2582897554230641],[118.15240685363274,-8.2577771761138017],[118.15182036819533,-8.2570183909209955],[118.15122545160189,-8.2564161314326974],[118.1506637175744,-8.2556300838543955],[118.1500898605007,-8.2547269298674522],[118.14940000058733,-8.2540119267714882],[118.14895530043088,-8.2535143980177406],[118.14821457665803,-8.2528770516019048],[118.14734443457527,-8.2521783400542148],[118.14685052443798,-8.2517249386332505],[118.14613934916557,-8.2509250627038835],[118.14536934678958,-8.2505562302928439],[118.144766446468,-8.2498039163914143],[118.14421119288819,-8.2489078403855984],[118.14332184028075,-8.2488146261664639],[118.14222738255603,-8.2484227761078106],[118.14139772661299,-8.2481977307536418],[118.14041157242514,-8.2478654100215536],[118.13898235564977,-8.2480490065560979],[118.13830957570606,-8.2480628860426624],[118.13744404848826,-8.2478977780862799],[118.13716981976866,-8.2479575157574896],[118.13560695044437,-8.248297959646111],[118.13464554500926,-8.2482169001107781],[118.13361167853283,-8.2480043853483966],[118.13274645782107,-8.247946986964358],[118.13184567132247,-8.2480572504261023],[118.1306801564758,-8.2480246341215118],[118.12967154224916,-8.2482429178959134],[118.12877010803049,-8.2481257677668776],[118.12817976419903,-8.2475529226385547],[118.1272887866721,-8.2468851710828481],[118.12619474903332,-8.2466368971270967],[118.12531728000958,-8.2464957342624494],[118.12456796314338,-8.2464166906173091],[118.12492272847287,-8.2457365088774512],[118.1248962405742,-8.2448124924443267],[118.12494993838686,-8.2441543167382676],[118.125509824338,-8.2436830128941327],[118.12595248971527,-8.2429161256772492],[118.12620070244938,-8.242407530389487],[118.12677638411374,-8.2413600935006261],[118.12728003308877,-8.2407153970647489],[118.12763480754465,-8.2402659202218107],[118.12838881416985,-8.2397763420711048],[118.12912695118183,-8.2393107932309189],[118.12915708758359,-8.239291787092311],[118.12968944004525,-8.238975566222674],[118.13020626809023,-8.2382111802506461],[118.13069162032548,-8.2375842570583231],[118.13113700457302,-8.2372047021472827],[118.13203015441067,-8.2360075958745238],[118.13263161387917,-8.2353499566149306],[118.13313026915183,-8.2346151019802143],[118.13389605366409,-8.234059733522443],[118.13444083858373,-8.2325014054681027],[118.13503248237311,-8.2318435210489174],[118.13533595266898,-8.2313949078888751],[118.13581049008842,-8.2310244904868863],[118.13642651255986,-8.2303531509008785],[118.13709145627659,-8.2296164659414099],[118.13774066568396,-8.2285832808015407],[118.13879676757909,-8.2274324588602816],[118.13918698410322,-8.2268784193262494],[118.14010916401271,-8.2259443909022831],[118.14082862482009,-8.2252930091282348],[118.1415494119377,-8.2245672841094795],[118.14227945732154,-8.2237466641057768],[118.14292378208154,-8.2230444864169421],[118.14356296553902,-8.2223226091058272],[118.14435223393068,-8.221454517496726],[118.14501715843861,-8.2204677644564192],[118.14561148920507,-8.2195875667324181],[118.14624386402707,-8.2186796758200273],[118.14688704353252,-8.2180260625224957],[118.14759921538905,-8.2170904497886355],[118.14849892861349,-8.215744891571541],[118.14938009841376,-8.2143291172783286],[118.14992873267354,-8.2132534297850661],[118.15052429854114,-8.2120207891114632],[118.15102115865949,-8.2112820370225936],[118.15213118014385,-8.2107266540180319],[118.15322543871817,-8.2107808583157773],[118.15250437115893,-8.2101442482747569],[118.15214632423972,-8.209742077866208],[118.15131252210925,-8.2090327932873013],[118.15131247296929,-8.209032750922411],[118.15067003303011,-8.2085070047379798],[118.14971860053072,-8.207984572204106],[118.14921339146989,-8.2076344843259044],[118.14860095161399,-8.2073252010074782],[118.14787950026516,-8.207132392831241],[118.1472897530266,-8.2066922696302083],[118.14715623855048,-8.2065776446058578],[118.14652355386222,-8.206034468011941],[118.14579571177717,-8.2055836104756619],[118.14491335292398,-8.2049664342730271],[118.14416516083345,-8.2045687466704997],[118.14416343334477,-8.2045668162194598],[118.14269889611437,-8.2071161598044977],[118.14248649181422,-8.2074858928287266],[118.14187476783988,-8.2085709077577462],[118.14179597274398,-8.2085567661008465],[118.13700493287018,-8.2169251167436848],[118.13655841420632,-8.2172087184771936],[118.13225076967105,-8.2199446525727904],[118.12659717003946,-8.2228356971276089],[118.12192119515981,-8.2261262021923169],[118.12139328835885,-8.2264976882511096],[118.12076182286263,-8.2272801615375535],[118.11868645195807,-8.2298518136602219],[118.11843799836383,-8.2301596786277571],[118.1155437215961,-8.2351302859610414],[118.11548270785184,-8.2352350686825417],[118.11505050917901,-8.2357840800703759],[118.11310562624736,-8.2382546051121235],[118.11310123159016,-8.2383680039506526],[118.1127598756095,-8.2471770814827732],[118.11407204716994,-8.250247565454119],[118.11413339015326,-8.2503911062087099],[118.11438705211947,-8.2509338414465034],[118.12044643857102,-8.2638980982963535],[118.12051964667511,-8.2640547248735192],[118.1377475898787,-8.2701278845524957],[118.13776027611337,-8.270132452606207],[118.14116359320046,-8.2713320872512472],[118.14492615441745,-8.2756321574837468],[118.14607244278804,-8.2753397527290105],[118.1483350259773,-8.2747625951919499],[118.15033373243999,-8.2742527495021694],[118.1521791296409,-8.2737820108403302],[118.15430378735809,-8.2732400366041574],[118.15570721697273,-8.2728820383728738],[118.15712828707727,-8.2723098958914534],[118.15878827969826,-8.271641559063017],[118.16013049978339,-8.2711011626622177],[118.16163386533951,-8.2704958870564056],[118.16186714141706,-8.2704019665676753],[118.1617067639569,-8.2702084094529376],[118.16171856623114,-8.2701618664340319]]]},"properties":{"FID":8,"Kode_Zona":"ZRe","Zonasi":"Zona Rehabilitasi","Luas_Ha":1693.5245005300001,"Luas_SK":1541.98163398,"Lokasi":"Labu Bili"}},{"type":"Feature","id":9,"geometry":{"type":"Polygon","coordinates":[[[118.13691523428162,-8.4159251812263722],[118.13703300556963,-8.414717037386426],[118.13741918758876,-8.4138333060930357],[118.13780523251636,-8.4129031213917376],[118.13795793179638,-8.4119426417978733],[118.13835961469889,-8.4110433798021251],[118.13871487241073,-8.4102216746741778],[118.13908549717364,-8.4093379867539682],[118.13957979755629,-8.4082061897445239],[118.14007567811288,-8.4076163437102753],[118.14077334638165,-8.4069020360656062],[118.14106666690097,-8.4061734155933063],[118.14178064920749,-8.4057222962811107],[118.14247713252801,-8.4046053950243564],[118.14314373492641,-8.4039066590293725],[118.14391954791962,-8.403331480977295],[118.14460210397402,-8.4027720573327933],[118.14523769151945,-8.4021043769111134],[118.14590433193759,-8.4014211217560391],[118.14649335494538,-8.4007845461569577],[118.14734713171926,-8.4002865564193652],[118.14795156649787,-8.3996034807507876],[118.14858723423445,-8.3989667659033174],[118.14923803950869,-8.3981906466119529],[118.14985774305525,-8.3974146164364551],[118.150571106445,-8.396762188838828],[118.15116066329698,-8.3963114193517168],[118.15207598263341,-8.3955964597361028],[118.15292969451679,-8.3950829777243321],[118.15350378874803,-8.3946632186627248],[118.15420223156792,-8.3942276102701125],[118.15488375059164,-8.3933275192275492],[118.15564319566256,-8.3924891349515836],[118.15606092028275,-8.3917756275981041],[118.15694539594391,-8.3911536580884007],[118.15761195034561,-8.3904549037200056],[118.15823194637112,-8.3897872550910417],[118.15889872472648,-8.3891659197829593],[118.16018567527962,-8.3879388699347146],[118.16064953009467,-8.3870548956875854],[118.16102040836071,-8.3862795858765971],[118.16162479804917,-8.3855964949296666],[118.16218285963208,-8.3850219290125025],[118.1629276909385,-8.3845087497285835],[118.16370348092275,-8.3839490256053004],[118.16438509846343,-8.3830953759522657],[118.16492705035374,-8.3823350425078686],[118.16503349497113,-8.381529542092137],[118.16604107897706,-8.3804891151537291],[118.16614756740806,-8.3796990990251281],[118.16656470631919,-8.3787997741514602],[118.16705889583309,-8.3776679569445847],[118.16732216148974,-8.3773110390608618],[118.16783305039526,-8.3765662785776307],[118.16820367640561,-8.3757135444682653],[118.16860521342861,-8.3747987811129239],[118.16881998220077,-8.3738226317264139],[118.16915964483114,-8.3730164411606882],[118.16921888257933,-8.3720252676058919],[118.16993184477798,-8.3712644250262738],[118.17036474866846,-8.3704424743713233],[118.17076678359486,-8.3696980350833314],[118.17126201743285,-8.368922350591351],[118.17211573763581,-8.3684398053704587],[118.17293780302585,-8.3677715416674339],[118.17355871232606,-8.3674290440958004],[118.17436517832969,-8.3667453390302065],[118.17517164054877,-8.3660616326873463],[118.17583830824751,-8.3654247939280548],[118.17655129125329,-8.3646794268223026],[118.17724900412216,-8.3640270104332721],[118.1776988740661,-8.3636850158165821],[118.17877010654624,-8.3631553578656987],[118.17953079469697,-8.3627659828292327],[118.1801829728003,-8.3624853198776314],[118.18102181580687,-8.3622350682664539],[118.18193812041584,-8.361891676596203],[118.18274642654843,-8.3618273231519424],[118.1837728804439,-8.3616035678778697],[118.18286944180204,-8.3604021510003577],[118.18252724343624,-8.3597905648709201],[118.18274733626467,-8.3591108098323517],[118.18373752953011,-8.3588193691313748],[118.18468822918689,-8.3586609661860525],[118.18545223597768,-8.3583394506313269],[118.18649771300511,-8.3581669049755831],[118.18757328983135,-8.3571601100600006],[118.18801323577966,-8.3560843742893383],[118.18777126269818,-8.3556128116212207],[118.188328242743,-8.3545662878512577],[118.1882430248919,-8.3537302621728795],[118.1881865960183,-8.3527811512092889],[118.18909469284566,-8.3523713575100427],[118.18956377413376,-8.3519808341568602],[118.19006288626407,-8.3515791318721444],[118.19052485545483,-8.3511915762790618],[118.19180599483991,-8.3514563415543623],[118.19253146710716,-8.3515017084524032],[118.19334836898605,-8.3516868290463453],[118.1942101485387,-8.3514658216496951],[118.1950198973289,-8.3510848181624233],[118.19574611244752,-8.3507988503324402],[118.19685711334976,-8.3505221820842408],[118.19813349116282,-8.3503633176601095],[118.19867559089325,-8.3500904903578004],[118.19916344120492,-8.3497135181584028],[118.19990555842062,-8.3490468197285939],[118.20029156586315,-8.3488646983536317],[118.20131323962859,-8.3487327056603959],[118.20205780191482,-8.3483447789399765],[118.20284579023611,-8.3477630169477592],[118.20393519855473,-8.3478056850974554],[118.20487977182648,-8.3477530926980279],[118.20565038248638,-8.3474759274294268],[118.20650311863743,-8.3470636256526802],[118.207188892663,-8.3464294983220313],[118.20780909545894,-8.346052829299774],[118.20834973106999,-8.3453325145596349],[118.20878421233385,-8.3448706342727093],[118.20907003879773,-8.3441663432506576],[118.2092792354773,-8.3433736618388359],[118.20969474778106,-8.3427329402567629],[118.21097651471,-8.3425016754485135],[118.21239845100516,-8.3422260965494068],[118.21300699317565,-8.3419323497310867],[118.21354640618706,-8.3412117993944772],[118.21385373155859,-8.3407695159742445],[118.21402014273863,-8.3405300289856381],[118.21452671674409,-8.339891358177784],[118.21446146641797,-8.3395886931028453],[118.21437569960753,-8.3390980794389495],[118.21397726588459,-8.3387036892038555],[118.21303251324514,-8.3382615182400528],[118.21234821377919,-8.3378390602081893],[118.2116531600998,-8.33722163778884],[118.21088723425953,-8.3366752358917786],[118.21031615935529,-8.3359158205642352],[118.209922271119,-8.3349788525653956],[118.20949305714943,-8.3341127955124019],[118.20908210860188,-8.3334059944082188],[118.20849332278102,-8.3326643317211708],[118.20777810942423,-8.3321214481313479],[118.20696852749548,-8.3316718819020466],[118.20637295941707,-8.3312367705480064],[118.20605762774092,-8.3302922145196341],[118.20570217547419,-8.3296802243138632],[118.20528394063388,-8.328786529969145],[118.20468235923278,-8.3283153128389902],[118.20419809887836,-8.3274868785586591],[118.20352361156831,-8.3268649336342886],[118.20292415024527,-8.3262150933006112],[118.20211412120841,-8.3257082525567636],[118.20139589160181,-8.3250682019595619],[118.20101708315232,-8.324307287536671],[118.20047506136612,-8.3236340287015249],[118.19970344912318,-8.3231996397984798],[118.19899062446848,-8.3225991045525571],[118.19811353592313,-8.3220818942380017],[118.19791876290091,-8.3212566503512839],[118.19738755488414,-8.3205672685133845],[118.19659596542895,-8.3200724964217851],[118.19579822977965,-8.3194079065205049],[118.19517264779071,-8.3191704169387428],[118.19466693970412,-8.3188368169176599],[118.19410002885174,-8.3181323733792265],[118.1934599357966,-8.3170690908121863],[118.19284546891897,-8.3165323476870299],[118.19202672746786,-8.3159962157314506],[118.19113661134936,-8.3156996677858963],[118.19058158379661,-8.3149473064931314],[118.19002701688763,-8.314262955515602],[118.18941829885307,-8.3135948122442116],[118.18862952422592,-8.313157853037211],[118.18785491630815,-8.3126720055577827],[118.18714973924681,-8.3119636064070903],[118.18667698025048,-8.311200829158464],[118.18605004899835,-8.3105085194179455],[118.18580368551285,-8.3098240638574037],[118.18533174499275,-8.3089376917336821],[118.18465118117935,-8.3084216934269701],[118.18425873408893,-8.3078832885404754],[118.18330731077782,-8.3081136140947862],[118.17810383189162,-8.3093732963141367],[118.17033440146589,-8.3112541565097953],[118.16651816345369,-8.3121780093609416],[118.16738950071377,-8.3152789135015848],[118.16785994894352,-8.3169495521272516],[118.16786501277238,-8.316968573129067],[118.16842922236825,-8.319088096995058],[118.17200858034707,-8.3307902443610153],[118.17805777344645,-8.3319244677678519],[118.17732328593314,-8.3480012879938279],[118.1773198124482,-8.348000010512969],[118.14536299894561,-8.3904661132122058],[118.14534881424557,-8.3904849615693369],[118.14512055071042,-8.3906989622545396],[118.13848255965944,-8.3969220752732792],[118.13043616730275,-8.405022110544893],[118.1304800381569,-8.4050959392000344],[118.13691523428162,-8.4159251812263722]]]},"properties":{"FID":9,"Kode_Zona":"ZRe","Zonasi":"Zona Rehabilitasi","Luas_Ha":2376.6871698999998,"Luas_SK":2164.01236862,"Lokasi":"So Lompa"}},{"type":"Feature","id":10,"geometry":{"type":"Polygon","coordinates":[[[117.92650210174084,-8.3393566922398286],[117.9226341907266,-8.3384946080531712],[117.92072588819036,-8.3380692681548005],[117.91813067863366,-8.337484616654093],[117.91813044057555,-8.3374907854064588],[117.91807059767429,-8.3390467043458045],[117.91797416208594,-8.3415540280438858],[117.91626800015619,-8.3412009999605878],[117.91617008785673,-8.3418539017091096],[117.91567698488188,-8.3423811822631286],[117.91475101908931,-8.3445669068857491],[117.91385639867848,-8.3473208902274152],[117.91236142852674,-8.3502258157313207],[117.9108941140513,-8.3521136601609989],[117.90987508864229,-8.3530432809866966],[117.90714520665782,-8.3544643915150321],[117.90573819721661,-8.356471731442852],[117.9033996045281,-8.3582718087933561],[117.90006742703791,-8.3590272082090156],[117.89995311736955,-8.3615700103090536],[117.90079760977568,-8.3630936126477149],[117.90047245249787,-8.3653736658862385],[117.90023676839945,-8.3673783230190697],[117.90012974603019,-8.373091804661648],[117.90022198536182,-8.374018873308545],[117.89973475776604,-8.3749868871903317],[117.89922302351351,-8.3751255016871546],[117.89798491281874,-8.375744556565401],[117.89765475037412,-8.3761778949381576],[117.89715950654339,-8.3765286925914122],[117.89678880373657,-8.3768376111783223],[117.89678807312771,-8.3768382206156424],[117.89679571259222,-8.3768436578945398],[117.89678309865103,-8.376854351599615],[117.89724221356674,-8.3771564651454362],[117.8979007386974,-8.3775183145962657],[117.89892190367523,-8.3777356223599],[117.89947499325343,-8.3781738267657282],[117.9001934412901,-8.3785140371396167],[117.90123005459205,-8.3789898718661711],[117.90184185189342,-8.3792062345116651],[117.90216463387995,-8.3794975556715503],[117.90348484139618,-8.3796887446770434],[117.90413400083554,-8.3797188953830535],[117.90496469047764,-8.3796937933338072],[117.90633199039125,-8.3799361186499723],[117.90696786833833,-8.3805683193495994],[117.90772480414796,-8.3807821681161716],[117.90864218931007,-8.3807129487161252],[117.9096620249102,-8.380779209664043],[117.91053758422981,-8.3812360254105922],[117.91194195696146,-8.3813307868885705],[117.9125892849862,-8.3812644694354557],[117.91328297928642,-8.3811445485749996],[117.91426456526487,-8.3812043641030947],[117.91520362779059,-8.38121650573067],[117.91589223188089,-8.3811694699984312],[117.9163120378264,-8.3811147003008042],[117.91694832288593,-8.3808401309671936],[117.91741056141184,-8.380646784817154],[117.91810827163191,-8.3803896521482102],[117.91874034954802,-8.3803122648416597],[117.91958073403661,-8.3803795869932465],[117.92025441017292,-8.380473623857112],[117.92062855160491,-8.3805357075928324],[117.92118286799852,-8.3806276886745348],[117.92236199949731,-8.3806972981659911],[117.92271040732732,-8.3807462046420671],[117.92317053498395,-8.3808107954413043],[117.92384531749491,-8.380946064291118],[117.9245619964223,-8.3812013061448543],[117.92542118511381,-8.3816612817092153],[117.92568252447478,-8.3817940895447833],[117.9261397742343,-8.3824423121354581],[117.92679746260544,-8.3829508362381198],[117.92730336043633,-8.3836958790052183],[117.9276952367363,-8.3846441779126586],[117.92819807534188,-8.3849551299712939],[117.92902603336196,-8.3855257897897868],[117.92921773233655,-8.3862194742783096],[117.9300228369691,-8.3869705445404019],[117.93065876300952,-8.3875841616980864],[117.9313932694414,-8.3883050065053055],[117.93181746877713,-8.3890176762567403],[117.93230494472716,-8.3898947355377036],[117.93297726066145,-8.3910667155853691],[117.93319083400223,-8.391761999330031],[117.93366420489716,-8.3923424318261208],[117.93414298316281,-8.3927268525836745],[117.93483252743303,-8.3934159066323399],[117.93571003948725,-8.3941387543442811],[117.93633892940977,-8.3948167886032454],[117.93716916503313,-8.3956835476688454],[117.93808387513386,-8.3964201652894346],[117.93857427276753,-8.3967752025580733],[117.93930421742193,-8.3973078949577715],[117.93995264003522,-8.3978122241363611],[117.93996010787346,-8.397818032592987],[117.94060327942766,-8.3983301175844591],[117.94164932096373,-8.3989756270541047],[117.94254402510083,-8.3995562226889735],[117.94254547005296,-8.399557707001188],[117.94254644519263,-8.399558709477688],[117.94254772807814,-8.3995600277645401],[117.94254874509905,-8.3995610726485221],[117.94254965377203,-8.3995620065481731],[117.94255056153463,-8.3995629395455804],[117.94255173242844,-8.3995641423347358],[117.94255261742855,-8.3995650518717113],[117.94255354704325,-8.3995660074273015],[117.94255423355585,-8.3995667130404748],[117.94255533525391,-8.3995678454504716],[117.94256536525327,-8.3995781526315092],[117.94257081637927,-8.3995837542224709],[117.94257520131771,-8.3995882603996375],[117.94257934224149,-8.3995925148276616],[117.94258395935729,-8.3995972601202151],[117.94258809937304,-8.3996015145502998],[117.94259247156391,-8.39960600719143],[117.94259636665684,-8.3996100098745252],[117.94260167574832,-8.3996154661933318],[117.94260617723128,-8.3996200923789406],[117.94261374343643,-8.3996278676538108],[117.94261847709477,-8.3996327320503124],[117.94262369240337,-8.399638090915909],[117.94262877387042,-8.3996433126299799],[117.94263172751363,-8.3996463480281278],[117.94263413850241,-8.3996488257937489],[117.94263710398107,-8.3996518729209715],[117.94263849521731,-8.3996533030961622],[117.94269051539717,-8.3997067609221769],[117.94274373926342,-8.3997614549131008],[117.94280414330682,-8.3998235271449051],[117.94286665334835,-8.3998877649300372],[117.94292593934324,-8.3999486884892569],[117.94299799415013,-8.4000227335311219],[117.94305831178082,-8.4000847181926126],[117.94308576142146,-8.4001129264205456],[117.94315469671088,-8.4001742745177257],[117.94322369482508,-8.4002356785238437],[117.94327576973157,-8.400282022864662],[117.94332131491826,-8.4003225556642338],[117.94339336041512,-8.4003866719238331],[117.94347046661854,-8.400455292713378],[117.94354838747151,-8.4005246377814533],[117.94360546306159,-8.4005754306839382],[117.94448510249313,-8.4008204363967796],[117.94549359225883,-8.4011619939159026],[117.94642391441285,-8.4014594562099223],[117.94766110575426,-8.4017876876407502],[117.9487230979781,-8.4021792936694624],[117.94932226445719,-8.4025675893186449],[117.95063448794225,-8.4030330750207973],[117.95163079749368,-8.4034631865129334],[117.95241017674736,-8.4035708456260529],[117.95296957246623,-8.4037755270570962],[117.95401737148725,-8.4041565693730487],[117.95504553124488,-8.4046470020451522],[117.95542319468008,-8.4038180835404361],[117.95592061754658,-8.4033086484263286],[117.95632105335726,-8.4027646094028121],[117.95665235627793,-8.402206711472628],[117.95701841426086,-8.4016330643999932],[117.95726693056284,-8.4009566003484579],[117.9574223128042,-8.4002648148316457],[117.95764921251759,-8.3998904862125343],[117.95778187262258,-8.3996716296469582],[117.95807851293362,-8.3992954490335272],[117.95843619022378,-8.3989207205505281],[117.95877774240941,-8.3985261248757137],[117.95915711074858,-8.3975127172426784],[117.95961287164442,-8.3970187814386943],[117.95984615444809,-8.3965887253049871],[117.96021717628166,-8.3960430738419003],[117.96046371077362,-8.3954877951071012],[117.96047158778563,-8.3950750731506307],[117.95665532141871,-8.3935679334860769],[117.94818972467473,-8.3906689978225355],[117.94346705255928,-8.3890766258109988],[117.93601458010521,-8.3784118818275122],[117.93254532597874,-8.3747498918047985],[117.92522134476989,-8.3714733731491222],[117.92352484343083,-8.3714045030827489],[117.92467890382956,-8.3651592665449748],[117.92366227647113,-8.3620029289519167],[117.92297275447089,-8.357917583917553],[117.92644200882516,-8.3490517116056768],[117.92669899051998,-8.3394148951445963],[117.92676323588091,-8.3394148951625287],[117.92650210174084,-8.3393566922398286]]]},"properties":{"FID":10,"Kode_Zona":"ZRe","Zonasi":"Zona Rehabilitasi","Luas_Ha":1491.9265405599999,"Luas_SK":1358.42340874,"Lokasi":"Soritatanga"}},{"type":"Feature","id":11,"geometry":{"type":"Polygon","coordinates":[[[117.89491102136124,-8.3336870851981857],[117.89440128017542,-8.3329861906939193],[117.89239616235065,-8.3330140673200503],[117.89034088396761,-8.3331119375013039],[117.89033619041368,-8.3331305803000362],[117.88993802688935,-8.3341507727471527],[117.88965825062903,-8.3350525196995964],[117.88951206545688,-8.3359982835025068],[117.88914299416003,-8.3367672784477147],[117.88874452445307,-8.337654519797896],[117.88836095095802,-8.3385712709160948],[117.88763786580789,-8.3402126323319816],[117.88697247244455,-8.3411300150691545],[117.88670745146361,-8.3420021826290238],[117.8864731955955,-8.3433617730509777],[117.88623813942441,-8.3443668255039558],[117.88584202044673,-8.3463029031739815],[117.88557646297231,-8.3469387135694806],[117.88511954472001,-8.3482249386250587],[117.88463219127493,-8.3491714655433107],[117.88462702722109,-8.3491841916339062],[117.88427816643029,-8.3500438300692927],[117.883864741788,-8.3508867835562661],[117.88357011254313,-8.3517885621677976],[117.88314185135637,-8.3526315482728535],[117.88269824166331,-8.3532449807885794],[117.88288512338245,-8.3539824392823352],[117.88344251520031,-8.3547454244511847],[117.88423728557771,-8.3551652926746218],[117.88511191174776,-8.3557958017733842],[117.88598791031299,-8.3570324173370629],[117.88641289012826,-8.3577429875996074],[117.88686486730781,-8.358690671213111],[117.88718376830747,-8.3592960661056885],[117.88750350474398,-8.3602703975605639],[117.88816705695473,-8.3611648983821034],[117.88856636156976,-8.3622181064276138],[117.88896548670715,-8.363192258508807],[117.88944417846017,-8.3642452875769759],[117.88960467945333,-8.3650091515917726],[117.89008385319373,-8.3662730000183245],[117.89011204925237,-8.3670371613898631],[117.89019400780955,-8.3681701409691467],[117.89022202416523,-8.3688552442745241],[117.89038355445633,-8.3694782187973846],[117.8907827790823,-8.3701093364371122],[117.89110102905042,-8.3709825738606281],[117.89143602836981,-8.3718042827675472],[117.89145109089374,-8.372209615761701],[117.89159306004056,-8.3728565620703801],[117.89208855822643,-8.3736750769276327],[117.89276142016499,-8.3745096688549712],[117.89332398088365,-8.3750994527746592],[117.89423003844225,-8.3756485084278758],[117.89474941166139,-8.3758540953069414],[117.89540259141236,-8.3762981291795331],[117.89595495745372,-8.3765694088939178],[117.89673504817313,-8.3768227323462483],[117.89676085615761,-8.3768397150432854],[117.89678309865103,-8.376854351599615],[117.89679571259222,-8.3768436578945398],[117.89678807312771,-8.3768382206156424],[117.89678880373657,-8.3768376111783223],[117.89715950654339,-8.3765286925914122],[117.89765475037412,-8.3761778949381576],[117.89798491281874,-8.375744556565401],[117.89922302351351,-8.3751255016871546],[117.89973475776604,-8.3749868871903317],[117.90022198536182,-8.374018873308545],[117.90012974603019,-8.373091804661648],[117.90023676839945,-8.3673783230190697],[117.90047245249787,-8.3653736658862385],[117.90079760977568,-8.3630936126477149],[117.89995311736955,-8.3615700103090536],[117.90006742703791,-8.3590272082090156],[117.9033996045281,-8.3582718087933561],[117.90573819721661,-8.356471731442852],[117.90714520665782,-8.3544643915150321],[117.90987508864229,-8.3530432809866966],[117.9108941140513,-8.3521136601609989],[117.91236142852674,-8.3502258157313207],[117.91385639867848,-8.3473208902274152],[117.91475101908931,-8.3445669068857491],[117.91567698488188,-8.3423811822631286],[117.91617008785673,-8.3418539017091096],[117.91409242706146,-8.3416190865779782],[117.91012482134623,-8.3402642169636074],[117.9072454014011,-8.3419219698492721],[117.90356712199595,-8.3409971069540951],[117.90111538136952,-8.3405719491673285],[117.90067730863893,-8.3381321026573989],[117.90127919779235,-8.3363780133262004],[117.90096420656131,-8.3352086652175466],[117.89809690885599,-8.3330817669666395],[117.8980798009526,-8.3330883818121713],[117.89570749313924,-8.3340056742284645],[117.89491102136124,-8.3336870851981857]]]},"properties":{"FID":11,"Kode_Zona":"ZKh","Zonasi":"Zona Khusus","Luas_Ha":881.70448382200004,"Luas_SK":802.80628962000003,"Lokasi":"Karyasari"}},{"type":"Feature","id":12,"geometry":{"type":"Polygon","coordinates":[[[118.13136941036743,-8.4334027520103998],[118.13167511446395,-8.43292554069407],[118.13152407170624,-8.4321075431464045],[118.13201809965923,-8.4312237182997141],[118.132182086169,-8.4303347427211968],[118.13249569454968,-8.4294346810956036],[118.13264045741573,-8.4285191445563683],[118.13288922760047,-8.4276615309484981],[118.13334546629265,-8.426709562830764],[118.13373425607575,-8.4258509026783202],[118.13405885040854,-8.4248926671530402],[118.13443736580847,-8.4240311477919789],[118.13439507094502,-8.4240208715681444],[118.13381304266929,-8.4238820003277386],[118.13334467438817,-8.423770246793282],[118.13302030949885,-8.4236928528432031],[118.13183501835985,-8.4233173310433234],[118.13131880144383,-8.423098045259886],[118.13065706387636,-8.4228169409329201],[118.13050725603954,-8.4227533022735699],[118.12951237434129,-8.4228964914977205],[118.1294904288217,-8.4230215218611058],[118.12937154389557,-8.4236988611900614],[118.129042181486,-8.4251149411244963],[118.12903670061171,-8.4251670610919174],[118.12880891865184,-8.4273330015569154],[118.12887631233617,-8.4275465033814996],[118.12904710419751,-8.4280875652717047],[118.12873868893843,-8.428477874505889],[118.12833777997383,-8.4289852376411574],[118.12696487446826,-8.4297896259553102],[118.12604238597295,-8.4300915887950261],[118.12475341745896,-8.4305135101160822],[118.12450205156007,-8.4305957900220729],[118.12407519534108,-8.430710382751581],[118.12184951221664,-8.4313078781105837],[118.12064895347216,-8.4324072650018671],[118.12014610344777,-8.4328677362814446],[118.1196609784173,-8.4333523546873543],[118.1195571225867,-8.4334561028272006],[118.11957757175901,-8.4334619463844227],[118.12025944053093,-8.4336568114048234],[118.12083808268491,-8.4339764981263325],[118.12184637213048,-8.4341263466126666],[118.12266110678385,-8.4339159566724344],[118.12370143725518,-8.4345738451487193],[118.12411239403821,-8.4353601010193273],[118.12484582532755,-8.4356346806014937],[118.12508184561783,-8.4360980347642229],[118.12519039819681,-8.4367215562420803],[118.1254650745169,-8.4370809315571993],[118.12580645715533,-8.4374012309075255],[118.12601274347466,-8.4375947764522667],[118.12614388856802,-8.4381717932242299],[118.12662467944277,-8.437910136011963],[118.12669656066767,-8.4378779962594788],[118.12733227029436,-8.4375937523805362],[118.12769810140735,-8.4372231769878958],[118.12812148442737,-8.4370200592767493],[118.12827946878731,-8.436944488039483],[118.12864091953153,-8.4367769539841131],[118.12894475984116,-8.4365070294028772],[118.12930400847419,-8.4354655312380391],[118.12959660987266,-8.4348352676105858],[118.12977279300817,-8.4346718928229389],[118.13031209650262,-8.4343384104364105],[118.13078818774434,-8.4339840894607381],[118.13136941036743,-8.4334027520103998]]]},"properties":{"FID":12,"Kode_Zona":"ZKh","Zonasi":"Zona Khusus","Luas_Ha":106.197755481,"Luas_SK":96.694785620399998,"Lokasi":"So Tompo"}},{"type":"Feature","id":13,"geometry":{"type":"Polygon","coordinates":[[[117.92483199231251,-8.2154577681882106],[117.93142722154433,-8.220462529294366],[117.93529839494686,-8.2241680406344262],[117.9393102587878,-8.2255903783899047],[117.94403662518796,-8.2255850015325844],[117.9476907204039,-8.2272216908255444],[117.95148831867964,-8.2290722075837426],[117.95509456253951,-8.2270761414417848],[117.95792576294016,-8.224744564505782],[117.96408778895869,-8.2160844197747984],[117.97996561907459,-8.2094902439459787],[117.97974116212059,-8.2017141811106562],[117.97908973371537,-8.1960789160975196],[117.97750860548545,-8.1913722393212574],[117.97443932527104,-8.1881088543696858],[117.97346198589591,-8.1884620749757904],[117.97281130239818,-8.1889079565923009],[117.97123459128795,-8.1894244225911095],[117.97006902092203,-8.1897348264011676],[117.96845791748494,-8.1902171877515482],[117.96766959750596,-8.1904925016287695],[117.96664098748525,-8.1907000352053583],[117.96575057771715,-8.1913173705695836],[117.96434758564858,-8.1927562015071498],[117.96366340137864,-8.1935439318592636],[117.96205292836271,-8.1942996913057282],[117.9612663997866,-8.1953269078358524],[117.96078794816887,-8.1960799649535137],[117.95886839379574,-8.1966997376636161],[117.95791033054624,-8.1977273568125959],[117.95640429491255,-8.1991322328820893],[117.95554937724614,-8.2002621367272077],[117.95469527222892,-8.2017338187030031],[117.95342795616716,-8.2025570934160736],[117.95171605510383,-8.2039624415671195],[117.95113287447528,-8.2039638193706299],[117.9501395758035,-8.2046155470073234],[117.95007250834614,-8.2052650895242678],[117.94815410461085,-8.2063974883795243],[117.94750392826253,-8.2070825811712957],[117.94616748492078,-8.2077009282781344],[117.94500248142282,-8.2082846935823159],[117.94318639724,-8.2091775825116802],[117.9419186305965,-8.2098299362579521],[117.94095936504684,-8.2103790306112945],[117.94082206305426,-8.2103451730906585],[117.93979426448729,-8.2109286025380399],[117.93880157137811,-8.2118537305533348],[117.93406874967498,-8.2124457692524686],[117.9330393389456,-8.2123456230049161],[117.93218169420345,-8.2123476098412649],[117.93036404710837,-8.2125910627867391],[117.92933463585767,-8.2124909051940662],[117.92858284757513,-8.2137572384113522],[117.92758900803543,-8.214203848209479],[117.92717828888284,-8.2146149343754065],[117.92587569082693,-8.2150622515453247],[117.92501859345037,-8.2153034709993769],[117.92483199231251,-8.2154577681882106]]]},"properties":{"FID":13,"Kode_Zona":"ZRi","Zonasi":"Zona Rimba","Luas_Ha":1234.23680326,"Luas_SK":1123.79270688,"Lokasi":" "}},{"type":"Feature","id":14,"geometry":{"type":"Polygon","coordinates":[[[118.16651816345369,-8.3121780093609416],[118.16626488585617,-8.3112766475126865],[118.16589222770236,-8.3099504398432433],[118.16555790363125,-8.3087606532565594],[118.16522344440992,-8.3075703808019146],[118.16500587254117,-8.3071243598798112],[118.16459286859471,-8.3062777004728368],[118.16426390541149,-8.3056033278447092],[118.16397713492564,-8.3050154484941245],[118.16373618849778,-8.3046724807815],[118.16115311120993,-8.2991779714085236],[118.15771838622224,-8.2986380030298417],[118.1517417916405,-8.2971856343555874],[118.14727135404011,-8.2951592991274463],[118.14270571716179,-8.2958750218971318],[118.1390715558679,-8.2954742443626586],[118.13631265825221,-8.2959183983215752],[118.13335511757479,-8.2947651078270734],[118.13019744088442,-8.2952444317402172],[118.12448868783237,-8.2939360490817151],[118.12227945131477,-8.2926384381899663],[118.11823120335089,-8.2915253972255432],[118.11452811323751,-8.2903246207579482],[118.10895246417422,-8.2885704766137511],[118.10433277554802,-8.2849933703207199],[118.10125940895071,-8.2809950337375007],[118.09834241523973,-8.2774193892184034],[118.09390538604271,-8.275817469805034],[118.08949075752739,-8.2769450882854319],[118.08670782589626,-8.2792176575471181],[118.08285827848952,-8.27993871258521],[118.07800169475541,-8.2820773315026237],[118.07113835152144,-8.2832634633594253],[118.06255867572342,-8.2813066830322555],[118.05782613547882,-8.2822392261290769],[118.05265429517854,-8.2837101703270584],[118.04877614589701,-8.2819285105599612],[118.04412583661303,-8.2782167355248255],[118.04143007611069,-8.2739630996969904],[118.03786718156132,-8.2737717713556211],[118.03508688697084,-8.2743481890090091],[118.03592019487486,-8.2765543831747763],[118.03865158239063,-8.2826547707480813],[118.03868887762164,-8.2867874386014346],[118.04194625191124,-8.2887494424456225],[118.04452019475994,-8.2933193318886111],[118.04855870341545,-8.297460910938474],[118.05177079104384,-8.2998424170403968],[118.0567533205697,-8.3022843861030484],[118.05926253477222,-8.3048845701125948],[118.06252917894035,-8.3077176078958033],[118.0659692674006,-8.3130168325465768],[118.06807468467254,-8.3209441807611579],[118.06858875662395,-8.3267256627605519],[118.06496981523834,-8.332905545463591],[118.06177930601014,-8.3331854495548701],[118.05894451222039,-8.3351110495170619],[118.05499461776658,-8.3369484213023028],[118.05097581367606,-8.3380088830098238],[118.04708607803167,-8.3379383260154132],[118.04330004017855,-8.3394398773887382],[118.03917977553655,-8.3416768456321932],[118.03457033854808,-8.342851606322057],[118.0293664148699,-8.3414344278958588],[118.0269728343915,-8.3377324935991144],[118.02538564243854,-8.3331589389284186],[118.02582934148309,-8.3290585241928561],[118.02475058931824,-8.3262210880465943],[118.02391534548177,-8.3236375351326153],[118.02389542596725,-8.3200937126006007],[118.0221619450559,-8.3167134263843234],[118.01834967953113,-8.3150291818317719],[118.01524352059678,-8.3156222388069416],[118.01222337693289,-8.3182691955456285],[118.00902220857914,-8.3214437081826311],[118.00500032748076,-8.321876792976294],[118.00251188508268,-8.3199500334862933],[118.00031126134643,-8.3237363242819065],[117.99701933537852,-8.32881886605505],[117.99346049449143,-8.3324461571336759],[117.98989402562518,-8.3346540281937216],[117.98516107355701,-8.3373637128701024],[117.9823196392294,-8.3400328680130666],[117.98159093031269,-8.342611376986099],[117.98069149421538,-8.3499353585527931],[117.98011328514096,-8.3570666032864267],[117.97780044952107,-8.3635553937276317],[117.97619431351877,-8.3712648466707531],[117.97825016795284,-8.3782676016787754],[117.97831441241735,-8.383985446133865],[117.98846519335464,-8.3852061095011496],[117.99790927385585,-8.3898317816814991],[118.00799581044177,-8.391180935835381],[118.01859630903441,-8.3952926443250036],[118.02874708900364,-8.3976697264172611],[118.03870513362928,-8.3980551996355182],[118.04943412351479,-8.3963848172269895],[118.06054858570442,-8.400560771317469],[118.06723011295253,-8.4004322812908399],[118.07513230300607,-8.3975412356258907],[118.08341996553861,-8.3962563264462275],[118.09594102887354,-8.3969769552847691],[118.10672780958419,-8.4038028207422055],[118.11767138432778,-8.4107836248144032],[118.12616642181611,-8.4159526667313003],[118.12746457147998,-8.4126849400074271],[118.12748801610533,-8.4125847321020775],[118.12817051114223,-8.4108454711221139],[118.12895815592545,-8.4088382475238301],[118.12977931790343,-8.4067456089192181],[118.13013310373266,-8.4058440246329447],[118.13033167147205,-8.4053379960734205],[118.13038390234821,-8.4052048931726553],[118.1304788939494,-8.4050972348277853],[118.1304800381569,-8.4050959392000344],[118.13043616730275,-8.405022110544893],[118.13848255965944,-8.3969220752732792],[118.14512055071042,-8.3906989622545396],[118.14534881424557,-8.3904849615693369],[118.14536299894561,-8.3904661132122058],[118.1773198124482,-8.348000010512969],[118.17732328593314,-8.3480012879938279],[118.17805777344645,-8.3319244677678519],[118.17200858034707,-8.3307902443610153],[118.16842922236825,-8.319088096995058],[118.16786501277238,-8.316968573129067],[118.16785994894352,-8.3169495521272516],[118.16738950071377,-8.3152789135015848],[118.16651816345369,-8.3121780093609416]]]},"properties":{"FID":14,"Kode_Zona":"ZRi","Zonasi":"Zona Rimba","Luas_Ha":20687.419823200002,"Luas_SK":18836.232609499999,"Lokasi":" "}},{"type":"Feature","id":15,"geometry":{"type":"Polygon","coordinates":[[[118.02820096433445,-8.287410296933011],[118.027959117829,-8.2836355209287476],[118.02692942497967,-8.2797540826266758],[118.0256790750948,-8.276186522870109],[118.02551236500321,-8.2741200354900943],[118.02579800088039,-8.2738245799918424],[118.02573841090306,-8.273876790393448],[118.02294591996547,-8.2767170820484566],[118.0170955186901,-8.2837166703509357],[118.00414105704253,-8.2883134145024329],[117.99060820549185,-8.2887798704127853],[117.98525292123351,-8.2849189663476608],[117.98563839417965,-8.2883882194807903],[117.98409650337868,-8.2973825828149188],[117.98499593921868,-8.3045780726142713],[117.98750151163512,-8.3139579087590576],[117.98840094821864,-8.324622651594261],[117.99126643095097,-8.321564776795503],[117.99171691451636,-8.3194982237186696],[117.99406325177,-8.3156712621216258],[117.9961645305018,-8.3128878003572328],[117.99858950676628,-8.3098882265664145],[118.00049916388765,-8.3071077540896141],[118.00352880126232,-8.306247841729574],[118.00658303059906,-8.3075763037205874],[118.0082525341566,-8.306930486358814],[118.01043883686484,-8.3054939604063556],[118.01186540078923,-8.3019073713276867],[118.0134051392221,-8.2989062327853507],[118.01786475179762,-8.2972052227746733],[118.02190679301494,-8.2996560486676749],[118.02293510858593,-8.3048499000396685],[118.02494096930633,-8.305763454795791],[118.02817120551994,-8.3086012953263815],[118.03043688438545,-8.3114549960315056],[118.03133507364792,-8.314274457956218],[118.03306592489074,-8.3185035183348965],[118.033978944417,-8.3228677417511552],[118.03492669626772,-8.3274663526175488],[118.03491140695928,-8.3321529035384287],[118.0365951195424,-8.3320139077117137],[118.03970886264284,-8.3302282523441704],[118.04212270155215,-8.3279892891766281],[118.04530404767191,-8.3273510763295988],[118.04892374931448,-8.3284619386225902],[118.05247497320046,-8.3272784153505501],[118.05427725846749,-8.3243203139459272],[118.05716021677561,-8.3234414917914616],[118.05857557031953,-8.3205496150851666],[118.05731323848666,-8.3163970691227576],[118.05597599813635,-8.3140669116739172],[118.05313841666978,-8.3119331955880948],[118.05098490167001,-8.3097425762479862],[118.04741760308487,-8.3085708063996702],[118.04392380425851,-8.3068283626513981],[118.04130450415963,-8.3040451626248561],[118.0386871857301,-8.3008875893960745],[118.03633373440067,-8.2986224307176748],[118.03398816799846,-8.2951536928418221],[118.0315134251574,-8.2928864236777944],[118.02917805302594,-8.2901679054398816],[118.02820096433445,-8.287410296933011]]]},"properties":{"FID":15,"Kode_Zona":"ZRi","Zonasi":"Zona Rimba","Luas_Ha":1949.8728863399999,"Luas_SK":1775.39101347,"Lokasi":" "}},{"type":"Feature","id":16,"geometry":{"type":"Polygon","coordinates":[[[118.00976626670078,-8.1142958275930503],[118.00928504245164,-8.1139517428448364],[118.00793848516038,-8.1135429253404361],[118.00581696455474,-8.1157381124480352],[118.00516745049431,-8.1165941584299919],[118.00513536163409,-8.1174828586460439],[118.00506923249463,-8.1184741755819019],[118.00507212264201,-8.1196362123209855],[118.00507406424258,-8.1204173820373473],[118.00507433144156,-8.1205248286626901],[118.0044590216346,-8.1213466129843415],[118.00384430377477,-8.1224076403039671],[118.00398310536116,-8.1230566747148032],[118.00402003591179,-8.1241160939582251],[118.00398760797239,-8.1248680835007754],[118.00364709589292,-8.1258600784403026],[118.00347798396295,-8.126817471586838],[118.00337797963644,-8.1279797623251433],[118.00351729410846,-8.1288338625227734],[118.00279950049658,-8.1298267882185957],[118.00235557798109,-8.1306139705291454],[118.0019461236129,-8.1314694242302146],[118.00160602595403,-8.1326323058860837],[118.00198534364132,-8.1334516362642759],[118.00178218370677,-8.1345116477004513],[118.00140702187636,-8.1353670158507239],[118.00165008140955,-8.1365626377534994],[118.00100035996235,-8.1373503278422614],[118.00069353863259,-8.1381029945467027],[118.0006954884208,-8.1388890773645439],[118.00025087632518,-8.1394028391555242],[117.9994987593041,-8.1403958453608745],[117.9988832423919,-8.1411492719510203],[117.99850688435805,-8.1415261528127321],[117.99835764018198,-8.1415801056285275],[117.99765017156351,-8.1418358592702429],[117.99727541842324,-8.1428621136846395],[117.99693420206285,-8.1435806852727595],[117.99624973894561,-8.1441975656910515],[117.99587430573311,-8.1449503986096552],[117.99608221393321,-8.1458043325986047],[117.99659915600806,-8.1467942189978206],[117.99636159579333,-8.147820136124496],[117.9959858221703,-8.1484362585826151],[117.9953703720562,-8.149223858631121],[117.99502990818398,-8.1502500279474717],[117.99462059044551,-8.1511738313589142],[117.99397117133898,-8.1520982250152674],[117.99376773326159,-8.1530557020091887],[117.99380338449077,-8.1536024587043663],[117.99377094081984,-8.1543544498579426],[117.99312100836325,-8.1550737765315269],[117.99284837728584,-8.1557921773828355],[117.99240567702145,-8.1570920204253969],[117.99206385341705,-8.157571345812844],[117.99203123757415,-8.1582549816569347],[117.9918965643308,-8.1592806458138831],[117.99169345764206,-8.1603748315634785],[117.99180006911544,-8.1618783950346128],[117.99159772039758,-8.1632801794033032],[117.99132558840451,-8.1642036462911136],[117.9916373324547,-8.1654332846630666],[117.99139874218884,-8.1660490690442558],[117.99140228458398,-8.1674845278758603],[117.99147274198008,-8.1682362669028752],[117.99144063344515,-8.1691249679606059],[117.99110031800457,-8.170219491642051],[117.99103458196696,-8.1713816975638807],[117.99127697121384,-8.1723039038990866],[117.99145118085555,-8.1733971657338351],[117.99100846244919,-8.1746970071950109],[117.99008450238712,-8.1755878929908157],[117.98923023867383,-8.1769229178972758],[117.98926664627511,-8.1777772743677524],[117.98926883701799,-8.1786658915561468],[117.9878985122612,-8.1793869772881624],[117.98707626530292,-8.1797991199371012],[117.98639147797167,-8.180313458556963],[117.98457470650334,-8.1808305577923175],[117.98426799640762,-8.1816515727685211],[117.98372133429883,-8.1825415288299297],[117.98200904605687,-8.1837077418462112],[117.9808607816087,-8.1840693989636897],[117.98000579910259,-8.1851309889641559],[117.97863501788569,-8.1856811585323594],[117.97658033559229,-8.1871216056245792],[117.9751756524625,-8.1878427369838267],[117.97445523580716,-8.188103104550807],[117.97443932527104,-8.1881088543696858],[117.97750860548545,-8.1913722393212574],[117.97908973371537,-8.1960789160975196],[117.97974116212059,-8.2017141811106562],[117.97996561907459,-8.2094902439459787],[117.96408778895869,-8.2160844197747984],[117.95792576294016,-8.224744564505782],[117.95509456253951,-8.2270761414417848],[117.95148831867964,-8.2290722075837426],[117.9476907204039,-8.2272216908255444],[117.94403662518796,-8.2255850015325844],[117.9393102587878,-8.2255903783899047],[117.93529839494686,-8.2241680406344262],[117.93142722154433,-8.220462529294366],[117.92483199231251,-8.2154577681882106],[117.92423105723709,-8.215954670002489],[117.92368302842395,-8.216331890001177],[117.92269249278168,-8.2182139722328262],[117.92187434990744,-8.2204716213578344],[117.9209513864417,-8.2219092289767097],[117.92051022077479,-8.2229982754351081],[117.92051846567045,-8.2230057271738684],[117.92119030773382,-8.2236128725239741],[117.92635123179716,-8.2280304988321333],[117.93086695110509,-8.2317353411970622],[117.93509460728718,-8.2339422496847146],[117.93939131440072,-8.2338660601411924],[117.94326006387486,-8.2352885147360748],[117.94734417755299,-8.2371387385267099],[117.94660095963999,-8.2403994396144729],[117.94514770943782,-8.2497648286028529],[117.94563774427559,-8.2514580747629402],[117.94233100382638,-8.2511038562279477],[117.93521091100602,-8.2473170063134251],[117.93082703303813,-8.2478231288351296],[117.92615571701275,-8.2484011216228055],[117.92148438416308,-8.2489790632536231],[117.91703022166649,-8.2509887649651734],[117.91149823813295,-8.2533575821776637],[117.90452741760141,-8.2545821970632769],[117.89540226752032,-8.2579567765902855],[117.89538423716255,-8.2584934548557598],[117.89535445837143,-8.2593798474065778],[117.89522892353359,-8.260076528587172],[117.89519957180009,-8.2611528465495443],[117.89507432000167,-8.2619761446729054],[117.89501283588785,-8.2628942633632629],[117.89469685249198,-8.2636863326613952],[117.89447541449432,-8.2641299911463886],[117.89422283920054,-8.2648586096668435],[117.8934650908235,-8.2650636490482867],[117.89339713949812,-8.2650820360613046],[117.89339040606616,-8.2652748156722815],[117.89336728610115,-8.2659367735497895],[117.89311086247157,-8.266065208255565],[117.89279594242439,-8.2662229405803309],[117.89279758000499,-8.2669509919985966],[117.89260816444315,-8.2675053682976607],[117.89257795282936,-8.2682018345703874],[117.89242020680496,-8.2687086598945765],[117.89166075513158,-8.2701348071819432],[117.89131255752064,-8.270737019262743],[117.89070999593963,-8.2712764908944187],[117.89029745896167,-8.2715306460933267],[117.88995010769577,-8.2725127103229514],[117.88915815543264,-8.2736223814322614],[117.88909573507772,-8.2741289929906294],[117.88887520744682,-8.2749841567919695],[117.88884463617994,-8.2755223519189638],[117.88897323711211,-8.2761868115515647],[117.88897444468017,-8.2767249359426849],[117.88891287673098,-8.2776113995977791],[117.88878711417405,-8.2782131162375876],[117.88834321592989,-8.2786572665640339],[117.88793166106343,-8.2793545818552818],[117.88831498481549,-8.2802400570998902],[117.88831839466214,-8.2802568449298732],[117.89224160246158,-8.276294587140816],[117.89631763814269,-8.2701548972012198],[117.90168426412635,-8.2655120320617197],[117.90855703334296,-8.263007797972417],[117.9158602717999,-8.261287758732438],[117.92022757644629,-8.2599988533438875],[117.92423557705271,-8.2576401540967126],[117.92874724141687,-8.2574211438830201],[117.93311542078924,-8.2569882156587653],[117.93705396689566,-8.2566270692825565],[117.94199801841079,-8.2587617329202505],[117.94701199404498,-8.2593980551657005],[117.9485994538325,-8.2620498011447765],[117.95292952633365,-8.2660467901328794],[117.96192275233042,-8.2725418981086598],[117.97158214452044,-8.2782043000941119],[117.97709374933861,-8.282156411451993],[117.9768367667626,-8.2865893466076166],[117.97484515900805,-8.296097673971186],[117.97561610354464,-8.3059272266104216],[117.97805743146762,-8.3149858349994759],[117.97863563992109,-8.3244941611346555],[117.97439544064515,-8.3336170149105797],[117.97221109534496,-8.3429326052765944],[117.97150439573254,-8.3528264038360049],[117.96854910472959,-8.3611140667767145],[117.96713570448694,-8.3699156929966687],[117.96797089582097,-8.3769826922346233],[117.96234681338341,-8.3758630112886205],[117.95036764243443,-8.3739631559607268],[117.94233696184736,-8.3686950294469966],[117.9325442108934,-8.361619120224157],[117.93692694671991,-8.3493474601317939],[117.93758435708482,-8.3335696126233589],[117.93517385279627,-8.3208596794106704],[117.91545154228722,-8.3149429862130404],[117.90920456288464,-8.2976882750738472],[117.88818488659858,-8.2834444646141741],[117.88816226802481,-8.2834291358727743],[117.88813311525585,-8.2841656248450839],[117.88813453491056,-8.2847987128427008],[117.88769112594815,-8.2854644439272214],[117.88794727069319,-8.2863185462479478],[117.88817107010394,-8.2869194849052068],[117.88823590543515,-8.2874891219138416],[117.88810999826566,-8.2880275299695612],[117.88811148956945,-8.288692271202267],[117.88836706967035,-8.2892931387655935],[117.88833649958354,-8.2898313336611782],[117.88840097989018,-8.290242698319723],[117.88852951643402,-8.2908755029351671],[117.8886895489489,-8.291381618738102],[117.889072533202,-8.2921088191955619],[117.88926484314477,-8.2928364443570644],[117.88942523344819,-8.2935008317317802],[117.88964896904898,-8.2940701135400285],[117.88984092713632,-8.2946394669697163],[117.88988578788383,-8.2949473376017835],[117.89739006960951,-8.2996290628208982],[117.90305666555943,-8.3056217897805773],[117.90324940221413,-8.3139094517187857],[117.90408459259802,-8.3232250416526785],[117.91429961935772,-8.3263088233407636],[117.92637776319681,-8.3287501509962141],[117.92676323588091,-8.3394148951625287],[117.92669899051998,-8.3394148951445963],[117.92644200882516,-8.3490517116056768],[117.92297275447089,-8.357917583917553],[117.92366227647113,-8.3620029289519167],[117.92467890382956,-8.3651592665449748],[117.92352484343083,-8.3714045030827489],[117.92522134476989,-8.3714733731491222],[117.93254532597874,-8.3747498918047985],[117.93601458010521,-8.3784118818275122],[117.94346705255928,-8.3890766258109988],[117.94818972467473,-8.3906689978225355],[117.95665532141871,-8.3935679334860769],[117.96047158778563,-8.3950750731506307],[117.96070025634968,-8.3944642073124971],[117.96096016935502,-8.3939429551674927],[117.96109339978202,-8.3934714580364336],[117.96131857312268,-8.3928991376525488],[117.96130431315933,-8.3924888302431153],[117.96129145487905,-8.3918692106018558],[117.96122220943298,-8.3915206731336163],[117.96090643272341,-8.3911066690690443],[117.960720545836,-8.390432672433727],[117.96068912595858,-8.3898133863349216],[117.96114523016115,-8.389633156241576],[117.96206417544234,-8.3897560138656484],[117.96289651152776,-8.3899105444872539],[117.96370586495969,-8.3903325847539509],[117.96441232624761,-8.3904622958907691],[117.96521170694729,-8.3909526114726933],[117.96605423490514,-8.3913936392444359],[117.96692015034112,-8.3916214083706535],[117.9679131579331,-8.391631253418721],[117.96886551859114,-8.3914301248017225],[117.96974921372525,-8.3910488401281036],[117.97057148172847,-8.3916057347282109],[117.97113288103134,-8.3915616005507321],[117.97184203538697,-8.3918015209963244],[117.97282513815071,-8.3919409260235671],[117.97364686728885,-8.392155594366189],[117.97448977429083,-8.392321967213336],[117.97511442103641,-8.3926086575397818],[117.97606273498774,-8.3927344944299485],[117.97690216236353,-8.39280522809403],[117.97770203969972,-8.3929655323156851],[117.97845738281929,-8.393116910333978],[117.97983077971813,-8.3935443315410705],[117.98091705752891,-8.3936282999696985],[117.98165006077963,-8.3936044245160506],[117.98205109488562,-8.3941594294091573],[117.9828569991673,-8.3948389661492762],[117.98341187037947,-8.3954984698859807],[117.98387876228948,-8.3963518434941307],[117.98440885760172,-8.396631058923143],[117.98545891494341,-8.3970394875979117],[117.98651551868019,-8.3972299063611544],[117.98757569777837,-8.3971465244487806],[117.98842864024314,-8.3975299426003556],[117.9889897053487,-8.3980730955272787],[117.98969186360799,-8.3980138216533788],[117.99028286077821,-8.3980601885711064],[117.99111627722509,-8.3982600918736026],[117.99214922029871,-8.3982089700925915],[117.99413670453038,-8.3982837278093179],[117.9950826783825,-8.3983625096863577],[117.99590442448253,-8.3988673705064176],[117.99776423745209,-8.3991400900275579],[117.99835763998213,-8.3994046144203516],[117.99863925147918,-8.3995301491047893],[117.99935580067246,-8.40035288657511],[117.99995161303713,-8.4007576237186594],[118.00176788992015,-8.4005002988710302],[118.00267015257565,-8.4009771287479769],[118.00336550948685,-8.4014236524494503],[118.00433581944623,-8.4018009920594565],[118.00509905890891,-8.402314363549598],[118.00538485328246,-8.4022767251728805],[118.00524062938263,-8.4020060175479117],[118.00505691017005,-8.4017859297225854],[118.00515340588379,-8.4014918879944904],[118.00527118965461,-8.4012889919347824],[118.00535038451626,-8.4010341550112724],[118.00551968613252,-8.4007029010823011],[118.00567734984739,-8.400638023568602],[118.0062028777043,-8.40035390143046],[118.00711736442547,-8.4004800161544466],[118.00795549522539,-8.400915638853748],[118.00921901445348,-8.4019703090467797],[118.01004572666793,-8.4024202635296863],[118.01091605307607,-8.4026209775673326],[118.01169444536434,-8.4031144363978552],[118.01244424661392,-8.4037888915447727],[118.01329486505877,-8.4040412103990025],[118.01419473076331,-8.4043324895049949],[118.01468870018432,-8.4046129010851853],[118.01573783622558,-8.404737001132716],[118.01720547296942,-8.4050062494045275],[118.01812349960699,-8.4051691910259141],[118.01902571372234,-8.4055269699384514],[118.01998176724639,-8.4056543199050537],[118.02097513056302,-8.4059372991239005],[118.0214492367992,-8.40596203418594],[118.02258318343971,-8.4057107687927033],[118.02324840516674,-8.4056374838328516],[118.0243823725326,-8.4059099954989041],[118.02551783189033,-8.4062178979401896],[118.02645194444408,-8.4065316490179036],[118.02744915346285,-8.406756230341939],[118.02832233842798,-8.4071501314179162],[118.02885555518766,-8.4073926072669227],[118.03012717698782,-8.4078258233451635],[118.03051311020441,-8.4079558416748377],[118.03146766466136,-8.4078053803921122],[118.03271019787846,-8.4079705105875853],[118.03387099628671,-8.4076403785844054],[118.03428416598341,-8.4075736797941119],[118.03496307599079,-8.4074640817387642],[118.03582717403779,-8.4071939262881799],[118.03652085994621,-8.4071111563379262],[118.03720732227669,-8.407622528011931],[118.03811424949673,-8.4077847984363814],[118.03885961945923,-8.4076912260341512],[118.04021518775134,-8.4078477033627337],[118.04085155945297,-8.4079304917060735],[118.04302018607295,-8.4076229078816436],[118.04369423801634,-8.4077050210424726],[118.04454059064972,-8.4077941631110669],[118.04525075817409,-8.4079761319695283],[118.04594511146405,-8.4086348184261084],[118.04695726526252,-8.4084370218996582],[118.04728589191332,-8.4078661002627157],[118.04801380826804,-8.407558269823026],[118.04895253424635,-8.406984564091216],[118.05038453441585,-8.406634679163508],[118.05145040241099,-8.4065655318581722],[118.05239317564902,-8.4064782342238509],[118.05321113489097,-8.4062109149966862],[118.05424397715157,-8.4062227011375708],[118.05550381972262,-8.4061330083488617],[118.05628321327535,-8.4058797954901827],[118.05708177570128,-8.405390294298364],[118.05817282166481,-8.4052842449468912],[118.05955342793897,-8.4048485767781944],[118.06071931408721,-8.4046809736206587],[118.06145693789065,-8.4045934562974054],[118.06284882232686,-8.40440998140798],[118.0636385486382,-8.4040424025724185],[118.06443473497283,-8.4044290653311702],[118.06544175322244,-8.4044188796657462],[118.06648987577488,-8.4048899125275938],[118.06801951996775,-8.4046088328801272],[118.0690686203971,-8.4050416084020405],[118.07007782404702,-8.4049672485696991],[118.07098062753948,-8.4053021377089738],[118.07190411537337,-8.4057379608848848],[118.07256485285886,-8.406111714546725],[118.07341171735514,-8.4064087115571624],[118.07427121154676,-8.4068554209060871],[118.07512746903737,-8.4072573781142541],[118.07569709140895,-8.4079106040582641],[118.0757566108441,-8.4079788579435792],[118.07655421445268,-8.4086588346074898],[118.07660435084762,-8.4087015760313157],[118.07664471905903,-8.4087359894869422],[118.08937074607448,-8.4069873745015489],[118.09864637124375,-8.4121621964699607],[118.10571313521541,-8.416622133398354],[118.11631363433816,-8.4210550689383243],[118.12607894245897,-8.4193846868735847],[118.13076885982908,-8.4172003426936453],[118.13687421958188,-8.4190823905634229],[118.13663722629697,-8.4186827969125968],[118.13653997361561,-8.4176549958444689],[118.135900548498,-8.4170979013975948],[118.13644633732056,-8.416174274417731],[118.13691221576313,-8.4159561445680371],[118.13691517520937,-8.4159257909393634],[118.13691523428162,-8.4159251812263722],[118.1304800381569,-8.4050959392000344],[118.1304788939494,-8.4050972348277853],[118.13038390234821,-8.4052048931726553],[118.13033167147205,-8.4053379960734205],[118.13013310373266,-8.4058440246329447],[118.12977931790343,-8.4067456089192181],[118.12895815592545,-8.4088382475238301],[118.12817051114223,-8.4108454711221139],[118.12748801610533,-8.4125847321020775],[118.12746457147998,-8.4126849400074271],[118.12616642181611,-8.4159526667313003],[118.11767138432778,-8.4107836248144032],[118.10672780958419,-8.4038028207422055],[118.09594102887354,-8.3969769552847691],[118.08341996553861,-8.3962563264462275],[118.07513230300607,-8.3975412356258907],[118.06723011295253,-8.4004322812908399],[118.06054858570442,-8.400560771317469],[118.04943412351479,-8.3963848172269895],[118.03870513362928,-8.3980551996355182],[118.02874708900364,-8.3976697264172611],[118.01859630903441,-8.3952926443250036],[118.00799581044177,-8.391180935835381],[117.99790927385585,-8.3898317816814991],[117.98846519335464,-8.3852061095011496],[117.97831441241735,-8.383985446133865],[117.97825016795284,-8.3782676016787754],[117.97619431351877,-8.3712648466707531],[117.97780044952107,-8.3635553937276317],[117.98011328514096,-8.3570666032864267],[117.98069149421538,-8.3499353585527931],[117.98159093031269,-8.342611376986099],[117.9823196392294,-8.3400328680130666],[117.98516107355701,-8.3373637128701024],[117.98989402562518,-8.3346540281937216],[117.99346049449143,-8.3324461571336759],[117.99701933537852,-8.32881886605505],[118.00031126134643,-8.3237363242819065],[118.00251188508268,-8.3199500334862933],[118.00500032748076,-8.321876792976294],[118.00902220857914,-8.3214437081826311],[118.01222337693289,-8.3182691955456285],[118.01524352059678,-8.3156222388069416],[118.01834967953113,-8.3150291818317719],[118.0221619450559,-8.3167134263843234],[118.02389542596725,-8.3200937126006007],[118.02391534548177,-8.3236375351326153],[118.02475058931824,-8.3262210880465943],[118.02582934148309,-8.3290585241928561],[118.02538564243854,-8.3331589389284186],[118.0269728343915,-8.3377324935991144],[118.0293664148699,-8.3414344278958588],[118.03457033854808,-8.342851606322057],[118.03917977553655,-8.3416768456321932],[118.04330004017855,-8.3394398773887382],[118.04708607803167,-8.3379383260154132],[118.05097581367606,-8.3380088830098238],[118.05499461776658,-8.3369484213023028],[118.05894451222039,-8.3351110495170619],[118.06177930601014,-8.3331854495548701],[118.06496981523834,-8.332905545463591],[118.06858875662395,-8.3267256627605519],[118.06807468467254,-8.3209441807611579],[118.0659692674006,-8.3130168325465768],[118.06252917894035,-8.3077176078958033],[118.05926253477222,-8.3048845701125948],[118.0567533205697,-8.3022843861030484],[118.05177079104384,-8.2998424170403968],[118.04855870341545,-8.297460910938474],[118.04452019475994,-8.2933193318886111],[118.04194625191124,-8.2887494424456225],[118.03868887762164,-8.2867874386014346],[118.03865158239063,-8.2826547707480813],[118.03592019487486,-8.2765543831747763],[118.03508688697084,-8.2743481890090091],[118.03786718156132,-8.2737717713556211],[118.04143007611069,-8.2739630996969904],[118.04412583661303,-8.2782167355248255],[118.04877614589701,-8.2819285105599612],[118.05265429517854,-8.2837101703270584],[118.05782613547882,-8.2822392261290769],[118.06255867572342,-8.2813066830322555],[118.07113835152144,-8.2832634633594253],[118.07800169475541,-8.2820773315026237],[118.08285827848952,-8.27993871258521],[118.08670782589626,-8.2792176575471181],[118.08949075752739,-8.2769450882854319],[118.09390538604271,-8.275817469805034],[118.09834241523973,-8.2774193892184034],[118.10125940895071,-8.2809950337375007],[118.10433277554802,-8.2849933703207199],[118.10895246417422,-8.2885704766137511],[118.11452811323751,-8.2903246207579482],[118.11823120335089,-8.2915253972255432],[118.12227945131477,-8.2926384381899663],[118.12448868783237,-8.2939360490817151],[118.13019744088442,-8.2952444317402172],[118.13335511757479,-8.2947651078270734],[118.13631265825221,-8.2959183983215752],[118.1390715558679,-8.2954742443626586],[118.14270571716179,-8.2958750218971318],[118.14727135404011,-8.2951592991274463],[118.1517417916405,-8.2971856343555874],[118.15771838622224,-8.2986380030298417],[118.16115311120993,-8.2991779714085236],[118.16373618849778,-8.3046724807815],[118.16397713492564,-8.3050154484941245],[118.16426390541149,-8.3056033278447092],[118.16459286859471,-8.3062777004728368],[118.16500587254117,-8.3071243598798112],[118.16522344440992,-8.3075703808019146],[118.16555790363125,-8.3087606532565594],[118.16589222770236,-8.3099504398432433],[118.16626488585617,-8.3112766475126865],[118.16651816345369,-8.3121780093609416],[118.17033440146589,-8.3112541565097953],[118.17810383189162,-8.3093732963141367],[118.18330731077782,-8.3081136140947862],[118.18425873408893,-8.3078832885404754],[118.18408278864167,-8.3076419050405157],[118.18367094656499,-8.3069293039965544],[118.18352534610808,-8.3060756706928061],[118.18304255031288,-8.3053589865028865],[118.18239397247748,-8.304732754573477],[118.18158287646305,-8.3040383746388198],[118.18157967190834,-8.3040361124038906],[118.18082424855226,-8.3035027768410732],[118.17952427886971,-8.3031744226112725],[118.17926049131634,-8.3023541035797894],[118.17897822750548,-8.3014050276550559],[118.17895613309096,-8.3013534017933956],[118.17860329437198,-8.3005289285611656],[118.17844721042906,-8.2996037189144225],[118.17793906720007,-8.298775082661459],[118.17775937547458,-8.2978630625611807],[118.17758644902634,-8.2970449687428935],[118.17735494086364,-8.2959684719150566],[118.17717597524033,-8.2949966238290536],[118.17666395055315,-8.2939238681477914],[118.17644549441756,-8.2931944242783668],[118.17652654375745,-8.2921648796842486],[118.17613074865264,-8.2914014201688495],[118.17606343744225,-8.2899759768733468],[118.17594143114188,-8.2893539650478303],[118.17555469127745,-8.288601079426611],[118.17527778246162,-8.2877342089501678],[118.17476643342361,-8.2869311698016102],[118.17421385724469,-8.2862112892712894],[118.17361762559254,-8.2854880542701874],[118.17316244315053,-8.2844847745436621],[118.17256074483461,-8.2838583162561257],[118.17168883847982,-8.282986283208027],[118.17127466183499,-8.2824114752359339],[118.17075816291523,-8.2814613585831491],[118.17004042134872,-8.2807897542536875],[118.16934066716649,-8.2798223378506712],[118.16866580852025,-8.2788408428303786],[118.16819384303689,-8.2780064486864564],[118.16775889320378,-8.2771938473147308],[118.16728790890446,-8.2763841485737437],[118.16687392744501,-8.2757728053823545],[118.16646308645842,-8.2749690873079924],[118.16607950785038,-8.2740509775915108],[118.16539270490051,-8.2733947008253352],[118.16472979500364,-8.2726904777593777],[118.16374265346347,-8.272047040844404],[118.16300287049508,-8.271562966487279],[118.16228025943208,-8.2709268957109607],[118.16171856623114,-8.2701618664340319],[118.1617067639569,-8.2702084094529376],[118.16186714141706,-8.2704019665676753],[118.16163386533951,-8.2704958870564056],[118.16013049978339,-8.2711011626622177],[118.15878827969826,-8.271641559063017],[118.15712828707727,-8.2723098958914534],[118.15570721697273,-8.2728820383728738],[118.15430378735809,-8.2732400366041574],[118.1521791296409,-8.2737820108403302],[118.15033373243999,-8.2742527495021694],[118.1483350259773,-8.2747625951919499],[118.14607244278804,-8.2753397527290105],[118.14492615441745,-8.2756321574837468],[118.1453220864158,-8.2760846505165446],[118.14541990793153,-8.2762925214019347],[118.14574054359562,-8.2769738730838913],[118.14634967195481,-8.2782387188988018],[118.14702613496216,-8.2797028652661062],[118.14773392203814,-8.2812348096668007],[118.14843714536789,-8.2820895548002671],[118.15227450179131,-8.2867537456298273],[118.14913295793511,-8.2859782455173914],[118.14574428788558,-8.285523104565705],[118.14308968927246,-8.2860557471435623],[118.14039568823137,-8.2856312526573532],[118.13757822354273,-8.2856415372344348],[118.13473385686747,-8.2851232379758439],[118.13120082958717,-8.2855435827370769],[118.12843746731153,-8.2849722158921679],[118.12624555654493,-8.2842485363613321],[118.12365352957403,-8.2828595045867264],[118.11892822496405,-8.2818695687866448],[118.11532751537408,-8.2801008329795955],[118.11254876449227,-8.2789687658612703],[118.10930387768441,-8.2759441389158823],[118.10598276545119,-8.2716082553954404],[118.10182957418262,-8.2681101857443444],[118.09779613705621,-8.2670548138732354],[118.09290732713903,-8.2660589287944859],[118.08775543795949,-8.2669659786106848],[118.08359115100112,-8.2683644440076147],[118.08107985437215,-8.2708005771139437],[118.0777468093614,-8.2716210688541913],[118.07427734298138,-8.2725228784154918],[118.07214527300023,-8.2734872115512754],[118.06794805609657,-8.2718717304304654],[118.06427908552682,-8.2721119565546744],[118.06045195428152,-8.272005996407982],[118.05739826421208,-8.2719365818094612],[118.05487518965373,-8.2731188424303514],[118.05214233277427,-8.2725439429509802],[118.05113331490818,-8.2688688548645697],[118.04943952190715,-8.2659987117031317],[118.04523280661097,-8.2649395546917326],[118.03835801376468,-8.2645489110354067],[118.0352401439263,-8.2641455206870198],[118.03699167063898,-8.2600520642450217],[118.03673615368957,-8.249241086586153],[118.03587012508918,-8.2409858972793089],[118.03175679049555,-8.2270005599914526],[118.02928879059088,-8.2231614484887086],[118.02298167775116,-8.2167172248801492],[118.01859412076159,-8.2123296680286444],[118.011190119625,-8.2105472230236849],[118.00022122645801,-8.2097245558807987],[117.98891359089102,-8.2070534896234371],[117.98869094249157,-8.2008469735258132],[117.9883970604139,-8.1949259139005193],[117.98867827288136,-8.1907876969358089],[117.99199455891645,-8.1887465507107375],[117.99370723833916,-8.1694302487438133],[117.99359901336932,-8.161096892442318],[117.99619642241016,-8.1518977345077843],[117.99944318476746,-8.1430232523710551],[118.00550380580148,-8.1371790822498937],[118.00853411728343,-8.130144431108894],[118.01037394849396,-8.1227851053591902],[118.01978955735731,-8.1233262324414053],[118.03310128062591,-8.1266812196146851],[118.04013593044446,-8.1338240950254264],[118.04414027046499,-8.1435643799698987],[118.04576282119947,-8.1702668759786246],[118.05557809920364,-8.1815693155555191],[118.06310598858181,-8.181800942669156],[118.06524465849874,-8.1818667478121885],[118.07981885776425,-8.1766616767199842],[118.09032982959859,-8.1734845038028059],[118.09262747670651,-8.1693780700642797],[118.09538893962757,-8.1644426892375233],[118.09873596323533,-8.1635277851158943],[118.10182887172124,-8.1626823434542306],[118.10419855391305,-8.1615574237295476],[118.10583008339982,-8.1607829077806855],[118.11336492809311,-8.1707934870001626],[118.11982336667624,-8.1828492403502935],[118.12794632419806,-8.1921906191195841],[118.13096586022674,-8.1983581822156459],[118.13445542059509,-8.2072393980437521],[118.14179597274398,-8.2085567661008465],[118.14187476783988,-8.2085709077577462],[118.14248649181422,-8.2074858928287266],[118.14269889611437,-8.2071161598044977],[118.14416343334477,-8.2045668162194598],[118.14414449103518,-8.2045456353491222],[118.14339286239273,-8.2037051561100895],[118.14286386895924,-8.2029024705088265],[118.1424839733794,-8.2024379041988542],[118.14199565347687,-8.2020499465696872],[118.14140002738164,-8.2013204480873387],[118.14128314314578,-8.2010887186932724],[118.14104604765627,-8.2006186618071926],[118.1403444738292,-8.1994674794419637],[118.14001276979209,-8.198949596419201],[118.13960086652757,-8.19840189727182],[118.1388370767138,-8.1979750734962256],[118.1386446920082,-8.1969592367796054],[118.13841372810124,-8.1959360647768005],[118.13797079458654,-8.1951771427522715],[118.13755305091851,-8.1943795502491721],[118.13730751577691,-8.1935422841898156],[118.13685682663865,-8.1925016340226211],[118.13654063344778,-8.1917008415102259],[118.13626934606245,-8.1911116996539661],[118.13586162026142,-8.1902651664976975],[118.13588756544723,-8.1894785944328117],[118.13556383898747,-8.1885894289025316],[118.13533883045396,-8.1879680684400054],[118.13502829073131,-8.1870903135021109],[118.1348176700145,-8.1866965334766419],[118.13470332227899,-8.1864316294361625],[118.13441521665023,-8.1858493877732421],[118.13398602024806,-8.1852099241726677],[118.13352764086058,-8.1847167161537584],[118.13320573221908,-8.1840823584019518],[118.13274461383773,-8.1830463862154623],[118.13233589218315,-8.1829243198299171],[118.13181221380393,-8.1826451764360844],[118.13139763846725,-8.1826515930621841],[118.13031922941572,-8.1826346531636318],[118.12994244418566,-8.1826287335680075],[118.12951389692641,-8.1826926424475381],[118.12905496828537,-8.1823854502551399],[118.12882106528231,-8.1822849401912681],[118.12847083469063,-8.1819458273271515],[118.12788464964258,-8.1816516330987685],[118.12727026770366,-8.1810481830188806],[118.12712013541454,-8.1806503136166615],[118.12679049249829,-8.1802305613394637],[118.12659047441747,-8.1799582318451396],[118.12593600146185,-8.1793732859048749],[118.12530393086534,-8.1787394271335199],[118.12529896096137,-8.1787344424683273],[118.12506421002709,-8.1780553194721257],[118.12490430025106,-8.1773126099613087],[118.12463302758579,-8.1755069666156235],[118.12459743701082,-8.174676962928471],[118.1249364738028,-8.1737808561975349],[118.1251535821588,-8.1728722635603113],[118.12517799867368,-8.1718873265749927],[118.12519717342198,-8.1710467973455803],[118.12479024562937,-8.1703254392091882],[118.12433700764407,-8.1698562407570545],[118.12359219141207,-8.1697129307991379],[118.12262240894965,-8.1694423733364818],[118.12162882010573,-8.1688043119935578],[118.12151973829519,-8.1683687834027427],[118.12153765078469,-8.1678924109811284],[118.12154346470571,-8.1677377774420936],[118.12152860885948,-8.1675685972459391],[118.12144293130812,-8.1665928026589096],[118.12139695937555,-8.1658937261841746],[118.12138454944093,-8.1647702764093921],[118.12105955598642,-8.1638587005050169],[118.1203491478343,-8.1632425676185534],[118.11972391486491,-8.1629258363873838],[118.11899288042045,-8.1624756754790582],[118.1182591570724,-8.1620407873181229],[118.11756477104392,-8.1613738765640278],[118.11748069872755,-8.1612931310781871],[118.11679159322354,-8.1606079264972937],[118.11652905106075,-8.1600913896961611],[118.11640936782851,-8.159855919940032],[118.11543946799631,-8.1589568860820538],[118.11444844898053,-8.1581744461887151],[118.11365473682589,-8.1572585257810815],[118.11321422677362,-8.1565407422883052],[118.11271111947106,-8.1553071066847167],[118.11239707145425,-8.1542336783006721],[118.11193848441582,-8.1537180991556113],[118.11121529888855,-8.1533538156257208],[118.11078548373295,-8.1530317846637868],[118.10939507283221,-8.1509293609439055],[118.10840228194672,-8.1499342033861275],[118.10721340808863,-8.1489000581727744],[118.10688171245154,-8.1481180638699975],[118.10652648204785,-8.1472921258725552],[118.10599060539683,-8.1465406857311589],[118.10548986490109,-8.1461162111193008],[118.10476747476359,-8.1453002967789114],[118.10521728579594,-8.1445492179889474],[118.10426077789299,-8.1425725985929098],[118.10378101682991,-8.1418327583688423],[118.10314012071126,-8.141533086316981],[118.10255229250436,-8.1413172440838277],[118.10216632991929,-8.1411755227870355],[118.10123096000092,-8.1411265371971631],[118.09987400441644,-8.1413820705820736],[118.09860642179629,-8.1413695312872729],[118.09960698594742,-8.1434681664905497],[118.10046068203616,-8.145258740978468],[118.10171777322689,-8.1467750262611993],[118.10522305619088,-8.1510030492753938],[118.1062308739083,-8.1522186644200794],[118.10599292887022,-8.1562042606846408],[118.10420833290112,-8.1556926765071101],[118.07520865111846,-8.1723489034958696],[118.06509594230518,-8.1753232303547385],[118.05647039620236,-8.1708617407314303],[118.05200890681517,-8.1594105851653627],[118.04935591611175,-8.1405648320811537],[118.0453909236906,-8.1326993340119689],[118.03479042531313,-8.1240261987738069],[118.02560332652222,-8.1220345899888144],[118.02663625486862,-8.1180859830281449],[118.0266362673196,-8.1180858826072537],[118.02662492833718,-8.1180609422538126],[118.02552453199853,-8.1176980255488012],[118.02464808676025,-8.117326702646702],[118.0229906678328,-8.1164955465494391],[118.0218277872263,-8.1158182596221415],[118.02064473141208,-8.1156066548509678],[118.01961602755694,-8.1156159063448161],[118.0185855184143,-8.1155315621456765],[118.01776710410957,-8.1154634711714664],[118.0163434821859,-8.1153034535755442],[118.01506600975519,-8.1150826445859661],[118.01414854291801,-8.1148084239741305],[118.01328451903319,-8.1145211350685962],[118.01258582554409,-8.1144285333367154],[118.01201421286871,-8.1143194798810736],[118.01103318268918,-8.1143242677542808],[118.01043712849241,-8.1143422976898485],[118.00976626670078,-8.1142958275930503]],[[117.96345305043769,-8.2246621937965596],[117.97071988671384,-8.2189888543634222],[117.97778697539492,-8.2148323333718434],[117.98650264198302,-8.2116857945416104],[117.99725276135989,-8.2143784746989432],[118.00625179347261,-8.2154342798768347],[118.01505133233154,-8.2195247448583757],[118.02118516517474,-8.2268482684254494],[118.02545493534596,-8.2353045958793363],[118.02838855304711,-8.2446071455789234],[118.02705512872839,-8.2536464231560451],[118.02418895905879,-8.2623434030996101],[118.01945500391471,-8.2701289279197248],[118.01211934103011,-8.2757378637877785],[118.00307057347234,-8.2776810560286282],[117.9937367172989,-8.2774167365141444],[117.98440214305903,-8.2761624189993093],[117.97593325749102,-8.2722684246287574],[117.96793560554111,-8.2669751982880815],[117.96046930983911,-8.2620919600293075],[117.95791613224351,-8.2536141826063929],[117.95678411141149,-8.2445094804498886],[117.95505136078242,-8.2404846333836215],[117.96105210293585,-8.2334365523360002],[117.96345305043769,-8.2246621937965596]],[[118.02294591996547,-8.2767170820484566],[118.02573841090306,-8.273876790393448],[118.02579800088039,-8.2738245799918424],[118.02551236500321,-8.2741200354900943],[118.0256790750948,-8.276186522870109],[118.02692942497967,-8.2797540826266758],[118.027959117829,-8.2836355209287476],[118.02820096433445,-8.287410296933011],[118.02917805302594,-8.2901679054398816],[118.0315134251574,-8.2928864236777944],[118.03398816799846,-8.2951536928418221],[118.03633373440067,-8.2986224307176748],[118.0386871857301,-8.3008875893960745],[118.04130450415963,-8.3040451626248561],[118.04392380425851,-8.3068283626513981],[118.04741760308487,-8.3085708063996702],[118.05098490167001,-8.3097425762479862],[118.05313841666978,-8.3119331955880948],[118.05597599813635,-8.3140669116739172],[118.05731323848666,-8.3163970691227576],[118.05857557031953,-8.3205496150851666],[118.05716021677561,-8.3234414917914616],[118.05427725846749,-8.3243203139459272],[118.05247497320046,-8.3272784153505501],[118.04892374931448,-8.3284619386225902],[118.04530404767191,-8.3273510763295988],[118.04212270155215,-8.3279892891766281],[118.03970886264284,-8.3302282523441704],[118.0365951195424,-8.3320139077117137],[118.03491140695928,-8.3321529035384287],[118.03492669626772,-8.3274663526175488],[118.033978944417,-8.3228677417511552],[118.03306592489074,-8.3185035183348965],[118.03133507364792,-8.314274457956218],[118.03043688438545,-8.3114549960315056],[118.02817120551994,-8.3086012953263815],[118.02494096930633,-8.305763454795791],[118.02293510858593,-8.3048499000396685],[118.02190679301494,-8.2996560486676749],[118.01786475179762,-8.2972052227746733],[118.0134051392221,-8.2989062327853507],[118.01186540078923,-8.3019073713276867],[118.01043883686484,-8.3054939604063556],[118.0082525341566,-8.306930486358814],[118.00658303059906,-8.3075763037205874],[118.00352880126232,-8.306247841729574],[118.00049916388765,-8.3071077540896141],[117.99858950676628,-8.3098882265664145],[117.9961645305018,-8.3128878003572328],[117.99406325177,-8.3156712621216258],[117.99171691451636,-8.3194982237186696],[117.99126643095097,-8.321564776795503],[117.98840094821864,-8.324622651594261],[117.98750151163512,-8.3139579087590576],[117.98499593921868,-8.3045780726142713],[117.98409650337868,-8.2973825828149188],[117.98563839417965,-8.2883882194807903],[117.98525292123351,-8.2849189663476608],[117.99060820549185,-8.2887798704127853],[118.00414105704253,-8.2883134145024329],[118.0170955186901,-8.2837166703509357],[118.02294591996547,-8.2767170820484566]]]},"properties":{"FID":16,"Kode_Zona":"ZP","Zonasi":"Zona Pemanfaatan","Luas_Ha":15805.0444063,"Luas_SK":14390.750291,"Lokasi":" "}},{"type":"Feature","id":17,"geometry":{"type":"Polygon","coordinates":[[[118.14179597274398,-8.2085567661008465],[118.13445542059509,-8.2072393980437521],[118.13096586022674,-8.1983581822156459],[118.12794632419806,-8.1921906191195841],[118.11982336667624,-8.1828492403502935],[118.11336492809311,-8.1707934870001626],[118.10583008339982,-8.1607829077806855],[118.10419855391305,-8.1615574237295476],[118.10182887172124,-8.1626823434542306],[118.09873596323533,-8.1635277851158943],[118.09538893962757,-8.1644426892375233],[118.09262747670651,-8.1693780700642797],[118.09032982959859,-8.1734845038028059],[118.07981885776425,-8.1766616767199842],[118.06524465849874,-8.1818667478121885],[118.06310598858181,-8.181800942669156],[118.05557809920364,-8.1815693155555191],[118.04576282119947,-8.1702668759786246],[118.04414027046499,-8.1435643799698987],[118.04013593044446,-8.1338240950254264],[118.03310128062591,-8.1266812196146851],[118.01978955735731,-8.1233262324414053],[118.01037394849396,-8.1227851053591902],[118.00853411728343,-8.130144431108894],[118.00550380580148,-8.1371790822498937],[117.99944318476746,-8.1430232523710551],[117.99619642241016,-8.1518977345077843],[117.99359901336932,-8.161096892442318],[117.99370723833916,-8.1694302487438133],[117.99199455891645,-8.1887465507107375],[117.98867827288136,-8.1907876969358089],[117.9883970604139,-8.1949259139005193],[117.98869094249157,-8.2008469735258132],[117.98891359089102,-8.2070534896234371],[118.00022122645801,-8.2097245558807987],[118.011190119625,-8.2105472230236849],[118.01859412076159,-8.2123296680286444],[118.02298167775116,-8.2167172248801492],[118.02928879059088,-8.2231614484887086],[118.03175679049555,-8.2270005599914526],[118.03587012508918,-8.2409858972793089],[118.03673615368957,-8.249241086586153],[118.03699167063898,-8.2600520642450217],[118.0352401439263,-8.2641455206870198],[118.03835801376468,-8.2645489110354067],[118.04523280661097,-8.2649395546917326],[118.04943952190715,-8.2659987117031317],[118.05113331490818,-8.2688688548645697],[118.05214233277427,-8.2725439429509802],[118.05487518965373,-8.2731188424303514],[118.05739826421208,-8.2719365818094612],[118.06045195428152,-8.272005996407982],[118.06427908552682,-8.2721119565546744],[118.06794805609657,-8.2718717304304654],[118.07214527300023,-8.2734872115512754],[118.07427734298138,-8.2725228784154918],[118.0777468093614,-8.2716210688541913],[118.08107985437215,-8.2708005771139437],[118.08359115100112,-8.2683644440076147],[118.08775543795949,-8.2669659786106848],[118.09290732713903,-8.2660589287944859],[118.09779613705621,-8.2670548138732354],[118.10182957418262,-8.2681101857443444],[118.10598276545119,-8.2716082553954404],[118.10930387768441,-8.2759441389158823],[118.11254876449227,-8.2789687658612703],[118.11532751537408,-8.2801008329795955],[118.11892822496405,-8.2818695687866448],[118.12365352957403,-8.2828595045867264],[118.12624555654493,-8.2842485363613321],[118.12843746731153,-8.2849722158921679],[118.13120082958717,-8.2855435827370769],[118.13473385686747,-8.2851232379758439],[118.13757822354273,-8.2856415372344348],[118.14039568823137,-8.2856312526573532],[118.14308968927246,-8.2860557471435623],[118.14574428788558,-8.285523104565705],[118.14913295793511,-8.2859782455173914],[118.15227450179131,-8.2867537456298273],[118.14843714536789,-8.2820895548002671],[118.14773392203814,-8.2812348096668007],[118.14702613496216,-8.2797028652661062],[118.14634967195481,-8.2782387188988018],[118.14574054359562,-8.2769738730838913],[118.14541990793153,-8.2762925214019347],[118.1453220864158,-8.2760846505165446],[118.14492615441745,-8.2756321574837468],[118.14116359320046,-8.2713320872512472],[118.13776027611337,-8.270132452606207],[118.1377475898787,-8.2701278845524957],[118.12051964667511,-8.2640547248735192],[118.12044643857102,-8.2638980982963535],[118.11438705211947,-8.2509338414465034],[118.11413339015326,-8.2503911062087099],[118.11407204716994,-8.250247565454119],[118.1127598756095,-8.2471770814827732],[118.11310123159016,-8.2383680039506526],[118.11310562624736,-8.2382546051121235],[118.11505050917901,-8.2357840800703759],[118.11548270785184,-8.2352350686825417],[118.1155437215961,-8.2351302859610414],[118.11843799836383,-8.2301596786277571],[118.11868645195807,-8.2298518136602219],[118.12076182286263,-8.2272801615375535],[118.12139328835885,-8.2264976882511096],[118.12192119515981,-8.2261262021923169],[118.12659717003946,-8.2228356971276089],[118.13225076967105,-8.2199446525727904],[118.13655841420632,-8.2172087184771936],[118.13700493287018,-8.2169251167436848],[118.14179597274398,-8.2085567661008465]],[[118.09432750015392,-8.2248849556887027],[118.08480635640724,-8.2272145967566761],[118.07427232632962,-8.2248849558003574],[118.06586535949671,-8.2238720675714969],[118.05735710342316,-8.2203269613245151],[118.0520900881595,-8.2166805657419335],[118.0474308048817,-8.208374887777584],[118.05583777178191,-8.2044246258571736],[118.06049705446053,-8.1976382792954112],[118.06920788838048,-8.1910545100448982],[118.07781743306857,-8.1869016708061082],[118.0828818702708,-8.1821410993643333],[118.08855404151647,-8.1791024368846248],[118.09483394387327,-8.182748831561657],[118.10597570753153,-8.1857874946141518],[118.11093885624926,-8.194093172903127],[118.1126607654919,-8.2031078725788475],[118.11691489295252,-8.2102993743388897],[118.10982468061152,-8.2139457696577374],[118.10283575555083,-8.2202256728743386],[118.09432750015392,-8.2248849556887027]],[[118.03921972550226,-8.1446555807362415],[118.0397678195074,-8.1602223825383557],[118.03767571732179,-8.1707202203097662],[118.03997312545742,-8.1817367871026363],[118.03945832797254,-8.1903083796311051],[118.0378899011328,-8.1987065019109124],[118.02365517429212,-8.188230805504892],[118.01890390123579,-8.1798411262333683],[118.01854022303529,-8.170396104185274],[118.02484969950414,-8.162691394406373],[118.01429911329218,-8.1492367290716707],[118.01326057445988,-8.1604327752470631],[118.00678784391354,-8.1654351284391122],[117.99958361670629,-8.1726946120939079],[117.99483947661025,-8.1693771963627242],[117.99513277950265,-8.160363121747606],[117.9974959293119,-8.1527656399424568],[118.00122301054022,-8.1435185493402074],[118.00826157960729,-8.1375628977307439],[118.0118494549186,-8.132113150652561],[118.01303845261083,-8.1249248844329838],[118.02181710083681,-8.1264876352402986],[118.02971885373211,-8.1285761191871728],[118.03657418306156,-8.1355635304433829],[118.03921972550226,-8.1446555807362415]]]},"properties":{"FID":17,"Kode_Zona":"ZRi","Zonasi":"Zona Rimba","Luas_Ha":10980.600680199999,"Luas_SK":9998.0157202600003,"Lokasi":" "}},{"type":"Feature","id":18,"geometry":{"type":"Polygon","coordinates":[[[117.99725276135989,-8.2143784746989432],[117.98650264198302,-8.2116857945416104],[117.97778697539492,-8.2148323333718434],[117.97071988671384,-8.2189888543634222],[117.96345305043769,-8.2246621937965596],[117.96105210293585,-8.2334365523360002],[117.95505136078242,-8.2404846333836215],[117.95678411141149,-8.2445094804498886],[117.95791613224351,-8.2536141826063929],[117.96046930983911,-8.2620919600293075],[117.96793560554111,-8.2669751982880815],[117.97593325749102,-8.2722684246287574],[117.98440214305903,-8.2761624189993093],[117.9937367172989,-8.2774167365141444],[118.00307057347234,-8.2776810560286282],[118.01211934103011,-8.2757378637877785],[118.01945500391471,-8.2701289279197248],[118.02418895905879,-8.2623434030996101],[118.02705512872839,-8.2536464231560451],[118.02838855304711,-8.2446071455789234],[118.02545493534596,-8.2353045958793363],[118.02118516517474,-8.2268482684254494],[118.01505133233154,-8.2195247448583757],[118.00625179347261,-8.2154342798768347],[117.99725276135989,-8.2143784746989432]],[[117.99633209077528,-8.216428652563545],[117.99839777857875,-8.218163314906036],[118.0011970765469,-8.2179068956711827],[118.00359475980953,-8.2178818899702133],[118.00711014770377,-8.2187272785837617],[118.01063534439537,-8.2204864618522784],[118.01556672147154,-8.2230850051199678],[118.01821202509812,-8.227833512906189],[118.01786882015676,-8.2293028606900229],[118.01942993157634,-8.2308986637430586],[118.02164087102396,-8.2333769016595539],[118.02250886586495,-8.2358510635380835],[118.0242514107194,-8.2386386329168246],[118.02531834927834,-8.2430470873237702],[118.02558685324685,-8.2459518859309746],[118.02503182257361,-8.2502369193426741],[118.02439760405888,-8.2527600095024241],[118.02314947975296,-8.2556731759081465],[118.02256328727469,-8.2589882082870076],[118.02056554394186,-8.2617071052100801],[118.02044465102951,-8.261838533243214],[118.01877238142205,-8.2652263190587441],[118.01692624315145,-8.2685896644934118],[118.0138708803629,-8.2711397947499332],[118.01161376377978,-8.2718728974430622],[118.0066979402344,-8.2740045643646951],[118.00350311816783,-8.2751218662363897],[118.0017432876582,-8.2751161379140097],[117.99964814370972,-8.275109311691569],[117.99790591264065,-8.2751036300454004],[117.99421733537241,-8.2745361596370763],[117.99295663395826,-8.2743422018900272],[117.99105393122008,-8.2737567594735104],[117.98800735531665,-8.2728193468704969],[117.98699957662083,-8.2720767778545454],[117.98439057447038,-8.2701543509367248],[117.97753772668023,-8.2672989978189584],[117.96859095334341,-8.2633015029306947],[117.96778338635733,-8.2625774849866289],[117.96402248780944,-8.2592056476467111],[117.96307060357694,-8.2583522246750878],[117.96185030267128,-8.2548656675846654],[117.96091399380623,-8.2521904965633812],[117.96040560736837,-8.250737949090194],[117.96022141551455,-8.2497728407226543],[117.95965133509448,-8.2467857907703888],[117.95929818053199,-8.2449353498428621],[117.9587473277973,-8.2425896260491296],[117.95852217363442,-8.2412276986723256],[117.96089752083647,-8.2377739123057978],[117.96402807589463,-8.2364201859575061],[117.96517375833702,-8.2300173363712013],[117.96566118001016,-8.227547141178837],[117.96644899016223,-8.2257734989363627],[117.96812562224622,-8.2249090749398164],[117.97067999750703,-8.2224529065783489],[117.97386222151734,-8.2193928956200555],[117.97708355124665,-8.2183583348919562],[117.98196215494212,-8.2165960960691127],[117.98476193508704,-8.214800468988317],[117.99070053948373,-8.21537778499121],[117.99633209077528,-8.216428652563545]]]},"properties":{"FID":18,"Kode_Zona":"ZRi","Zonasi":"Zona Rimba","Luas_Ha":786.40035457399995,"Luas_SK":716.03032807,"Lokasi":" "}},{"type":"Feature","id":19,"geometry":{"type":"Polygon","coordinates":[[[117.89540226752032,-8.2579567765902855],[117.90452741760141,-8.2545821970632769],[117.91149823813295,-8.2533575821776637],[117.91703022166649,-8.2509887649651734],[117.92148438416308,-8.2489790632536231],[117.92615571701275,-8.2484011216228055],[117.93082703303813,-8.2478231288351296],[117.93521091100602,-8.2473170063134251],[117.94233100382638,-8.2511038562279477],[117.94563774427559,-8.2514580747629402],[117.94514770943782,-8.2497648286028529],[117.94660095963999,-8.2403994396144729],[117.94734417755299,-8.2371387385267099],[117.94326006387486,-8.2352885147360748],[117.93939131440072,-8.2338660601411924],[117.93509460728718,-8.2339422496847146],[117.93086695110509,-8.2317353411970622],[117.92635123179716,-8.2280304988321333],[117.92119030773382,-8.2236128725239741],[117.92051846567045,-8.2230057271738684],[117.92051022077479,-8.2229982754351081],[117.92050792070467,-8.2230039514947357],[117.91865622151049,-8.2233841495348994],[117.91793585599815,-8.2234199725106052],[117.91690735942291,-8.2237299254382936],[117.91598130859116,-8.2238345729667532],[117.91563918145731,-8.2242454923222965],[117.91505784378046,-8.2250670988058587],[117.91114824976805,-8.2256911926860212],[117.91004995356968,-8.2254886101390383],[117.90871283577832,-8.2258675982770324],[117.90840562711951,-8.2265518615393933],[117.90792711583744,-8.2273390493947538],[117.90772345142106,-8.2282965064779088],[117.90751916217667,-8.2289805386392114],[117.90714318157313,-8.2295966002981906],[117.90683550240919,-8.2300757939210119],[117.90645881774142,-8.2303842508328522],[117.90649491280219,-8.2311702752063187],[117.90653100817244,-8.2319562986263399],[117.90639579859496,-8.2328452454502372],[117.90605489629205,-8.233803012777642],[117.90564428991516,-8.2342824372102932],[117.90526791207138,-8.23472760731687],[117.90489145669052,-8.2351385977810985],[117.90448108034664,-8.2357205575997465],[117.9042777156986,-8.2368147277741031],[117.90414280903867,-8.2378403864138132],[117.90387167848058,-8.2393106733089887],[117.90370145647893,-8.239892091796591],[117.90304998497253,-8.2400644507926071],[117.90288022470307,-8.2408509390177596],[117.90260769469357,-8.2417060148359429],[117.90267739511781,-8.2421843563742172],[117.90233609243347,-8.2429712313648817],[117.90189209246505,-8.2438608712666639],[117.90158447572617,-8.2443742408819158],[117.90059245964386,-8.245675254366347],[117.89994252209267,-8.2465311765663643],[117.89949766432156,-8.2470448530293279],[117.89922736445303,-8.2488911002777794],[117.89922875431424,-8.2495063113638523],[117.89919583666182,-8.250121598500062],[117.89912922679247,-8.2510103896382816],[117.89865028564274,-8.2516266781667742],[117.89810164306527,-8.2517646219799961],[117.89786224859016,-8.2521069434043586],[117.89755423441954,-8.2524494193489275],[117.89708836972409,-8.2532666466638087],[117.89670762988736,-8.2535207351151083],[117.89623320347881,-8.2545030868063698],[117.89591694210119,-8.2551685394498566],[117.89569636438391,-8.2559920499782837],[117.89541216247839,-8.2567840483064039],[117.89541401693936,-8.2576070613717718],[117.89540226752032,-8.2579567765902855]],[[117.91342577809509,-8.2480800807724002],[117.90491752224267,-8.2517264759724132],[117.90603169853537,-8.2427117772270808],[117.91058969242083,-8.2342035212702189],[117.91869279306697,-8.2266068643516466],[117.92649202754011,-8.2326841890612776],[117.93074615593946,-8.2407872902947332],[117.92244047738787,-8.245142706774784],[117.91342577809509,-8.2480800807724002]]]},"properties":{"FID":19,"Kode_Zona":"ZRi","Zonasi":"Zona Rimba","Luas_Ha":741.30387969000003,"Luas_SK":674.96925336599998,"Lokasi":" "}},{"type":"Feature","id":20,"geometry":{"type":"Polygon","coordinates":[[[117.88816226802481,-8.2834291358727743],[117.88818488659858,-8.2834444646141741],[117.90920456288464,-8.2976882750738472],[117.91545154228722,-8.3149429862130404],[117.93517385279627,-8.3208596794106704],[117.93758435708482,-8.3335696126233589],[117.93692694671991,-8.3493474601317939],[117.9325442108934,-8.361619120224157],[117.94233696184736,-8.3686950294469966],[117.95036764243443,-8.3739631559607268],[117.96234681338341,-8.3758630112886205],[117.96797089582097,-8.3769826922346233],[117.96713570448694,-8.3699156929966687],[117.96854910472959,-8.3611140667767145],[117.97150439573254,-8.3528264038360049],[117.97221109534496,-8.3429326052765944],[117.97439544064515,-8.3336170149105797],[117.97863563992109,-8.3244941611346555],[117.97805743146762,-8.3149858349994759],[117.97561610354464,-8.3059272266104216],[117.97484515900805,-8.296097673971186],[117.9768367667626,-8.2865893466076166],[117.97709374933861,-8.282156411451993],[117.97158214452044,-8.2782043000941119],[117.96192275233042,-8.2725418981086598],[117.95292952633365,-8.2660467901328794],[117.9485994538325,-8.2620498011447765],[117.94701199404498,-8.2593980551657005],[117.94199801841079,-8.2587617329202505],[117.93705396689566,-8.2566270692825565],[117.93311542078924,-8.2569882156587653],[117.92874724141687,-8.2574211438830201],[117.92423557705271,-8.2576401540967126],[117.92022757644629,-8.2599988533438875],[117.9158602717999,-8.261287758732438],[117.90855703334296,-8.263007797972417],[117.90168426412635,-8.2655120320617197],[117.89631763814269,-8.2701548972012198],[117.89224160246158,-8.276294587140816],[117.88831839466214,-8.2802568449298732],[117.88860418223034,-8.2816638682273691],[117.88876477706479,-8.2824232196182326],[117.88835258271251,-8.2828356462586026],[117.88816319007412,-8.2834058490666145],[117.88816226802481,-8.2834291358727743]],[[117.94614204667521,-8.3074352930541409],[117.93702605880175,-8.3089546247807107],[117.92851780312742,-8.3036876091123446],[117.92284563238064,-8.2983193046704571],[117.91372964387412,-8.2952806427893275],[117.90734845190124,-8.2896084720471208],[117.8994479296254,-8.2868736754052854],[117.89256029347412,-8.2815053712548021],[117.89843504129776,-8.274313869907262],[117.90643685344313,-8.2680339659280442],[117.91453995380341,-8.2650965926077564],[117.92487140757954,-8.2648940149893591],[117.93034100047629,-8.2715790728551593],[117.93854538974378,-8.2761370668845036],[117.94766137777825,-8.2789731523638377],[117.95414385836165,-8.2859620768371265],[117.95910700804767,-8.2939638879841322],[117.95090261822685,-8.2995347699996049],[117.94614204667521,-8.3074352930541409]]]},"properties":{"FID":20,"Kode_Zona":"ZRi","Zonasi":"Zona Rimba","Luas_Ha":5292.5874161399997,"Luas_SK":4818.9870234399996,"Lokasi":" "}}]}